mass,diameter,density,gravity,escape_velocity,rotation_period,length_of_day,distance_from_sun,perihelion,aphelion,orbital_period,orbital_velocity,orbital_inclination,orbital_eccentricity,obliquity_to_orbit,mean_temperature,surface_pressure,number_of_moons,has_ring_system,has_global_magnetic_field,object_type,host_star,host_star_mass_solar,host_star_radius_solar,host_star_temperature_k,host_star_luminosity_solar
1.145245,7492.6,5199.987,5.44627,6.38801,16.1827,19.7968,329.644093,288.885009,370.403178,1200.338805,19.971313,8.21576,0.123646,17.36946,-85.0589,0.0,1.0,No,No,Terrestrial-like,ML-Host-0009,0.99071,1.095451,6068.883,1.46661493
0.967556,7302.364,4745.555,4.84412,5.94756,51.3329,55.8204,285.749353,116.901628,454.597078,1126.983123,18.438816,5.10824,0.590895,37.30723,-84.0704,0.0,2.0,Yes,No,Terrestrial-like,ML-Host-0013,0.732048,0.757613,5150.855,0.36400478
71.323986,46970.64,1314.491,8.63075,20.13434,11.1761,10.3419,6666.897218,4910.146765,8423.647672,83610.68634,5.798653,6.56303,0.263503,39.70674,-210.1547,0.0,1.0,No,Yes,Neptune-like,ML-Host-0022,1.689142,1.347528,7953.675,6.54699302
778.15358,117361.246,919.375,15.08279,42.07297,25.8757,22.6293,341.631074,246.037115,437.225034,1305.761331,19.026493,7.46189,0.279816,29.80402,-118.5456,0.242277,8.0,Yes,Yes,Gas-giant-like,ML-Host-0024,0.931886,0.849721,5601.828,0.64057053
0.280818,4469.255,6007.866,3.75336,4.09569,1079.71,1288.2012,48.815148,44.618423,53.011873,55.674626,63.76208,2.24784,0.085972,171.29821,440.8313,0.04875046,0.0,No,No,Terrestrial-like,ML-Host-0031,1.495436,1.519544,6806.643,4.46532356
966.14061,120357.296,1058.338,17.80579,46.29316,15.6761,15.628,2079.892433,1709.389115,2450.395751,19964.48183,7.57614,0.05717,0.178136,171.0119,-177.0095,1.18827305,16.0,Yes,Yes,Gas-giant-like,ML-Host-0036,0.899549,1.114616,5588.743,1.09194758
0.083049,3194.542,4865.284,2.17261,2.63448,2219.2614,2392.9907,123.790041,95.137143,152.442938,230.151031,39.114516,7.72976,0.231464,142.92553,241.0805,0.0,0.0,No,No,Terrestrial-like,ML-Host-0039,1.427085,1.577243,7356.667,6.5647193
351.854446,99637.062,679.363,9.46209,30.70463,5.4082,5.8037,2349.571221,1483.045164,3216.097277,39760.61577,4.29735,5.30651,0.368802,22.92039,-249.3235,0.0,6.0,Yes,Yes,Gas-giant-like,ML-Host-0042,0.326948,0.406496,3733.884,0.02893685
6.065738,15144.118,3335.44,7.06092,10.34077,2955.5169,2653.9602,62.511672,57.990478,67.032867,107.310168,42.362874,4.26857,0.072326,157.75644,67.3335,2.11e-05,1.0,No,No,Terrestrial-like,ML-Host-0056,0.845318,0.89738,4792.062,0.3825929
9013.937677,341645.422,431.707,20.61717,83.92712,5.4534,5.5608,3591.741678,2723.075367,4460.407989,46613.96307,5.603434,2.43923,0.241851,37.92107,-205.3834,0.01928194,21.0,Yes,No,Gas-giant-like,ML-Host-0059,0.849771,0.889807,5406.609,0.60951714
2078.588203,130544.285,1784.417,32.56255,65.19858,9.3524,10.5915,3788.448165,3573.220088,4003.676243,43915.73114,6.27345,1.39372,0.056812,9.85631,-194.1359,2.16e-05,12.0,No,No,Gas-giant-like,ML-Host-0066,1.123472,1.10568,5815.322,1.25964708
14.922369,32590.53,823.313,3.75077,11.0562,7.0419,6.8124,5122.338316,3137.808901,7106.867731,68455.15243,5.441609,17.14246,0.387426,141.83566,-187.7948,60.44189125,2.0,No,No,Super-Earth-like,ML-Host-0077,1.142907,1.061005,6623.317,1.9517857
0.68597,7427.657,3197.063,3.31946,4.96546,1434.1436,1395.6899,64.849735,56.137835,73.561634,116.701993,40.410582,3.67459,0.13434,152.831,107.5433,0.75631747,0.0,No,No,Terrestrial-like,ML-Host-0082,0.79797,0.9844,5444.231,0.76698043
295.312806,75627.004,1303.926,13.7846,32.28758,21.8644,23.9565,3532.249992,1825.010854,5239.489131,48312.33722,5.316901,2.23523,0.483329,115.79457,-265.6321,0.01010655,6.0,Yes,Yes,Neptune-like,ML-Host-0083,0.752414,1.045549,5616.654,0.98015414
0.098562,3586.091,4081.76,2.04613,2.7088,953.3291,1062.0198,32.491095,30.311858,34.670331,49.927209,47.325175,1.87661,error,175.76098,154.6541,0.00021243,0.0,Yes,No,Terrestrial-like,ML-Host-0084,0.548324,0.731252,4582.044,0.21235647
3.908098,9805.381,7917.232,10.85181,10.31533,26.3469,24.575,387.110941,347.461456,426.760426,1737.560608,16.201703,4.49074,0.102424,6.67882,-128.5868,0.00030097,1.0,No,No,Terrestrial-like,ML-Host-0089,0.765676,0.725342,5214.366,0.350418
0.635089,7258.707,3171.451,3.21797,4.83304,14.319,14.4286,309.106199,223.89093,394.321468,1070.791587,20.992683,0.3381,0.275683,45.7268,-97.891,0.05609621,1.0,No,No,Terrestrial-like,ML-Host-0090,1.026436,0.956846,5268.22,0.63538109
54.012722,42228.019,1369.92,8.0865,18.47909,invalid,24.5963,852.719533,621.449762,1083.989303,5792.149677,10.706108,9.23117,0.271214,103.41119,-165.8369,0.0,4.0,No,Yes,Super-Earth-like,ML-Host-0095,0.736474,0.817159,4689.841,0.29103214
19.554909,22411.549,3317.734,10.39388,15.26247,9131.6022,8628.269,124.014173,86.381117,161.647229,337.473031,26.723752,0.56135,0.303458,124.23177,-40.8338,3.98307234,1.0,No,No,Super-Earth-like,ML-Host-0096,0.667351,0.727018,4826.367,0.25838437
391.429667,75401.579,1743.869,18.38055,37.22798,18.3526,17.3171,2858.298069,2443.72949,3272.866648,32107.09801,6.473984,2.53715,0.14504,89.02246,-194.8123,0.48139621,2.0,Yes,Yes,Gas-giant-like,ML-Host-0097,0.902691,0.847072,5867.68,0.76630368
2.966513,10445.265,4971.521,7.25894,8.70756,9.5569,11.0332,29.905887,28.246426,31.565347,41.934629,51.861975,15.07357,0.055489,23.88246,106.5116,2.56387199,0.0,No,Yes,Terrestrial-like,ML-Host-0099,0.606098,0.70873,4179.332,0.13806491
943.687154,92747.335,2259.046,29.28808,52.11901,18.5502,24.4311,1703.166043,1569.125163,1837.206924,19373.15368,6.393252,1.30556,0.078701,33.0332,-220.3458,7.76612193,6.0,Yes,No,Gas-giant-like,ML-Host-0108,0.524552,0.587435,4336.164,0.10991006
222.045091,78378.286,880.755,9.64973,27.50145,48.3112,44.5512,9717.23453,9527.959149,9906.509911,164217.3605,4.303173,0.94595,0.019478,81.24496,-218.0633,4.25e-05,3.0,No,Yes,Neptune-like,ML-Host-0109,1.35584,1.374639,6714.892,3.46121103
45.026917,45449.951,915.953,5.8193,16.26306,9.9519,9.0515,585.925993,236.256414,935.595572,2172.404657,19.614047,0.50514,0.596781,118.05996,0.5792,0.04390134,1.0,No,Yes,Super-Earth-like,ML-Host-0114,1.698499,1.582258,7216.988,6.11889694
75.59372,48945.254,1231.276,8.42423,20.30581,29.6884,28.3835,5170.409234,4431.326763,5909.491705,92118.98824,4.081699,2.07756,0.142945,36.02744,-243.0552,0.11681631,0.0,No,No,Neptune-like,ML-Host-0119,0.649075,0.632428,4605.858,0.16216571
0.015422,2054.2,3397.923,0.97571,1.41573,100.8156,94.0924,11967.82966,10448.03553,13487.62378,263122.967,3.307667,6.13423,0.12699,114.52781,-212.5103,1.02624619,0.0,No,No,Terrestrial-like,ML-Host-0126,0.986614,0.990735,5689.24,0.92646044
2.182838,7653.048,9300.783,9.94989,8.72622,36.8013,33.13,54.587315,46.409584,62.765046,72.358103,54.86176,9.86293,0.14981,41.11568,266.2148,9.56e-05,1.0,No,No,Terrestrial-like,ML-Host-0135,1.237996,1.160424,6355.647,1.97955245
939.820175,115844.126,1154.58,18.69659,46.53913,12.7849,11.4344,133.310365,120.556661,146.064069,353.259191,27.443255,6.13974,0.095669,12.41566,-35.6089,0.08408067,9.0,Yes,Yes,Gas-giant-like,ML-Host-0140,0.756525,0.875675,4921.633,0.40533761
212.081542,84051.855,682.122,8.01445,25.95438,10.6511,9.9567,620.714845,497.110243,744.319448,2047.200094,22.049412,10.07681,0.199133,4.90103,26.9877,0.47986194,6.0,No,Yes,Neptune-like,ML-Host-0141,2.273915,1.875022,8594.019,17.27796569
0.918303,7368.607,4383.601,4.51524,5.7681,1651.0347,1612.977,49.860083,36.034677,63.685489,55.496497,65.336009,7.49228,0.277284,2.76449,498.5412,0.01196441,0.0,No,No,Terrestrial-like,ML-Host-0144,1.603786,1.507458,7451.39,6.31152927
0.438736,5278.029,5698.876,4.20461,4.71084,3189.7656,3230.4564,41.109878,37.7002,44.519557,51.527838,58.018894,3.12597,0.082941,160.64213,232.5141,0.21552582,1.0,No,No,Terrestrial-like,ML-Host-0147,1.042733,0.914458,5667.082,0.77707083
1311.16831,131184.591,1109.204,20.34035,51.65599,8.7478,8.4754,873.511383,836.525044,910.497722,6039.755075,10.517546,12.5317,0.042342,171.92248,-104.9972,26.11129404,5.0,Yes,Yes,Gas-giant-like,ML-Host-0148,0.728091,0.84699,4828.62,0.35135274
4.680289,11949.44,5238.795,8.75071,10.22576,error,10479.3973,40.749682,32.421004,49.078361,47.619994,62.230039,12.0542,0.204386,173.79958,272.3205,9.48370985,1.0,No,No,Terrestrial-like,ML-Host-0150,1.189084,0.926239,5838.896,0.89838775
0.009519,2161.313,1800.681,0.54402,1.08435,105.3608,106.1331,3525.96005,3299.779633,3752.140467,40794.72978,6.285481,3.74604,0.064147,119.17878,-220.5449,0.0,0.0,No,No,Terrestrial-like,ML-Host-0155,1.049645,1.134566,5871.633,1.37844493
1867.333024,183663.221,575.647,14.77893,52.09939,8.1605,7.9132,1651.729291,1369.842884,1933.615699,11729.45106,10.240623,8.62052,0.170661,5.0433,-113.7629,3.69517761,9.0,No,No,Gas-giant-like,ML-Host-0157,1.305208,1.289113,6607.909,2.85451821
689.859347,99117.743,1353.031,18.74664,43.10597,9.1935,8.7041,3292.176082,2665.965889,3918.386275,36529.49153,6.553972,2.80775,0.190212,10.96671,-181.1448,0.00130752,4.0,Yes,Yes,Gas-giant-like,ML-Host-0160,1.065566,1.15782,6033.875,1.60089177
0.465995,6473.688,3280.405,2.96854,4.38377,20.9741,25.4286,224.463518,213.470136,235.4569,873.199308,18.693799,9.94679,0.048976,13.85227,-79.2493,2.76805734,0.0,No,No,Terrestrial-like,ML-Host-0163,0.591057,0.825137,4447.185,0.23993146
348.639952,96549.752,739.818,9.98483,31.04887,5.5904,4.4317,677.390258,259.120945,1095.659571,3414.786925,14.42582,3.97881,0.617472,55.64084,-94.7371,192.5398601,4.0,No,Yes,Gas-giant-like,ML-Host-0164,1.062204,1.197088,5689.901,1.35321182
0.004674,1393.091,3302.148,0.64304,0.94648,192.7183,185.2915,11967.82966,6229.924266,17705.73505,265322.5863,3.280246,0.85167,0.479444,167.57635,-259.5231,0.00022959,not_available,No,No,Terrestrial-like,ML-Host-0165,0.970323,0.875303,5997.247,0.89293412
0.073924,4021.448,2170.91,1.22036,2.21531,267.5492,250.0226,3430.210232,2846.246131,4014.174333,44128.47524,5.652844,3.79727,0.170241,97.06539,-234.4721,0.00370719,0.0,No,No,Terrestrial-like,ML-Host-0170,0.825929,0.774483,4755.483,0.27637395
70.692996,39777.111,2145.251,11.92822,21.78233,6.4039,6.4477,3471.825157,3290.097981,3653.552333,42316.15167,5.966462,4.24622,0.052343,176.26743,-200.5996,7.87188318,2.0,No,Yes,Neptune-like,ML-Host-0171,0.931279,0.956121,5047.093,0.53442326
0.39586,4981.235,6116.911,4.25925,4.60612,2544.6206,1946.1315,27.171523,25.119152,29.223894,31.02058,63.698507,4.61298,0.075534,164.46008,407.5911,110.1960199,0.0,No,No,Terrestrial-like,ML-Host-0173,0.830731,1.00902,5247.447,0.6954829
4.217774,12838.037,3807.052,6.83206,9.36538,13.4112,12.4852,5.048054,3.365418,6.730689,2.534372,144.850077,9.25475,0.333324,22.8208,1067.5146,126.6778806,0.0,No,Yes,Terrestrial-like,ML-Host-0180,0.798086,1.016925,4914.758,0.54360222
12.968767,18719.469,3775.891,9.88046,13.59989,10242.2373,10101.5432,62.732468,53.216666,72.24827,117.500503,38.825568,1.49408,0.151689,3.72461,89.2887,66.35124469,0.0,No,No,Super-Earth-like,ML-Host-0182,0.712551,0.768759,5022.335,0.33876415
0.823054,6033.454,7157.011,6.03618,invalid,-28.1733,27.1241,117.203931,114.70205,119.705812,256.894883,33.17813,4.86578,0.021346,67.31959,2.4449,0.00175702,0.0,No,No,Terrestrial-like,ML-Host-0189,0.972152,0.845715,5513.219,0.59533832
0.932789,6806.692,5649.065,5.37498,6.04862,18.0565,17.4442,79.607545,53.91436,105.300729,164.8681,35.1142,4.37123,0.322748,178.87845,59.3913,0.00585194,1.0,No,No,Terrestrial-like,ML-Host-0190,0.739619,0.840539,5482.382,0.57502622
0.003785,1824.114,1191.066,0.30371,0.74431,208.6893,190.7031,904.245895,886.348557,922.143233,6122.426675,10.74059,0.00865,0.019793,118.59908,-190.096,0.00882054,0.0,No,No,Terrestrial-like,ML-Host-0192,0.786015,0.848111,4790.484,0.34128572
8.974583,13127.03,7577.33,13.90423,13.51004,2482.018,2770.8332,69.084827,57.02699,81.142664,101.10498,49.690721,7.08955,0.174537,2.67686,229.978,2.4e-05,0.0,No,No,Terrestrial-like,ML-Host-0194,1.28535,1.188526,6389.177,2.12076119
87.588789,44144.521,1944.552,11.99943,23.01541,9.7709,9.2151,4677.081685,4642.924011,4711.23936,43830.84953,7.759974,1.14629,0.007303,11.62241,-126.3247,0.28119176,3.0,No,Yes,Neptune-like,ML-Host-0195,2.122187,1.569396,9173.687,15.71575203
0.340064,4933.528,5408.651,3.73002,4.28977,18.4011,20.7814,56.801519,48.834289,64.768749,189.238969,21.82803,3.41026,0.140264,9.5071,-138.5405,1.64e-05,0.0,No,No,Terrestrial-like,ML-Host-0198,0.203928,0.259425,2766.635,0.00355242
1557.35275,171341.72,591.288,14.16206,49.26004,20.0196,20.7009,2269.954946,2007.886602,2532.02329,24062.53659,6.860267,0.88474,0.115451,6.08096,-226.8662,0.0,9.0,Yes,Yes,Gas-giant-like,ML-Host-0199,0.804984,0.844295,5321.88,0.51516194
1247.561579,124340.017,1239.455,21.54298,51.75572,9.9745,10.2805,359.289784,266.801464,451.778105,1707.663221,15.300577,8.84959,0.25742,19.77771,-155.1321,0.0,12.0,No,No,Gas-giant-like,ML-Host-0200,0.633795,0.768362,4694.389,0.25831122
0.027811,2784.453,2460.402,0.95766,1.63296,120.2636,115.3111,2987.670975,1021.76657,4953.575381,23214.13318,9.359345,1.03469,0.658006,144.10696,-135.6896,0.92537532,0.0,No,No,Terrestrial-like,ML-Host-0201,1.972022,1.815346,8301.303,14.09933532
3.303292,12631.22,3130.491,5.52742,8.35572,71.5308,77.937,207.793887,189.615023,225.972751,786.035754,19.224526,0.18477,0.087485,20.11554,-107.8881,1.47786794,1.0,No,No,Terrestrial-like,ML-Host-0203,0.578672,0.577612,4209.837,0.09441212
396.300048,104567.115,661.973,9.67608,31.80881,13.3274,15.0102,944.141248,853.51741,1034.765086,6580.4611,10.43388,11.98957,0.095985,23.81004,-149.7938,1.36957355,6.0,Yes,Yes,Gas-giant-like,ML-Host-0205,0.774492,0.905587,4918.64,0.43244963
324.224856,75558.176,1435.5,15.16174,33.84662,-26.7827,27.529,1181.922811,867.381854,1496.463768,8192.872,10.49103,6.17069,0.266126,80.24748,-185.0451,0.0002805,8.0,Yes,Yes,Gas-giant-like,ML-Host-0206,0.980197,1.052636,5199.616,0.72968676
0.009492,1997.095,2275.913,0.63536,1.12644,200.3507,191.7678,5318.216094,3327.401828,7309.03036,86244.75832,4.484339,1.82302,0.374339,132.21166,-258.4207,0.00666164,0.0,No,No,Terrestrial-like,ML-Host-0207,0.805844,0.922777,5106.457,0.52163523
57.47514,42096.264,1471.468,8.65882,19.09199,14.0218,14.6332,4196.554122,4139.458189,4253.650056,67488.98647,4.521943,2.40784,0.013605,119.01253,-165.9304,40.97418006,4.0,No,Yes,Super-Earth-like,ML-Host-0208,0.646593,0.656766,4798.57,0.20604582
2.710353,9545.989,5950.65,7.94053,8.70633,9062.0425,8355.4452,127.441297,123.505658,131.376935,300.571712,30.833814,5.37889,0.030882,23.25644,53.6606,0.0,0.0,No,No,Terrestrial-like,ML-Host-0214,0.912962,1.013566,5748.383,1.01060501
7.553983,16052.406,3487.844,7.82639,11.20859,3528.5338,3997.814,438.437963,425.764561,451.111364,1529.383362,20.847643,14.07335,0.028906,5.34712,-38.356,0.00020025,0.0,No,No,Terrestrial-like,ML-Host-0223,1.435854,1.306245,7146.115,4.00889103
24.143965,23965.0,3350.253,11.22327,16.40017,4793.6092,4816.7035,24.813225,19.315388,30.311062,29.762874,60.628038,3.13881,0.221569,14.47004,241.6354,2.53e-05,1.0,No,No,Super-Earth-like,ML-Host-0228,0.687256,0.785233,5024.88,0.35415637
0.00655,1766.191,2270.395,0.56054,0.99499,286.8583,335.679,11967.82966,9203.54623,14732.11308,214471.7094,4.057986,1.13698,0.230976,169.74746,-209.4051,1.34016598,0.0,No,No,Terrestrial-like,ML-Host-0231,1.484994,1.562774,7133.49,5.69764447
0.741911,5837.069,7124.736,5.81337,5.82521,1379.0294,1402.4257,22.167464,13.755376,30.579552,23.6946,68.034907,6.8383,0.379479,9.05985,341.614,0.0,0.0,No,###,Terrestrial-like,ML-Host-0233,0.773157,0.894807,5284.457,0.56254205
0.314326,4457.408,6778.523,4.22359,4.33892,2075.1132,2396.9961,28.966234,22.488144,35.444323,36.550227,57.632456,2.41269,0.223643,172.20243,315.1791,0.01368858,1.0,No,No,Terrestrial-like,ML-Host-0234,0.724961,0.869353,5435.34,0.59428335
10.145582,14506.738,6347.008,12.87073,13.66427,7966.7587,7445.8215,11.821641,10.558075,13.085206,10.4037,82.633303,4.32718,0.106886,7.04428,289.924,4.65794134,2.0,No,No,Terrestrial-like,ML-Host-0243,0.608242,0.518372,4515.669,0.10066211
1.223024,8625.383,3639.999,4.38878,6.15264,16.3503,16.5058,659.806399,417.670445,901.942354,3181.513864,15.081616,3.83698,0.36698,15.36066,-132.4431,0.00526345,1.0,No,No,Terrestrial-like,ML-Host-0251,1.130838,1.152042,6065.366,1.61830075
1.266415,8110.263,4533.909,5.14011,6.45659,5125.3653,4482.0305,22.087184,16.571598,27.60277,30.838335,52.085232,12.90029,0.249719,141.13088,147.8511,4.65e-05,1.0,No,No,Terrestrial-like,ML-Host-0252,0.4515,0.5337,4251.552,0.08384543
4118.146975,234399.018,610.711,20.01041,68.48664,4.6417,4.7241,343.377682,218.141251,468.614113,1271.486171,19.639282,12.28207,0.364719,21.49126,-55.4246,0.37748124,9.0,Yes,Yes,Gas-giant-like,ML-Host-0265,0.997956,1.059107,5757.551,1.11051678
596.244076,98677.231,1185.153,16.34767,40.16395,11.0882,9.7092,2146.688313,1769.002938,2524.373688,21413.99087,7.290152,1.0907,0.175939,76.28668,-180.497,0.00217416,6.0,Yes,Yes,Gas-giant-like,ML-Host-0267,0.859667,0.774815,5122.117,0.37229613
1291.251249,169694.681,504.67,11.97126,45.07172,6.4321,5.4535,8794.094972,7031.571412,10556.61853,157838.4856,4.051757,11.31437,0.200421,16.91727,-194.7792,153.0975112,6.0,Yes,No,Gas-giant-like,ML-Host-0268,1.087843,0.939733,5729.944,0.8576406
81.305646,42925.073,1963.31,11.78052,22.48732,13.0995,12.7465,2296.851366,1943.454932,2650.247799,22289.36146,7.493771,2.68631,0.153861,44.69883,-190.4944,2.22e-05,1.0,No,Yes,Neptune-like,ML-Host-0269,0.971901,0.982919,5933.802,1.07910243
228.579023,63837.828,1678.044,14.97428,30.91804,20.526,22.814,9870.082795,9655.418926,10084.74666,201534.6126,3.561528,6.51479,0.021749,22.2653,-269.1211,0.00154298,6.0,Yes,Yes,Neptune-like,ML-Host-0272,0.943369,1.037038,4903.886,0.56033182
4.27473,12553.042,4127.272,7.2423,9.53482,-27.8094,29.6502,33.999112,26.014733,41.983491,38.768177,63.776013,2.69559,0.234841,error,398.4014,8.56e-05,0.0,No,Yes,Terrestrial-like,ML-Host-0273,1.042007,1.165749,6010.873,1.5982886
0.011634,2180.03,2144.633,0.65355,1.19363,-50.7424,51.3154,3227.405219,2731.092152,3723.718286,37173.04776,6.313795,1.84185,0.153781,105.30305,-209.4682,0.00223167,0.0,No,No,Terrestrial-like,ML-Host-0280,0.969444,0.992376,5442.86,0.77867417
6225.164173,188565.104,1773.243,46.74056,93.88098,12.3406,13.6148,410.397757,385.510755,435.284759,1603.16421,18.616248,8.00565,0.060641,16.70965,8.2448,195.562011,12.0,Yes,No,Gas-giant-like,ML-Host-0282,1.07171,0.960215,6198.568,1.22630185
0.296556,5036.286,4433.803,3.12141,3.96489,26.8984,23.9572,53.331828,42.886354,63.777301,87.161625,44.496548,2.16249,0.195858,10.27264,108.3044,0.00011957,0.0,No,No,Terrestrial-like,ML-Host-0290,0.795659,0.758483,5155.976,0.36629447
1740.684139,134669.461,1361.175,25.62403,58.74329,14.3186,16.9129,1209.113578,623.606869,1794.620286,11597.92546,7.581445,2.65418,0.484245,25.52395,-170.4207,184.6001685,9.0,Yes,Yes,Gas-giant-like,ML-Host-0291,0.523672,0.551371,4523.578,0.11468611
0.112547,4864.612,1867.195,1.2697,2.48528,80.4157,79.9822,7846.27212,7694.465986,7998.078255,143074.4024,3.988105,0.04583,0.019348,138.17466,-229.5966,1.97610064,0.0,No,No,Terrestrial-like,ML-Host-0295,0.94034,0.990698,5136.832,0.61568512
0.030788,3007.52,2161.486,0.90871,1.65317,88.6851,88.9683,7364.861774,6412.104535,8317.619013,134921.5375,3.969616,0.97067,0.129365,112.17226,-225.0755,0.03242224,0.0,No,No,Terrestrial-like,ML-Host-0298,0.87448,0.848607,6018.422,0.85121357
84.249257,51110.039,1205.171,8.61032,20.97794,9.6723,10.4193,11967.82966,7893.809357,16041.84996,262745.488,3.312419,3.91522,0.340414,27.42512,-213.2392,14.9214739,not_available,Yes,No,Neptune-like,ML-Host-0299,0.989451,0.911959,5972.074,0.95311702
14.403404,14987.08,8171.757,17.11973,16.01795,15.1824,15.4041,47.551054,18.971962,76.130146,45.037721,76.780144,6.10833,0.601019,5.5237,711.3013,4.9e-05,0.0,No,Yes,Super-Earth-like,ML-Host-0300,2.112254,1.699086,8899.579,16.3156177
1015.570624,132978.626,824.833,15.33247,45.15408,-8.7128,9.1171,501.705322,236.854362,766.556282,2332.340606,15.643067,21.16081,0.527901,0.13248,-103.248,1.42055338,6.0,No,Yes,Gas-giant-like,ML-Host-0308,0.925083,0.913964,5650.594,0.76723684
44.114399,28746.024,3546.895,14.25248,20.2411,36.2584,35.5681,662.29832,549.620827,774.975814,4459.023408,10.801376,10.4466,0.170131,13.95879,-200.4541,3.91e-05,2.0,No,Yes,Super-Earth-like,ML-Host-0309,0.582237,0.693566,4371.446,0.15825978
3.875127,11115.295,5389.201,8.37355,9.64751,24.2241,23.7381,282.902844,244.321007,321.484681,867.858718,23.705737,10.21847,0.136378,28.55801,-46.6548,0.0,0.0,No,Yes,Terrestrial-like,ML-Host-0313,1.197933,1.153514,5735.833,1.29755695
0.219481,4629.823,4223.817,2.73359,3.55753,840.574,793.6541,75.432593,54.350403,96.514784,189.7205,28.914118,0.86669,0.279484,173.18319,-75.1767,0.00059295,0.0,No,No,Terrestrial-like,ML-Host-0315,0.47519,0.589346,4082.136,invalid
2.456563,9809.593,4970.229,6.81541,8.17657,1412.9041,1329.9925,26.715925,14.69864,38.733211,28.890906,67.247206,2.5174,0.449817,146.56696,399.7129,0.76858205,1.0,No,No,Terrestrial-like,ML-Host-0316,0.910347,0.920795,5752.995,0.83675104
0.33938,4240.749,8498.852,5.0381,4.62227,1536.279,1391.9393,10.436788,8.897014,11.976562,7.571666,100.239891,3.88751,0.147533,25.19842,534.7912,2.0105999,0.0,No,No,Terrestrial-like,ML-Host-0317,0.790198,0.802287,4956.206,0.3499065
12537.60491,241207.526,1706.253,57.53056,117.79985,7.5183,8.0756,373.746731,301.703278,445.790183,1188.159627,22.875352,2.25513,0.19276,8.91915,-15.5643,9.93340234,36.0,No,Yes,Gas-giant-like,ML-Host-0321,1.473673,1.432694,6362.788,3.03103994
0.004369,1572.293,2146.572,0.47178,0.86127,60.4999,57.6402,3499.33183,2309.16375,4689.499911,57990.83523,4.388246,6.28247,0.340113,131.35542,-232.5705,0.14536905,0.0,No,No,Terrestrial-like,ML-Host-0325,0.507756,0.536612,4201.285,0.08082467
458.329526,102508.055,812.653,11.64468,34.54958,12.6713,15.9424,1438.343404,1154.087798,1722.59901,11793.73879,8.869033,9.61386,0.197627,9.7949,-186.4142,0.80050818,1.0,Yes,No,Gas-giant-like,ML-Host-0326,0.852517,1.017509,5279.467,0.72465496
0.000561,863.784,1663.093,0.20081,0.41648,161.3285,179.1355,4740.130594,2809.134795,6671.126392,78534.99985,4.389269,7.03015,0.407372,111.94459,-171.6703,26.88621964,0.0,Yes,No,Terrestrial-like,ML-Host-0328,0.688118,0.886137,5627.809,0.70966607
175.334294,64654.912,1238.978,11.19772,26.90702,19.7867,20.0782,7060.01995,5794.203434,8325.836465,87941.15576,5.8382,3.052,0.179294,86.43734,-178.384,1.03706968,4.0,No,Yes,Neptune-like,ML-Host-0329,1.813226,1.527992,8093.266,9.02469177
555.149371,80540.432,2029.408,22.84797,42.89738,21.0302,21.5998,784.876306,611.408777,958.343835,4144.524471,13.771831,2.49669,0.221013,30.50879,-163.8415,0.00206183,4.0,Yes,No,Gas-giant-like,ML-Host-0330,1.12169,1.279744,6008.234,1.92277264
0.025596,2889.339,2026.682,0.81856,1.53788,103.0893,114.0872,11967.82966,9922.271321,14013.38799,291524.0699,2.985425,19.25078,0.170921,108.25393,-183.4376,19.75832726,0.0,No,No,Terrestrial-like,ML-Host-0332,0.80374,0.792626,5257.769,0.43255066
4673.076504,194228.323,1218.054,33.07071,80.14529,5.7031,6.2012,872.652997,639.406471,1105.899522,5599.391541,11.333549,7.91123,0.267284,28.13539,-164.0639,0.0,19.0,No,Yes,Gas-giant-like,ML-Host-0339,0.84462,0.911598,5741.34,0.81349479
2.936482,9928.665,5730.019,7.95264,8.88589,5816.1214,6016.5824,86.76544,51.969517,121.561363,177.318169,35.584323,7.35348,0.401034,176.34355,52.2153,27.53545947,1.0,No,No,Terrestrial-like,ML-Host-0340,0.827851,0.702396,5640.641,0.44995882
34.626949,38682.9,1142.506,6.17791,15.45897,15.1802,16.1285,2962.763062,2156.495995,3769.03013,37946.24237,5.677973,4.4098,0.272133,119.73279,-195.4609,0.54094553,0.0,No,Yes,Super-Earth-like,ML-Host-0341,0.719733,0.736696,5329.703,0.39453257
0.481682,5779.762,4764.659,3.84952,4.71692,8.2695,9.2469,34.449708,26.887004,42.012412,42.951672,58.327135,2.0922,0.219529,42.03512,309.779,0.0011741,0.0,Yes,No,Terrestrial-like,ML-Host-0342,0.88311,1.008368,5761.653,1.00953387
10.660143,16043.685,4930.058,11.05657,13.31871,2067.434,2231.9634,678.089771,626.185273,729.994268,3141.183708,15.698532,1.07752,0.076545,166.94676,-140.4366,0.00101412,0.0,No,No,Terrestrial-like,ML-Host-0347,1.259196,1.253501,5908.177,1.72487672
8.149073,12475.378,8015.83,13.97869,13.20566,5193.9575,5597.9621,290.543179,137.375311,443.711047,1125.93473,18.765608,4.25824,0.527178,3.739,-74.0899,10.50662703,0.0,No,No,Terrestrial-like,ML-Host-0350,0.770946,0.798756,5143.863,0.40242071
0.0334,3237.775,1879.345,0.85058,1.65952,185.9752,206.8098,11967.82966,10592.72745,13342.93187,264136.207,3.294979,8.66384,0.1149,143.19544,-188.0317,9.01520668,0.0,No,No,Terrestrial-like,ML-Host-0355,0.979059,0.899701,5298.326,0.57470573
155.702561,53795.179,1910.148,14.36398,27.79771,16.6104,15.2757,3096.936067,1451.949619,4741.922514,63939.55265,3.522312,4.73306,0.531166,37.19855,-239.9104,4.02e-05,3.0,Yes,No,Neptune-like,ML-Host-0359,0.289518,0.327914,3194.096,0.01008338
39.757544,42574.202,983.969,5.85588,15.78954,-23.313,23.8377,1013.224005,744.689871,1281.758139,5056.886213,14.570937,6.23598,0.265029,121.39762,-84.5784,0.00248669,4.0,No,Yes,Super-Earth-like,ML-Host-0360,1.620946,1.543157,7634.328,7.28782731
326.242898,71759.629,1686.172,16.914,34.83881,38.8563,43.1084,1139.952185,767.845751,1512.058619,9770.437839,8.484725,4.34976,0.326423,123.60296,-183.2304,52.3784217,6.0,No,Yes,Gas-giant-like,ML-Host-0363,0.618373,0.623392,4370.44,0.12773724
0.037168,2712.691,3556.084,1.34846,1.91258,9.8095,8.8391,341.51768,253.929851,429.105509,1035.501587,23.98433,5.39343,0.256466,36.67013,25.6933,4.86e-05,0.0,No,No,Terrestrial-like,ML-Host-0366,1.480323,1.375747,7734.362,6.10196421
407.789724,114250.9,522.226,8.34032,30.8689,18.6204,16.4006,504.685271,497.226392,512.14415,2914.927575,12.590937,11.33772,0.014779,24.04073,-174.6775,0.00244253,4.0,No,Yes,Gas-giant-like,ML-Host-0370,0.602872,0.593513,4680.838,0.15235273
0.285852,4954.854,4487.97,3.10846,3.92453,1064.0541,880.6993,85.21166,71.290117,99.133203,195.912354,31.630232,1.33729,0.163376,159.33424,-37.8256,1.11628791,0.0,No,No,Terrestrial-like,ML-Host-0371,0.64238,0.676858,4678.602,0.1977672
16.652121,15659.314,8282.334,18.12967,16.84928,7171.1578,7065.3996,71.294679,70.172304,72.417055,127.28811,40.73188,7.83367,0.015743,14.64857,87.8244,2.47e-05,2.0,No,No,Super-Earth-like,ML-Host-0377,0.89128,0.846854,5630.209,0.64924702
0.399453,5435.8,4749.81,3.60914,4.42929,25.4556,27.2857,455.845574,277.460346,634.230803,2712.441866,12.221443,8.76051,0.391328,60.86246,-162.9913,0.0,0.0,No,No,Terrestrial-like,ML-Host-0379,0.51304,0.534465,4444.009,0.10037669
0.087207,2954.021,6461.162,2.66802,2.80738,1588.7585,1736.3709,115.736799,111.968104,119.505495,223.299111,37.692041,6.76801,0.032563,156.3095,166.5994,142.9257341,0.0,No,No,Terrestrial-like,ML-Host-0383,1.238965,1.187354,6215.422,1.89556171
0.646089,6791.473,3939.147,3.73965,5.03961,36.8413,38.9803,341.980383,272.798183,411.162582,1448.470272,17.169466,8.74347,0.202299,173.95262,-103.3238,12.03593391,0.0,No,No,Terrestrial-like,ML-Host-0387,0.759631,0.778205,5229.606,0.40809295
0.054605,2500.731,6668.621,2.33113,2.41444,705.3849,678.1326,54.031978,45.684741,62.379214,58.546518,67.114286,3.06189,0.154487,177.26332,473.2837,0.013924,0.0,No,No,Terrestrial-like,ML-Host-0388,1.833872,1.570718,7488.877,6.99130234
73.769534,41546.246,1964.64,11.40983,21.77236,16.0961,14.7645,2794.206283,2216.26706,3372.145507,29157.14871,6.96913,1.83835,0.206835,25.06677,-222.9773,6.26e-05,2.0,No,Yes,Neptune-like,ML-Host-0391,1.022595,0.816033,5881.129,0.71771689
0.73929,5833.404,7112.957,5.80011,5.81674,2852.1566,2758.3546,9.165695,3.80639,14.525,6.127597,108.777821,10.75132,0.584713,11.08867,520.9965,0.00100407,0.0,No,No,Terrestrial-like,ML-Host-0395,0.817211,0.678787,4915.238,0.24229262
0.01563,2329.407,2361.705,0.76902,1.33841,96.6028,102.049,11967.82966,10669.87661,13265.78271,200909.5227,4.331916,0.82107,0.108454,114.33276,-228.6924,0.01096909,0.0,No,No,Terrestrial-like,ML-Host-0398,1.692247,1.654826,6602.577,4.68871009
5.693644,12148.414,6065.03,10.29952,11.18583,4523.6587,4053.0367,52.587403,39.752761,65.422044,69.045752,55.387267,9.19854,0.244063,11.31726,277.3351,0.0,1.0,No,No,Terrestrial-like,ML-Host-0399,1.215597,1.156369,6325.783,1.92905586
228.862314,84377.915,727.594,8.58188,26.9095,24.1095,26.8628,3453.1274,2708.291739,4197.963061,42179.89346,5.953499,4.55916,0.215699,129.69352,-208.4594,9.90383238,5.0,No,Yes,Neptune-like,ML-Host-0400,0.922243,0.916378,5618.999,0.75418872
1016.320855,121816.231,1073.784,18.28463,47.19497,9.2921,8.1217,1268.892043,1061.616684,1476.167403,8192.405318,11.263631,0.16283,0.163351,77.84413,-159.0935,0.0,7.0,No,No,Gas-giant-like,ML-Host-0406,1.213025,0.934994,6302.812,1.24293971
15.721759,18002.053,5146.789,12.95158,15.26942,8064.8309,9488.2686,16.279044,13.060573,19.497516,16.815936,70.40006,5.25014,0.197706,30.48301,275.6412,0.00545842,1.0,No,No,Super-Earth-like,ML-Host-0408,0.607943,0.609304,4634.614,0.15431808
0.014089,2521.082,1679.234,0.59178,1.22145,182.3019,191.8067,11967.82966,10584.96683,13350.69248,190809.759,4.561209,7.4804,0.115548,120.06393,-160.5403,108.6831985,0.0,No,No,Terrestrial-like,ML-Host-0412,1.876133,1.484063,7033.945,4.85730503
713.839,109723.315,1032.06,15.82953,41.67576,10.0671,10.6436,533.287074,494.075895,572.498253,3126.615191,12.403716,11.59297,0.073527,20.55305,-121.3613,90.38619242,1.0,No,Yes,Gas-giant-like,ML-Host-0416,0.618234,0.592973,4453.257,0.12458797
106.878384,55468.818,1196.037,9.2738,22.68054,38.2917,32.187,2503.833107,1647.746023,3359.920191,26456.74038,6.88231,4.59562,0.341911,84.60973,-212.0947,0.0,2.0,No,Yes,Neptune-like,ML-Host-0418,0.893639,0.904752,5691.434,0.77382132
0.054362,3821.303,1860.646,0.99389,1.94884,214.7506,186.8094,6778.611454,5215.237553,8341.985355,131061.3361,3.761242,3.27783,0.230633,85.36564,-259.9033,0.36104823,0.0,No,No,Terrestrial-like,ML-Host-0424,0.722589,0.741652,4863.129,0.27717781
0.616862,7907.731,2382.504,2.6336,4.56353,1069.45,1069.3493,95.608316,79.322454,111.894178,143.119383,48.580546,1.95532,0.170339,12.41171,301.5887,0.00202786,1.0,No,No,Terrestrial-like,ML-Host-0425,1.700234,1.686284,7610.962,???
1602.274956,137950.247,1165.658,22.47801,55.68525,abc,3.9143,1146.579447,830.967338,1462.191556,12068.04706,6.909273,5.20511,0.275264,1.41799,-181.9903,242.3599394,7.0,Yes,Yes,Gas-giant-like,ML-Host-0426,0.412436,0.442055,3676.873,0.03217825
1.446204,8583.638,4367.338,5.24026,6.70675,668.7138,759.6905,22.074914,20.729271,23.420557,14.902192,107.72439,2.03478,0.060958,178.0049,1157.6184,0.01205598,0.0,No,No,Terrestrial-like,ML-Host-0428,1.930257,1.636413,8884.889,15.03449356
41.540258,39213.48,1315.723,7.21214,16.81705,21.7679,21.4021,3226.768091,3129.927809,3323.608373,40441.36639,5.802393,1.88497,0.030012,121.25326,-221.2291,0.0001636,4.0,No,Yes,Super-Earth-like,ML-Host-0433,0.818597,0.745437,4935.947,0.29716537
0.685838,5753.817,6876.299,5.53064,5.64112,1532.2036,1440.5572,31.454978,29.669093,33.240863,38.385374,59.592112,9.4098,0.056776,165.60275,216.4596,0.0304737,0.0,No,No,Terrestrial-like,ML-Host-0434,0.841696,0.886902,4772.798,0.36773793
6.932412,10672.6,10891.184,16.24836,13.16861,-22.2625,20.9172,35.321778,31.71105,38.932506,43.197118,59.463842,0.92744,0.102224,179.30054,253.3204,1.49e-05,0.0,No,Yes,Terrestrial-like,ML-Host-0438,0.941102,0.93341,5361.174,0.6484543
53.649943,35265.265,2336.303,11.51703,20.1532,12.8286,15.8455,6654.068882,6435.41537,6872.722394,134401.1251,3.60039,3.48478,0.03286,61.91561,-236.3569,2.64173684,0.0,No,Yes,Super-Earth-like,ML-Host-0439,0.649942,0.671712,5165.017,0.28929999
14.640992,17415.797,5293.487,12.88693,14.98119,-13556.9289,13028.4377,73.248163,50.342416,96.153911,126.807985,42.006386,8.43737,0.312714,158.57054,126.9809,0.00036201,2.0,No,No,Super-Earth-like,ML-Host-0442,0.973903,0.963146,5810.983,0.95296582
2.039047,9889.859,4025.856,5.56561,7.4191,4116.635,4407.5097,98.3268,89.043878,107.609721,222.412304,32.1498,21.64518,0.094409,4.50295,29.4021,0.04281549,0.0,No,No,Terrestrial-like,ML-Host-0443,0.765802,0.854599,5377.785,0.55034296
45.917078,24236.509,6159.784,20.86891,22.48977,7808.6131,7106.6026,141.459956,81.038135,201.881776,325.389807,31.615114,7.65503,0.42713,170.17714,64.2436,0.0,4.0,No,No,Super-Earth-like,ML-Host-0444,1.065396,1.197903,5927.298,1.59575131
457.315557,81434.559,1617.302,18.41044,38.7201,20.8339,21.5349,111.840397,92.703528,130.977266,358.513597,22.686017,7.81972,0.171109,165.51639,-102.0697,0.0,5.0,No,No,Gas-giant-like,ML-Host-0448,0.433714,0.510311,3800.473,0.04894588
0.722334,7445.386,3342.55,3.4788,5.0893,985.2946,1027.9644,65.177044,43.289092,87.064996,135.906919,34.875326,10.45704,0.335823,135.93694,81.2226,26.16562745,0.0,No,No,Terrestrial-like,ML-Host-0454,0.597337,0.776658,4886.1,0.30974421
238.921163,61327.318,1978.309,16.95947,32.25026,20.9819,26.0713,6350.06944,4740.353892,7959.784989,95683.90028,4.826194,2.30051,0.253496,10.21112,-256.5977,0.000985,4.0,Yes,Yes,Neptune-like,ML-Host-0456,1.11449,0.986321,5786.169,0.98241649
208.869612,80918.633,752.889,8.51616,26.25102,9.7249,9.1092,494.056957,318.58581,669.528105,2742.166596,13.102325,2.40263,0.355164,55.35561,-155.1889,0.13924985,3.0,Yes,Yes,Neptune-like,ML-Host-0457,0.63909,0.745473,4677.677,0.23970606
197.540294,49398.519,3129.791,21.61193,32.67411,-12.9779,12.2874,11967.82966,10946.08114,12989.57817,320370.6812,2.716613,10.26396,0.085375,14.67802,-201.4941,32.98284186,5.0,Yes,Yes,Neptune-like,ML-Host-0458,0.665517,0.736116,4477.428,0.19620137
6.066794,13855.05,4356.486,8.4374,10.81206,4925.7334,4852.5077,129.770674,92.546045,166.995304,369.750614,25.523065,5.25617,0.286849,4.43948,-82.0337,6.78e-05,0.0,No,No,Terrestrial-like,ML-Host-0460,0.636987,0.741496,4202.99,0.15457717
0.535466,5646.234,5681.419,4.48415,5.03176,910.9366,1024.4213,37.802528,33.077794,42.527262,39.288142,69.972041,6.60953,0.124985,17.84093,525.4006,0.00022067,0.0,No,No,Terrestrial-like,ML-Host-0462,1.394627,1.299726,7065.502,3.7928906
2.306327,9475.394,5177.623,6.85791,8.06111,32.6401,34.2829,324.935113,168.425604,481.444621,1551.132006,15.233969,9.99917,0.481664,16.49799,-133.4584,0.00091694,0.0,No,No,Terrestrial-like,ML-Host-0466,0.568213,0.592216,4602.127,0.14173917
0.012119,2065.959,2624.871,0.75804,1.25143,84.5143,90.6764,9037.966306,7349.895446,10726.03717,197362.7415,3.330203,5.57874,0.186776,93.34153,-281.4275,0.0,0.0,No,No,Terrestrial-like,ML-Host-0470,0.755267,0.848217,4901.262,0.37405941
1364.479297,119020.011,1545.64,25.71537,55.32308,5.2736,5.0664,2811.782163,1958.383906,3665.180419,39709.05045,5.149409,10.57603,0.303508,168.21615,-234.9593,4.52e-05,9.0,No,No,Gas-giant-like,ML-Host-0474,0.561804,0.603032,4280.842,0.11002532
1075.433446,123388.905,1093.343,18.85806,48.2377,6.6667,6.8383,889.126088,612.752385,1165.499792,6040.944552,10.703447,6.73346,0.310837,164.62164,-207.3576,0.1533164,5.0,Yes,No,Gas-giant-like,ML-Host-0475,0.767536,0.757592,5053.159,0.33714531
3545.156243,189734.029,991.291,26.29121,70.62817,9.8696,11.3714,747.403499,608.853879,885.953119,3856.639275,14.093254,4.14894,0.185375,4.23233,-160.8153,0.0093277,19.0,No,Yes,Gas-giant-like,ML-Host-0477,1.118577,0.938524,6256.629,1.21603887
254.074642,84121.926,815.145,9.58536,28.39611,8.6862,8.2384,386.51544,309.505709,463.525171,1709.869616,16.438759,8.90079,0.199241,15.13712,-138.7056,0.0,5.0,Yes,Yes,Neptune-like,ML-Host-0479,0.787033,0.880061,5253.092,0.53134987
1811.568014,123591.804,1832.682,abc,62.55548,26.292,25.8219,470.559255,292.892437,648.226072,1711.883899,19.98965,4.31775,0.377565,95.22337,-71.6716,0.01542205,14.0,No,No,Gas-giant-like,ML-Host-0481,1.416814,1.341567,6330.799,2.60467621
2.858346,11051.807,4044.048,6.24761,8.30948,12299.1,13573.3865,109.368727,101.542729,117.194724,285.042603,27.90285,0.03556,0.071556,14.31527,-59.3552,1.42387351,0.0,No,No,Terrestrial-like,ML-Host-0482,0.641621,0.687305,4234.683,0.13686043
0.190597,5347.576,2380.379,1.77937,3.08469,-66.8255,66.383,3729.121922,2565.504722,4892.739122,55483.4126,4.887746,4.71216,0.312035,141.90603,-248.9557,0.00043611,0.0,No,No,Terrestrial-like,ML-Host-0487,0.671293,0.773198,4276.148,0.18008895
30.96028,21946.729,5593.67,17.16054,19.40664,5830.1129,7293.5934,308.693431,243.11386,374.273001,1495.591723,15.009959,11.84701,0.212442,2.43541,-122.0863,32.20237502,3.0,No,No,Super-Earth-like,ML-Host-0493,0.524052,0.607915,3951.102,0.08114343
0.742707,6868.76,4377.076,4.20268,5.37282,673.9291,558.0882,257.846946,180.019077,335.674816,809.291796,23.169786,8.09841,0.301837,164.11834,-34.2982,9.66e-05,0.0,No,No,Terrestrial-like,ML-Host-0494,1.043024,1.142061,5986.652,1.50941627
0.070381,3567.029,2961.685,1.47676,2.29514,13.7486,13.4314,553.005855,461.231142,644.780568,2870.03947,14.012223,16.59949,0.165956,15.21463,-186.3834,0.00029897,0.0,No,No,Terrestrial-like,ML-Host-0495,0.818148,0.715914,5017.378,0.29263339
1.507945,9192.009,3708.135,4.76464,6.6179,7.3074,7.1427,464.202646,413.75892,514.646372,2379.754209,14.185371,4.89884,0.108667,21.9182,-180.5324,0.00185826,0.0,No,No,Terrestrial-like,ML-Host-0499,0.703845,0.59595,5233.723,0.24008036
4.383749,10868.38,6521.576,9.9079,10.37703,-2925.7682,2970.1582,393.407679,192.28328,594.532077,1285.236854,invalid,1.92645,0.511237,4.36402,-27.6533,0.08261668,0.0,No,No,Terrestrial-like,ML-Host-0502,1.468861,1.468665,6615.073,3.72116645
0.449352,6812.17,2714.758,2.58512,4.19646,18.3376,20.0327,96.879075,83.330238,110.427913,188.662484,37.343035,16.75972,0.139853,179.63933,19.9853,3.13e-05,0.0,No,No,Terrestrial-like,ML-Host-0509,1.017976,0.945984,5182.104,0.58141631
53.592078,44654.238,1149.513,7.17531,17.89995,39.4751,33.9263,11967.82966,10018.70316,13916.95615,360537.7826,2.413958,0.73906,0.162864,114.45693,-244.2472,0.00015143,1.0,No,Yes,Super-Earth-like,ML-Host-0517,0.525488,0.601674,4076.763,0.09009039
166.963909,60787.968,1419.617,12.06294,27.07917,23.4064,24.7995,1155.87892,1033.429443,1278.328397,6065.687259,13.857903,abc,0.105936,62.68912,-41.1213,170.4184603,7.0,Yes,No,Neptune-like,ML-Host-0521,1.672613,1.794256,7098.03,7.36232167
126.401592,48089.521,2170.714,14.59209,26.49012,-32.8666,31.173,1120.137395,942.360349,1297.914441,7067.804274,11.525293,6.3036,0.15871,14.01721,-107.1639,47.50473631,2.0,Yes,No,Neptune-like,ML-Host-0525,1.121149,1.099518,6526.766,1.97647458
0.007478,2110.213,1519.812,0.44831,0.97264,84.6714,91.121,11967.82966,11059.23627,12876.42304,178834.8617,4.866631,4.30642,0.07592,112.95694,-242.1699,0.0,0.0,No,No,Terrestrial-like,ML-Host-0529,2.135799,1.856208,9072.825,21.03381507
4.305782,12390.66,4322.849,7.48736,9.63189,7873.9168,6941.3145,66.650815,57.581178,75.720452,122.051018,39.712684,5.71684,0.136077,177.31787,54.4708,7.07066392,1.0,No,No,Terrestrial-like,ML-Host-0530,0.792049,0.833267,4601.208,0.28038225
6.377351,11630.529,7741.825,12.58656,12.09911,36.7204,37.3132,78.846395,65.931713,91.761077,160.059589,35.823278,9.07441,0.163795,160.57106,21.8138,15.4454688,1.0,No,No,Terrestrial-like,ML-Host-0531,0.762431,0.805507,4817.863,0.31495707
0.477344,5467.792,5576.952,4.26259,4.82773,1804.9595,1830.9342,81.217024,32.058141,130.375907,125.728008,46.976452,1.9123,0.605278,165.58312,224.481,0.0004278,1.0,No,No,Terrestrial-like,ML-Host-0535,1.350503,1.374043,6793.767,3.62357811
0.119955,3760.114,4309.405,2.26508,2.91838,1011.8295,1000.3438,79.872904,44.352592,115.393215,159.603268,36.39342,11.01706,0.44471,28.71607,101.5901,0.02513905,0.0,No,No,Terrestrial-like,ML-Host-0536,0.797138,0.863018,5759.559,0.73839896
622.192011,101835.234,1125.205,16.01747,40.38741,8.6617,9.6266,391.825575,374.368072,409.283078,1231.74951,23.133192,3.22112,0.044554,6.87374,-57.4311,0.00268125,6.0,Yes,No,Gas-giant-like,ML-Host-0549,1.579982,1.310323,6933.954,3.57581751
0.601464,6992.392,3359.959,3.28416,4.79209,48.9044,50.2272,73.810396,50.296347,97.324444,129.890711,41.324215,1.87246,0.318574,10.42892,214.6778,10.75103257,0.0,No,No,Terrestrial-like,ML-Host-0550,0.949762,1.062412,5881.593,1.21691643
0.203521,3842.724,6850.039,3.67957,3.76026,1468.305,1696.4296,56.003593,46.589206,65.41798,96.149489,42.357867,4.66741,0.168103,166.0878,183.9799,5.56e-05,0.0,No,No,Terrestrial-like,ML-Host-0551,0.757133,0.891635,5795.25,0.80790083
102.474805,48946.37,1669.003,11.41936,23.64183,20.1142,17.6084,1316.925829,1308.568715,1325.282944,9284.611124,10.314847,6.22053,0.006346,28.80128,-158.8585,0.12230902,3.0,No,Yes,Neptune-like,ML-Host-0559,1.055784,1.056741,6070.739,1.36646224
0.470115,5544.401,5267.951,4.08282,4.75782,662.2501,670.9063,111.37448,89.696336,133.052625,236.41417,34.259212,1.09558,0.194642,6.2452,40.8363,9.30795012,0.0,No,No,Terrestrial-like,ML-Host-0561,0.984983,0.835861,5703.163,0.6659258
2.089359,12121.185,2240.677,3.79655,6.7837,22.4326,22.2893,290.407447,189.154056,391.660839,989.072848,21.352299,1.43156,0.34866,36.95364,-103.1136,1.14e-05,0.0,No,No,Terrestrial-like,ML-Host-0563,0.997666,0.880575,5478.461,0.62930643
3.233745,12209.437,3393.284,5.79136,8.40888,22.1282,23.2603,13.578848,10.534004,16.623692,8.878798,111.21771,8.5499,0.224234,40.09339,1019.5632,5.51e-05,1.0,No,Yes,Terrestrial-like,ML-Host-0565,1.265607,1.206924,7137.447,3.40585474
0.804832,6147.235,6617.093,5.68606,5.91215,516.8192,483.0945,46.726748,29.429463,64.024032,81.688564,41.597714,7.88683,0.37018,1.36903,72.2376,0.0001792,0.0,No,No,Terrestrial-like,ML-Host-0567,0.609246,0.68507,4348.276,0.15115839
0.018562,3190.094,1091.955,0.48694,1.24634,-136.4935,117.2775,1202.741281,1124.503017,1280.979544,9042.620789,9.672597,2.96013,0.06505,123.30872,-133.3396,4.04811848,0.0,No,No,Terrestrial-like,ML-Host-0572,0.847904,0.991317,5668.211,0.9139111
438.93226,77884.508,1774.376,19.31795,38.78878,23.6544,24.5147,11967.82966,9577.398106,14358.26121,314938.2134,2.763473,3.53338,0.199738,25.69191,-253.6107,0.00018763,4.0,Yes,Yes,Gas-giant-like,ML-Host-0576,0.688674,0.687565,4964.337,0.25868249
0.435431,4970.961,6770.178,4.70441,4.83585,843.3548,818.8101,122.577076,119.682218,125.471934,276.245367,32.268548,0.01422,0.023617,147.79494,43.1893,0.0,0.0,No,No,Terrestrial-like,ML-Host-0579,0.961737,0.867695,6054.939,0.91173316
14.496297,15120.64,8008.441,16.9271,15.99839,8947.929,8957.7195,141.796217,131.625139,151.967296,381.430545,27.034252,0.60824,0.07173,10.98787,-26.6962,0.06570391,1.0,No,No,Super-Earth-like,ML-Host-0583,0.780875,0.939311,5424.004,0.68800794
1567.65119,174382.634,564.6,13.76286,48.98983,13.5292,12.8767,614.545729,473.027975,756.063482,3360.235802,13.299938,5.87081,0.23028,163.19594,-172.0569,0.004242,16.0,No,Yes,Gas-giant-like,ML-Host-0584,0.819109,0.834213,5318.226,0.50155185
31.433303,36075.258,1278.683,6.44818,15.25187,19.1711,21.3363,1837.787147,1453.150978,2222.423317,18523.5516,7.214997,17.09361,0.209293,87.34151,-210.2295,0.0002403,2.0,No,Yes,Super-Earth-like,ML-Host-0586,0.720868,0.744278,4400.883,0.18720814
1.310154,8093.772,4719.228,5.33932,6.57383,12962.8142,11660.7169,64.90447,57.925757,71.883183,100.620415,46.908731,18.07167,0.107523,166.4594,198.8736,0.05447029,0.0,No,No,Terrestrial-like,ML-Host-0589,1.076143,1.204326,5818.944,1.4981653
40.442778,25777.422,4509.453,16.24904,20.46603,10015.4756,9218.9885,41.940431,32.054753,51.826109,39.233159,77.740044,7.51105,0.235708,6.85664,589.8093,0.08340173,0.0,No,No,Super-Earth-like,ML-Host-0591,1.9099,1.513189,7676.543,7.16380082
27.379167,36631.348,1063.807,5.44729,14.12591,10.7163,10.1772,5416.445093,4308.079784,6524.810402,84521.72957,4.660271,20.4079,0.20463,109.24227,-190.7727,7.48521255,2.0,No,No,Super-Earth-like,ML-Host-0594,0.88639,0.818617,5285.059,0.47103816
9.559282,15473.218,4928.16,10.65933,12.84267,26.7653,26.9649,455.477934,376.765336,534.190533,1920.862022,17.243934,20.12563,0.172813,48.14031,-64.3398,15.35278784,5.0,No,Yes,Terrestrial-like,ML-Host-0598,1.020536,1.040234,4966.194,0.59299588
43.738199,36553.825,1710.266,8.73898,17.87298,11.5703,12.1942,1685.640406,1032.489238,2338.791575,13590.91307,9.019479,14.80745,0.38748,112.74622,-212.4215,0.0,2.0,No,Yes,Super-Earth-like,ML-Host-0599,1.033275,0.980504,5590.531,0.84606924
8.62869,14217.105,5734.727,11.39694,12.72916,-13064.2016,13845.315,87.380375,81.987019,92.773732,231.637084,27.432854,0.65839,0.061723,3.55483,-103.9726,0.00028162,0.0,No,No,Terrestrial-like,ML-Host-0601,0.4955,0.505515,4145.528,0.06799591
0.151383,4016.014,4463.689,2.50584,3.1723,57.0244,50.703,136.455235,119.635855,153.274615,302.185146,32.838421,4.51885,0.123259,17.80369,9.0935,0.06978165,0.0,No,No,Terrestrial-like,ML-Host-0605,1.108774,0.994897,5302.712,0.70508718
92.198817,46120.496,1794.919,11.57186,23.10195,11.9649,11.3242,7483.617854,7150.417584,7816.818124,186203.6588,2.922729,10.751,0.044524,0.27024,-221.9764,1.58804565,4.0,No,Yes,Neptune-like,ML-Host-0606,0.4817,0.477055,4224.198,0.06528431
111.5894,46091.465,2176.521,14.02322,25.42343,22.3471,24.7492,1711.675294,1703.985472,1719.365116,14575.90495,8.539866,14.76894,0.004493,75.47235,-163.1017,0.7598154,4.0,No,Yes,Neptune-like,ML-Host-0607,0.940614,0.900969,5689.883,0.76652822
17.678191,29999.802,1250.501,5.24405,12.54274,17.0579,17.013,9981.161737,8654.006497,11308.31698,167387.4053,4.336342,2.11942,0.132966,68.72307,-183.9037,1.40188389,2.0,No,Yes,Super-Earth-like,ML-Host-0611,1.414217,1.542335,6591.761,4.04629907
3015.830633,193474.611,795.31,21.50922,64.5096,6.0655,5.1523,407.754552,298.726014,516.783089,1588.612815,18.665771,3.80897,0.267388,154.35663,-78.4198,0.00020723,14.0,No,No,Gas-giant-like,ML-Host-0613,1.070481,1.334432,5269.45,1.23694035
101.981825,58667.692,964.555,7.91026,21.54243,4.8334,5.1728,557.179725,507.269224,607.090225,2163.522832,18.728328,0.42642,0.089577,61.94711,-62.884,0.0,5.0,No,No,Neptune-like,ML-Host-0617,1.472589,1.295683,7594.301,5.03087211
601.19293,93287.192,1414.325,18.44317,41.47905,8.0794,9.2815,5109.67047,3669.660992,6549.679949,69600.77631,5.338804,6.35091,0.28182,174.05278,-208.2165,0.00052175,8.0,Yes,Yes,Gas-giant-like,ML-Host-0618,1.09741,1.331701,5831.395,1.84755809
0.301151,4693.171,5563.994,3.65021,4.13897,2363.6012,2474.7006,107.468443,69.90655,145.030336,205.247562,38.077474,9.47279,0.349516,167.91747,123.0708,3.36137382,0.0,No,No,Terrestrial-like,ML-Host-0621,1.174101,1.183517,6217.096,1.88535927
0.957307,7382.191,4544.612,4.68971,5.88391,828.9451,884.8227,33.155799,22.033369,44.278228,30.992365,77.798273,8.42319,0.33546,25.34299,545.8278,6.68907774,0.0,No,No,Terrestrial-like,ML-Host-0622,1.512124,1.171592,6989.369,2.95120745
53.79845,28073.803,4643.735,18.22355,22.61867,21.4897,18.6345,79.743052,67.777774,91.708331,158.989577,36.474503,5.61118,0.150048,10.27143,34.414,0.11881631,2.0,No,No,Super-Earth-like,ML-Host-0623,0.799392,0.883,4839.231,0.38523139
0.334907,5860.331,3178.04,2.60343,3.90602,19.4121,19.0802,5.981225,5.596103,6.366347,2.122658,204.915718,5.12984,0.064389,15.96374,2313.3311,2.43717989,0.0,No,No,Terrestrial-like,ML-Host-0627,1.892469,1.78873,7845.933,10.92352748
233.015906,64415.613,1664.997,14.99233,31.07635,8.911,9.3476,5359.37105,4243.154684,6475.587417,107706.4774,3.618572,12.5031,0.208274,123.81821,-180.2839,98.65703165,4.0,No,Yes,Neptune-like,ML-Host-0633,0.528782,0.610675,4224.298,0.10698761
1766.424331,136292.059,1332.554,25.38748,58.82272,7.0534,7.2696,2704.039018,2622.93347,2785.144567,27568.25237,7.132945,0.25554,0.029994,45.63131,-195.9333,0.0136823,8.0,Yes,Yes,Gas-giant-like,ML-Host-0635,1.036666,1.039132,6343.934,1.5756919
838.688744,117738.912,981.391,16.15201,43.60871,7.6468,7.7634,220.708623,135.30877,306.108476,1096.795882,14.633852,6.29823,0.386935,165.0334,-141.4765,0.0,9.0,No,Yes,Gas-giant-like,ML-Host-0639,0.356143,0.439707,3570.71,0.02831656
486.183671,106154.728,776.218,11.51827,34.9674,10.7221,10.2247,4048.206329,3334.793777,4761.61888,68233.64523,4.314488,1.91768,0.176229,8.22813,-235.6483,0.0,4.0,No,No,Gas-giant-like,ML-Host-0640,0.567818,0.708851,4391.131,0.16831008
5.606951,11017.732,8006.663,12.33128,11.65602,10511.2427,10081.2484,31.539684,21.679648,41.39972,37.212029,61.636669,14.05452,0.312623,138.99051,239.3025,41.38191194,1.0,No,No,Terrestrial-like,ML-Host-0641,0.902867,0.809011,4957.894,0.35628111
949.924285,160782.561,436.489,9.81018,39.7153,9.7651,9.9832,3899.888802,2834.492013,4965.28559,53723.99854,5.278969,7.09665,0.273186,12.70111,-193.9666,4.55104021,10.0,No,No,Gas-giant-like,ML-Host-0642,0.818914,0.878391,6216.886,1.03839287
86.588547,47775.987,1516.466,10.12761,21.99674,50.06,52.4606,2038.142185,1155.691026,2920.593344,16021.38734,9.251231,5.53307,0.432968,41.49697,-171.5159,1.29683671,1.0,No,Yes,Neptune-like,ML-Host-0643,1.314382,1.276024,6512.011,2.63798884
62.90816,43094.373,1501.228,9.0434,19.74131,11.2064,12.2219,2227.339654,1458.704958,2995.974351,16834.99186,9.62141,4.2326,0.345091,95.28344,-161.2555,0.0,1.0,No,No,Neptune-like,ML-Host-0644,1.553646,1.687987,6512.736,4.61834895
0.700843,7701.672,2929.994,3.1544,4.92891,24.3557,22.6053,1924.602622,1696.970199,2152.235044,13498.50909,10.368608,14.4497,0.118275,35.92761,-171.6936,0.0011489,0.0,No,No,Terrestrial-like,ML-Host-0646,1.559086,1.229344,6696.51,2.73801591
2.213882,9942.386,4302.134,5.97914,7.71018,3217.6792,3035.0396,48.936908,31.555527,66.318288,92.509616,38.469348,11.43623,0.355179,3.23666,-41.7192,1.05e-05,0.0,No,No,Terrestrial-like,ML-Host-0647,0.5457,0.5225,4248.695,0.08014742
7.139688,13274.884,5828.925,10.81642,11.98277,2735.4959,2535.6423,23.788277,20.445183,27.131371,27.188688,63.626776,2.78137,0.140535,8.94864,328.2127,166.4927389,1.0,No,No,Terrestrial-like,ML-Host-0649,0.725656,0.745759,5247.618,0.37996213
60.117158,46213.345,1163.316,7.51501,18.63581,22.8044,20.3622,2401.232694,1624.898841,3177.566547,24609.70547,7.095663,12.90622,0.323306,104.34391,-243.3537,0.01653177,1.0,No,Yes,Neptune-like,ML-Host-0650,0.910979,0.822752,5257.783,0.46606128
83.538407,43918.303,1883.436,11.56274,22.53477,29.4332,26.1579,4839.99931,3786.576311,5893.422309,73126.89076,4.813194,5.90273,0.217649,3.69778,-210.7392,1.11e-05,1.0,No,Yes,Neptune-like,ML-Host-0653,0.84489,0.904235,5452.631,0.6511508
57.094977,37306.429,2100.14,10.95207,20.21343,10.7923,9.6813,1715.264405,1232.651056,2197.877754,16722.04109,7.459453,0.59252,0.281364,40.58332,-155.2374,178.4913279,3.0,No,No,Super-Earth-like,ML-Host-0655,0.719173,0.659444,5176.797,0.28138126
0.825224,7218.904,4189.474,4.22761,5.52438,13.0384,14.7152,3688.77877,3418.055891,3959.501649,50522.15554,5.30965,1.18469,0.073391,44.79638,-226.9205,0.0088362,0.0,No,No,Terrestrial-like,ML-Host-0656,0.783615,0.857921,5292.502,0.52027597
21.739045,26356.505,2267.662,8.35469,14.83916,26.6456,26.906,1489.076775,1134.541616,1843.611934,12865.35791,8.417059,6.4229,0.238091,10.25698,-124.3989,1.59504898,1.0,No,Yes,Super-Earth-like,ML-Host-0660,0.794925,0.828721,5570.392,0.59573725
1596.336229,144083.164,1019.262,20.5288,54.38616,9.4948,9.4927,461.016478,307.161337,614.871619,1911.931473,17.535143,12.90808,0.33373,29.00685,-158.5312,1e-05,6.0,Yes,No,Gas-giant-like,ML-Host-0669,1.068128,1.029465,5468.688,0.85398529
65.452866,51903.272,894.017,6.48642,18.34847,9.6661,9.4933,11967.82966,8720.384755,15215.27456,328532.6039,2.649123,1.76881,0.271348,78.22233,-275.7341,0.01142121,1.0,No,Yes,Neptune-like,ML-Host-0672,0.63286,0.777991,4643.236,0.25347008
35.741809,34139.861,1715.508,8.18689,16.71823,10.768,12.1171,4414.67867,4137.796452,4691.560887,69586.81243,4.613572,7.85046,0.062719,98.96042,-248.0641,0.84919973,0.0,No,Yes,Super-Earth-like,ML-Host-0675,0.708047,0.818677,4734.039,0.30328285
0.004248,1510.497,2354.006,0.49704,0.86647,229.8331,220.7724,3897.163123,3723.920568,4070.405678,52948.93989,5.352498,6.70322,0.044454,139.70066,-263.9157,4.12e-05,0.0,Yes,No,Terrestrial-like,ML-Host-0676,0.841298,0.888089,5307.153,0.56370792
3.54877,11466.991,4495.012,7.20518,9.08965,8900.5961,8543.592,60.588251,56.592201,64.584302,73.562824,59.895639,0.6286,0.065954,155.31253,435.0903,38.94180971,0.0,No,No,Terrestrial-like,ML-Host-0677,1.637823,1.339965,7656.095,5.5578985
12.282396,16451.051,5268.7,12.11606,14.11814,2510.0316,2213.8944,186.151624,86.359891,285.943357,358.817091,37.727575,9.33281,0.536078,176.42535,203.8297,39.82089122,1.0,No,No,Super-Earth-like,ML-Host-0679,1.996516,1.607702,7543.446,7.54024171
448.816893,102046.879,806.624,11.50629,34.26633,9.107,9.2218,5408.407206,3934.41601,6882.398402,71441.45514,5.505342,0.82364,0.272537,179.31903,-224.248,2.12e-05,8.0,Yes,Yes,Gas-giant-like,ML-Host-0680,1.235168,1.222073,6445.689,2.3225559
36.383076,29575.728,2685.929,11.10438,18.12236,17.1424,16.0068,3508.374943,2276.357888,4740.391998,61598.66214,4.141903,4.60933,0.351165,62.69958,-210.6031,8.92053112,2.0,No,Yes,Super-Earth-like,ML-Host-0683,0.453517,0.496458,3752.32,0.0440209
114.745006,45782.632,2283.668,14.61497,25.8672,30.8884,30.3984,11967.82966,10459.39949,13476.25983,338638.8119,2.570063,0.78771,0.12604,46.59736,-261.8792,0.0,2.0,No,Yes,Neptune-like,ML-Host-0684,0.59565,0.770048,4940.643,0.31831993
485.141342,91426.733,1212.412,15.49486,37.63833,10.6194,11.0669,462.683336,417.124522,508.24215,1933.134109,17.405522,0.33339,0.098467,1.74788,-75.4602,113.7100198,1.0,Yes,Yes,Gas-giant-like,ML-Host-0687,1.0562,0.982737,5818.457,0.99724223
0.563561,6101.115,4739.305,4.04192,4.96591,-1344.6556,1431.4844,75.482673,54.35416,96.611186,122.91062,44.660444,2.31313,0.279912,20.48587,232.634,1.27272418,0.0,No,No,Terrestrial-like,ML-Host-0694,1.13444,1.113802,7099.324,2.83908529
0.024844,3237.66,1398.071,0.63274,1.43129,-60.7138,67.7983,6638.962122,5908.852186,7369.072058,129086.1065,3.740123,2.62295,0.109974,103.88967,-238.8779,0.03857746,0.0,No,No,Terrestrial-like,ML-Host-0701,0.699778,0.753161,5010.217,0.32202987
746.115759,123387.822,758.561,13.0836,40.17906,5.9566,5.8597,6305.987699,3939.425271,8672.550127,78240.65669,5.86119,13.5233,0.375288,18.25247,-203.8457,0.03919174,6.0,No,Yes,Gas-giant-like,ML-Host-0706,1.632348,1.571978,7113.607,5.70094483
123.439892,54945.618,1421.208,10.91579,24.4903,21.6229,24.5632,11967.82966,11720.31528,12215.34404,333010.7886,2.613499,5.6883,0.020682,120.74171,-199.5439,133.4617448,1.0,No,Yes,Neptune-like,ML-Host-0712,0.615954,0.621393,4931.255,0.2057106
353.191608,98951.274,696.222,9.63016,30.86934,25.0424,23.8761,1925.037202,1022.25814,2827.816265,27262.46165,5.134986,0.17373,0.468967,0.08207,-260.3658,0.00081798,5.0,No,Yes,Gas-giant-like,ML-Host-0714,0.382477,0.500985,3574.939,0.03693334
2.858932,10289.958,5011.46,7.20846,8.61247,35.4912,36.3764,709.076461,681.464599,invalid,3930.038368,13.120834,1.31971,0.038941,56.11268,-157.3792,0.0,2.0,No,Yes,Terrestrial-like,ML-Host-0719,0.919823,0.726285,5900.188,0.57593294
249.153095,66180.401,1641.646,15.18704,31.70307,17.1285,19.6474,673.058097,460.43774,885.678454,2871.91735,17.04299,2.98361,0.315902,18.00615,-80.1949,0.33835533,6.0,No,Yes,Neptune-like,ML-Host-0726,1.4731,1.382108,6474.822,3.0247551
0.405912,5887.421,3798.899,3.12642,4.29028,71.3284,76.3881,690.865147,400.466022,981.264272,3039.02935,16.53193,10.41403,0.420341,42.20766,-100.8617,0.00014681,0.0,No,No,Terrestrial-like,ML-Host-0727,1.42275,1.214628,6840.909,2.91096371
5191.5461,270903.47,498.717,18.88571,71.52765,4.5525,4.6875,3029.694693,1795.871089,4263.518298,34492.09412,6.3877,8.00325,0.407244,45.00565,-192.8163,0.82071857,16.0,No,No,Gas-giant-like,ML-Host-0728,0.931485,0.881177,5750.882,0.76517244
4.476164,11143.834,6177.367,9.62282,10.35544,5349.5634,4933.0669,10.767653,9.857515,11.677792,7.739561,101.174233,3.02212,0.084525,4.02006,720.1868,0.08476243,0.0,No,No,Terrestrial-like,ML-Host-0729,0.830518,0.999017,5528.358,0.83989473
63.604644,42449.475,1588.083,9.42345,20.00051,23.8857,21.951,2905.05214,2738.864475,3071.239806,25223.43353,8.37558,12.65916,0.057206,91.38324,-119.3239,27.51696273,0.0,No,Yes,Neptune-like,ML-Host-0730,1.535578,1.623878,7890.399,9.2086807
0.024108,2547.168,2786.069,0.992,1.58959,48.0064,47.2676,2420.811339,1779.801117,3061.821561,29326.40019,6.002986,0.96415,0.264791,103.91786,-217.8278,0.00047954,0.0,No,No,Terrestrial-like,ML-Host-0733,0.657331,0.785082,4722.323,0.27615188
3.603555,11198.03,4901.259,7.67209,9.26889,47.3457,51.9312,274.261331,245.082975,303.439686,780.398207,25.557213,4.51143,0.106389,5.67391,69.2884,1.16690045,0.0,No,Yes,Terrestrial-like,ML-Host-0743,1.349832,1.40917,7573.99,5.88735532
7284.626946,196762.466,1826.341,50.23293,99.41808,11.4292,12.245,4742.550005,3304.785502,6180.314508,83215.0102,4.144531,1.84812,0.303163,0.36962,-240.1624,0.0,21.0,Yes,Yes,Gas-giant-like,ML-Host-0746,0.613834,0.692263,4415.034,0.16404903
70.578255,47558.022,1253.144,8.33085,19.90474,22.5665,21.3206,8741.371503,3104.598807,14378.1442,160129.3378,3.969848,5.15155,0.644838,41.7743,-266.73,4.45e-05,5.0,No,Yes,Neptune-like,ML-Host-0747,1.038043,0.970087,5759.423,0.93289382
1454.668942,189843.397,406.05,10.77554,45.22902,4.317,3.8747,4039.166691,3832.875542,4245.457841,63174.53124,4.649593,9.84904,0.051073,178.39772,-254.7944,0.09984229,5.0,No,No,Gas-giant-like,ML-Host-0749,0.657976,0.821743,4526.363,0.25536701
355.739961,78622.312,1397.966,15.36409,34.75572,9.1465,8.0029,276.543135,232.072206,321.014064,1109.834252,18.12049,2.79602,0.16081,8.25873,-147.4848,0.0,6.0,Yes,No,Gas-giant-like,ML-Host-0750,0.684212,0.602288,4824.333,0.17703232
3.682716,9421.105,8411.319,11.07721,10.21565,28.956,28.482,578.375532,321.450934,835.30013,2864.600208,14.682874,6.45329,0.444218,21.92323,-142.1392,0.00035196,1.0,No,No,Terrestrial-like,ML-Host-0753,0.939551,0.986806,5321.776,0.70369585
0.399675,5274.691,5201.359,3.83511,4.49767,1148.4833,1099.8288,59.036945,57.897203,60.176686,115.937496,37.030974,1.36019,0.019306,158.3902,50.2492,0.57547233,0.0,No,No,Terrestrial-like,ML-Host-0760,0.610017,0.665517,4560.801,0.17265434
0.98904,6916.489,5708.976,5.51961,6.1787,1252.3734,1272.3499,43.819493,30.007326,57.63166,65.336275,48.772852,10.64429,0.315206,162.61613,170.2258,0.00023644,0.0,No,No,Terrestrial-like,ML-Host-0763,0.785438,0.800985,5141.555,0.40394429
2.484283,9380.29,5748.488,7.53762,8.40863,-35.5036,32.6614,202.752692,162.394508,243.110877,1040.382056,14.172255,18.10666,0.199051,12.71937,-165.8075,1.62179852,1.0,No,Yes,Terrestrial-like,ML-Host-0772,0.306855,0.352595,3804.092,0.02345579
1.162008,7080.089,6253.083,6.18867,6.61939,3659.3012,3995.3581,70.01797,63.263656,76.772284,119.424554,42.636453,7.63812,0.096465,37.13954,183.0208,212.5780456,0.0,Yes,No,Terrestrial-like,ML-Host-0775,0.959091,1.044453,5563.53,0.941616
1448.54139,111123.015,2016.138,31.31761,58.99243,-12.0083,13.0437,331.102757,186.917675,475.287839,1414.871488,17.018096,4.20764,0.435469,42.28146,-150.3311,0.00041576,11.0,No,Yes,Gas-giant-like,ML-Host-0776,0.722558,0.907265,4973.482,0.45373874
2274.711735,126410.246,2150.705,38.00384,69.31144,16.4287,16.462,4471.073342,3304.643872,5637.502812,71097.04563,4.573255,8.09998,0.260884,113.8896,-175.0433,78.69173302,14.0,Yes,Yes,Gas-giant-like,ML-Host-0777,0.704613,0.746009,4823.429,0.27139777
2492.212431,184494.296,757.945,19.54721,60.05289,9.1552,8.8327,338.553484,136.563984,540.542983,1312.307981,18.761031,1.71254,0.596625,6.82177,-125.9107,7.53e-05,10.0,No,Yes,Gas-giant-like,ML-Host-0780,0.897902,0.969885,5007.852,0.53301746
0.258381,4981.314,3992.367,2.77996,3.72127,2394.264,2224.8904,76.325791,74.708219,77.943363,127.782696,43.437462,2.93288,0.021193,20.93421,187.1333,0.0,0.0,No,No,Terrestrial-like,ML-Host-0783,1.085146,1.050737,6571.463,1.85494408
82.008205,44053.486,1831.968,11.28139,22.29315,35.3732,36.5872,2782.163005,2353.890874,3210.435137,30265.41897,6.684995,9.06018,0.153935,53.12213,-217.4881,0.0,3.0,No,Yes,Neptune-like,ML-Host-0789,0.936856,1.044797,5237.59,0.74009044
0.712419,6363.512,5280.152,4.69686,5.46704,2012.4712,2059.5031,37.773312,33.859846,41.686778,62.503589,43.948624,7.36143,0.103604,151.97693,72.5488,0.00033589,0.0,No,No,Terrestrial-like,ML-Host-0794,0.549748,0.675768,4129.217,0.11960793
1203.452228,114172.714,1544.341,24.64733,53.04765,9.2849,9.7458,606.208614,541.220672,671.196557,3486.727734,12.643556,3.17483,0.107204,179.8536,-110.4258,50.51550267,10.0,Yes,Yes,Gas-giant-like,ML-Host-0800,0.730212,0.838856,5010.52,0.39957694
1.353304,9134.813,3390.766,4.32974,6.28899,8.4156,9.4147,496.646238,479.707123,513.585352,2118.087088,17.051733,2.07644,0.034107,40.78343,-86.5343,0.05812326,0.0,No,No,Terrestrial-like,ML-Host-0803,1.088109,1.065626,6259.404,1.57049444
69.957298,45812.733,1389.555,8.8987,20.19093,-32.7361,30.5763,5635.384393,4100.121942,7170.646844,100622.3705,4.07281,12.37218,0.272433,74.6751,-231.7426,34.45966461,3.0,No,No,Neptune-like,ML-Host-0806,0.704369,0.769723,5089.67,0.35819683
0.032976,2697.486,3208.666,1.2099,1.80657,91.1598,81.1246,6851.812389,6195.447731,7508.177048,132321.9171,3.76564,15.37823,0.095794,106.02358,-267.7471,0.00228943,0.0,No,No,Terrestrial-like,ML-Host-0807,0.732102,0.67094,4677.833,0.1941962
1040.419428,115413.915,1292.514,20.85249,49.05779,12.5734,13.0742,902.911704,742.344247,???,5213.074103,12.595533,10.10758,0.177833,20.39406,-165.8711,0.01287218,6.0,Yes,Yes,Gas-giant-like,ML-Host-0812,1.079361,1.011259,6065.22,1.24682454
3.516899,13112.791,2979.036,5.46054,8.46185,24.4691,25.5911,428.56974,371.771422,485.368057,1869.300904,16.672759,10.4611,0.13253,23.77348,-67.4037,176.3888408,0.0,No,Yes,Terrestrial-like,ML-Host-0814,0.897686,0.913144,5924.787,0.92568728
3.893075,11281.409,5178.503,8.16642,9.59837,-15.2483,15.7372,200.841187,198.087862,203.594513,580.922341,25.142003,0.924,0.013709,4.63537,-27.245,0.24090011,0.0,No,Yes,Terrestrial-like,ML-Host-0817,0.956623,0.886867,6023.096,0.93259135
0.346386,4699.316,6374.676,4.18752,4.43604,-39.9612,39.8596,91.346595,78.545083,104.148108,204.409505,32.497987,0.16092,0.140142,11.77179,2.6466,0.0,0.0,No,No,Terrestrial-like,ML-Host-0819,0.726931,0.670119,5196.839,0.29509109
0.00376,1713.719,1426.707,0.34177,0.76531,89.1063,98.1126,3708.593261,3362.774992,4054.41153,40806.8583,6.609083,16.81818,0.093248,105.92562,-175.567,95.9267722,0.0,No,No,Terrestrial-like,ML-Host-0820,1.220618,1.39931,6719.353,3.59610603
14.362977,15484.36,7388.667,15.99277,15.73651,34.9113,34.6109,129.941695,85.441814,174.441575,314.157153,30.079232,3.0736,0.34246,36.13047,-0.2696,0.79111057,1.0,No,Yes,Super-Earth-like,ML-Host-0826,0.88587,0.823875,4879.968,0.34680466
161.013734,65189.663,1110.013,10.11512,25.67881,12.9992,11.2804,11967.82966,7850.024885,16085.63443,287585.0007,3.026316,4.87632,0.344073,70.88397,-240.0621,2.85465376,4.0,Yes,No,Neptune-like,ML-Host-0830,0.825909,0.796032,5482.306,0.51571401
0.001064,964.371,2266.685,0.30556,0.54284,177.7729,173.5163,3675.718181,2124.909986,5226.526377,49293.16036,5.422764,5.4263,0.421906,114.57646,-234.6055,5.52e-05,0.0,No,No,Terrestrial-like,ML-Host-0841,0.814464,0.834697,5163.697,0.44626725
11.909176,15695.524,5882.414,12.90612,14.23265,21.2557,22.8561,128.803985,107.637837,149.970132,356.735819,26.25716,1.02294,0.164328,19.73013,-16.5987,7.00969422,2.0,No,Yes,Terrestrial-like,ML-Host-0842,0.669134,0.70614,4644.699,0.20907709
0.449358,6264.738,3490.479,3.0567,4.376,17.7489,17.1667,887.677702,508.348915,1267.006488,4603.034085,14.024142,0.3383,0.427327,15.87017,-131.1804,2.33e-05,0.0,No,No,Terrestrial-like,ML-Host-0845,1.315516,1.380202,6271.686,2.65532079
201.230787,67687.835,1239.264,11.7257,28.17246,16.5974,15.0597,1375.843372,665.350477,2086.336268,13834.87058,7.232011,3.59657,0.516405,38.18144,-223.5974,0.0,3.0,Yes,Yes,Neptune-like,ML-Host-0846,0.54222,0.701333,4153.113,0.13183718
0.357023,5422.169,4277.384,3.24202,4.19271,14.3921,14.4775,130.439058,106.804507,154.07361,263.356286,36.018792,14.5788,0.181192,4.98479,83.0547,0.10262438,0.0,Yes,No,Terrestrial-like,ML-Host-0850,1.275129,1.142574,6298.873,1.85146236
2.806409,10295.248,4911.813,7.06876,8.5308,6231.748,5977.3002,213.588659,127.283539,299.893778,784.746448,19.793109,6.70309,0.404072,165.97914,-94.9188,0.0,0.0,No,No,Terrestrial-like,ML-Host-0851,0.630513,0.648299,4634.894,0.17474464
16.528776,24320.482,2194.449,7.4604,13.46999,14.1315,13.7247,1638.30978,1478.449545,1798.170014,16671.0666,7.146573,10.83892,0.097576,94.57507,-224.144,0.0002236,1.0,No,Yes,Super-Earth-like,ML-Host-0852,0.630492,0.604537,4721.857,0.16367852
0.821967,6240.2,6460.413,5.63538,5.93008,55.89,56.2729,536.898132,381.436401,692.359862,3115.503377,12.532244,1.73266,0.289555,32.00499,-140.7825,1.27738648,1.0,No,No,Terrestrial-like,ML-Host-0853,0.635386,0.689823,4697.875,0.2088221
418.844513,115059.549,525.153,8.44643,31.17439,10.759,12.1821,2158.678105,1608.145957,2709.210253,25258.95886,6.21495,3.93441,0.255032,54.32783,-225.3487,0.04819889,7.0,Yes,Yes,Gas-giant-like,ML-Host-0858,0.628277,0.662077,4799.79,0.2096045
0.871779,6855.742,5167.071,4.9518,5.82652,36.4027,42.5154,214.554527,137.469848,291.639206,820.778126,19.00978,6.72992,0.359278,21.16419,-115.9931,0.57294031,0.0,No,No,Terrestrial-like,ML-Host-0863,0.584225,0.63599,4269.197,0.1210541
2023.510086,179175.795,671.844,16.82722,54.9093,12.0101,10.5197,634.668592,558.477515,710.859669,2884.369439,16.001522,21.82569,0.120049,22.99941,-127.0292,0.0,9.0,No,Yes,Gas-giant-like,ML-Host-0865,1.224497,1.248939,6010.54,1.83413486
251.213138,58223.226,2430.832,19.78407,33.93954,3.3636,3.2806,4299.515445,3954.878807,4644.152082,58007.19336,5.390175,0.20657,0.080157,166.42964,-247.2418,0.0,5.0,Yes,No,Neptune-like,ML-Host-0871,0.941268,0.828207,5927.129,0.76269342
0.028732,2333.139,4320.543,1.4091,1.81318,260.4632,266.9591,6119.973495,5820.429365,6419.517624,107814.452,4.127981,10.4297,0.048945,139.09545,-191.6638,82.13236606,0.0,No,No,Terrestrial-like,ML-Host-0875,0.785802,0.892936,5042.628,0.46447547
93.869873,52106.711,1267.204,9.23006,21.93053,11.2605,12.8723,2533.727373,2061.898076,3005.556671,32003.18003,5.757473,4.83434,0.186219,31.81272,-196.2801,0.0145151,1.0,No,No,Neptune-like,ML-Host-0876,0.632866,0.720966,4525.55,0.19643106
106.72522,65379.493,729.363,6.66576,20.87592,8.4192,8.5381,3682.728937,3109.422282,4256.035591,54279.35191,4.934013,7.74107,0.155674,15.85268,-223.3015,0.00010271,2.0,No,No,Neptune-like,ML-Host-0877,0.675551,0.728789,5067.637,0.31558804
0.292329,5121.229,4156.723,2.9757,3.90375,-30.4462,28.865,549.287574,366.464153,732.110996,2496.853552,15.998228,3.99506,0.332837,20.61488,-107.2456,0.00076577,0.0,No,No,Terrestrial-like,ML-Host-0878,1.059331,1.156987,5490.903,1.09629246
0.091461,3381.57,4517.357,2.13534,2.68715,2482.4658,2469.5427,253.680063,182.101712,325.258414,1136.758769,16.22868,27.13686,0.28216,0.61729,-92.4076,59.29287163,0.0,No,No,Terrestrial-like,ML-Host-0881,0.503432,0.652934,4560.619,0.16616069
0.009698,1992.742,2340.504,0.65197,1.13982,111.4655,112.8284,417.195261,381.622703,452.767819,2265.000134,13.394802,10.95077,0.085266,100.8149,-147.4221,1.29e-05,0.0,No,No,Terrestrial-like,ML-Host-0886,0.564027,0.734152,4542.214,0.20669831
316.243558,66590.6,2045.428,19.03976,35.60715,18.8954,18.1942,5805.44705,3430.122657,8180.771444,115072.2813,3.668851,1.09928,0.409154,22.66052,-230.25,2.18271247,3.0,Yes,Yes,Gas-giant-like,ML-Host-0887,0.588822,0.700883,4353.032,0.1589106
7.548308,13958.063,5301.216,10.34344,12.01559,7374.1251,7915.2062,198.729048,182.567403,214.890692,692.675927,20.863945,12.53936,0.081325,176.51021,-68.5984,0.00124877,0.0,No,No,Terrestrial-like,ML-Host-0890,0.651842,0.692673,4892.027,0.24757476
1.124392,6105.896,9433.459,8.05165,7.0116,4349.3996,4729.1997,96.712783,82.786281,110.639285,266.90339,26.350871,9.53312,0.143999,13.70713,-81.112,0.00654902,0.0,No,No,Terrestrial-like,ML-Host-0901,0.506013,0.551594,4131.543,0.07986992
0.149143,3618.005,6014.446,3.04179,3.31741,1219.8225,1422.0931,120.560657,117.894383,123.22693,295.718776,29.64776,5.95297,0.022116,178.42633,28.1252,0.02293922,0.0,No,No,Terrestrial-like,ML-Host-0908,0.798505,0.796823,5824.697,0.65843365
2794.451054,247324.167,352.775,12.19633,54.92219,8.2686,8.7345,676.700724,363.973736,989.427711,4396.290545,11.193746,5.21383,0.462135,3.49877,-171.6379,0.0045574,6.0,Yes,Yes,Gas-giant-like,ML-Host-0910,0.638904,0.812473,4412.619,0.22547479
193.719803,65807.944,1298.196,11.94217,28.03372,7.7028,8.8902,2830.192461,1851.857923,3808.526999,33333.65591,6.174449,0.80935,0.345678,117.90413,-210.1606,0.07720927,3.0,No,Yes,Neptune-like,ML-Host-0913,0.813019,0.869812,5447.55,0.60027523
207.420208,59950.479,1838.546,15.40747,30.39219,8.6721,8.3137,4652.302844,2699.923565,6604.682123,60139.84073,5.625626,6.11191,0.419659,39.09876,-216.6184,0.00034129,4.0,Yes,No,Neptune-like,ML-Host-0919,1.109425,1.166122,6155.0,1.75830642
1.175519,7690.207,4936.476,5.30664,6.3882,2605.8774,2384.7645,291.999631,226.458308,357.540955,846.746991,25.078053,13.79734,0.224457,169.97064,-35.0224,0.34896209,0.0,No,No,Terrestrial-like,ML-Host-0921,1.383751,1.272221,6089.505,2.00515401
0.010038,1833.584,3109.941,0.79711,1.20895,208.0483,207.1792,2083.201979,2020.391073,2146.012885,22945.19028,6.602447,7.668,0.030151,132.43314,-199.6627,0.0,0.0,No,No,Terrestrial-like,ML-Host-0923,0.684273,0.751031,4606.586,0.22883715
1.027708,6829.049,6162.977,5.88322,6.33852,11.1762,12.4279,205.329839,178.143451,232.516228,758.906734,19.675639,2.68627,0.132403,65.38631,-78.0082,30.73546645,2.0,No,No,Terrestrial-like,ML-Host-0925,0.59896,0.698378,4461.65,0.17412365
0.240025,3853.926,8008.432,4.31435,4.07764,1019.2942,1109.924,152.874159,106.851786,198.896533,371.097123,29.957921,1.45749,0.301047,25.65991,11.4973,0.02453595,0.0,No,No,Terrestrial-like,ML-Host-0927,1.033821,1.040788,5881.306,1.16765581
2.149317,9346.965,5026.782,6.56788,7.83516,50.8918,45.7678,304.972084,123.805379,486.138789,1135.894525,19.52483,1.45005,0.594044,27.37891,-55.4628,2.40257194,1.0,No,No,Terrestrial-like,ML-Host-0938,0.876038,0.791237,5647.981,0.57395961
0.641257,5405.777,7752.805,5.85843,5.62755,-3316.6649,3455.4827,51.649595,43.289905,60.009286,65.233859,57.578326,2.61185,0.161854,12.7039,325.74,0.01389191,0.0,No,No,Terrestrial-like,ML-Host-0939,1.290248,1.191269,6660.859,2.51672247
0.068532,3927.86,2159.881,1.18591,2.15826,156.3659,156.2725,10130.88119,8252.014921,12009.74746,193625.7408,3.804953,8.00475,0.185459,106.06752,-242.6997,6.11e-05,0.0,No,No,Terrestrial-like,ML-Host-0943,1.105182,1.23995,6376.967,2.29065544
1982.035528,148240.626,1162.013,24.07923,59.74547,3.8207,4.0613,4873.158681,3439.543212,6306.77415,76284.19935,4.645593,8.33015,0.294186,51.10282,-246.8593,0.12040009,13.0,Yes,Yes,Gas-giant-like,ML-Host-0944,0.792467,0.816699,5210.041,0.4427755
0.04951,3940.957,1544.847,0.85104,1.83137,136.1695,141.8316,5942.072255,3363.631551,8520.512958,80056.24878,5.397689,11.84613,0.43393,133.48781,-241.9484,0.0,0.0,No,No,Terrestrial-like,ML-Host-0946,1.304493,1.163553,6567.484,2.26914809
0.311253,5898.285,2896.932,2.38852,3.75342,19.0533,19.7274,336.79763,278.774984,394.820277,1388.809306,17.635655,4.73794,0.172277,28.94507,-101.6318,0.00045029,0.0,No,No,Terrestrial-like,ML-Host-0953,0.789297,1.009919,4994.177,0.57164166
2.736956,not_available,5762.176,7.79731,8.688,4873.2345,4265.8846,107.295819,103.160348,111.431289,283.84125,27.489856,3.3746,0.038543,163.54891,-48.8669,0.0,0.0,No,No,Terrestrial-like,ML-Host-0955,0.610964,0.698259,4709.185,0.21602825
2.014589,8275.979,6787.811,7.8526,8.06151,-29.8301,28.4957,340.970069,312.776878,369.16326,1047.564085,23.67014,2.06138,0.082685,2.71256,-11.6127,0.00577278,0.0,No,No,Terrestrial-like,ML-Host-0960,1.439481,1.342492,7429.84,4.94807236
0.241966,4134.819,6537.105,3.77839,3.95259,1640.6915,1778.533,67.596163,54.858409,80.333917,108.851791,45.159762,8.03018,0.188439,163.71414,135.5235,1.71e-05,0.0,No,No,Terrestrial-like,ML-Host-0962,1.038756,0.979929,5821.168,0.99340002
14.602752,19185.658,3949.172,10.59125,14.25482,3873.7081,3904.6039,61.488821,36.074379,86.903263,141.590392,31.581122,14.60378,0.413318,179.77292,-81.8282,0.00184628,0.0,Yes,No,Super-Earth-like,ML-Host-0963,0.462104,0.526954,3875.908,0.05645913
0.009002,2286.041,1439.092,0.45987,1.02532,89.0012,91.3162,10689.55613,9704.136728,11674.97554,296093.457,2.625403,0.55403,0.092185,132.84755,-211.6817,7.07787721,1.0,No,No,Terrestrial-like,ML-Host-0970,0.555188,0.611623,3989.99,0.08541792
0.004977,1818.83,1579.718,0.40164,0.8547,100.3065,116.1489,6054.956461,5788.273086,6321.639837,63706.09005,6.911865,8.01711,0.044044,140.99859,-149.9517,0.02578623,0.0,No,No,Terrestrial-like,ML-Host-0971,2.179665,1.852594,8593.384,16.86212796
51.2594,38492.055,1716.57,9.23628,18.85533,12.2783,11.1136,8378.349081,7870.896012,8885.80215,135988.9496,4.480433,8.73327,0.060567,118.69055,-200.9483,1.45537695,0.0,No,No,Super-Earth-like,ML-Host-0972,1.267321,1.144727,6297.561,1.8568974
185.929256,78625.317,730.57,8.0295,25.12613,6.8683,6.0735,847.785957,380.83769,1314.734223,6935.947767,not_available,1.44917,0.550786,17.86973,-221.005,0.0,4.0,Yes,Yes,Neptune-like,ML-Host-0976,0.504737,0.543984,3948.484,0.06480204
0.283946,5528.584,3209.193,2.48013,3.70292,4204.2572,3952.8298,24.308151,23.532247,25.084054,19.760849,89.456417,20.9269,0.031919,9.99565,756.1961,0.87969833,0.0,No,No,Terrestrial-like,ML-Host-0978,1.465761,1.397968,7219.705,4.78373101
4.365696,13924.449,3088.31,6.01123,9.14894,3771.8453,3981.8475,228.609,224.051614,233.166386,652.611621,25.474384,1.88931,0.019935,145.65151,-13.5976,79.31075193,0.0,No,No,Terrestrial-like,ML-Host-0984,1.117864,0.962993,5537.429,0.78554943
0.393837,5277.133,5118.275,3.7756,4.46367,838.0811,736.8174,48.241893,46.481399,50.002387,105.590715,33.224908,6.64298,0.036493,162.01681,-56.9248,0.23856863,0.0,No,No,Terrestrial-like,ML-Host-0993,0.401273,0.501931,3642.922,0.03997436
2.313663,8967.342,6127.88,7.68136,8.29948,29030.2033,28095.6411,44.248927,36.442358,52.055496,49.509923,64.99436,6.62687,0.176424,3.51228,548.2843,0.00025386,1.0,No,No,Terrestrial-like,ML-Host-1000,1.408453,1.486074,7575.136,6.55144826
1.192609,8290.414,3997.338,error,6.19718,-38.1575,45.4996,279.780233,234.256196,325.304269,838.782067,24.256775,0.23264,0.162714,22.82634,-64.6645,0.36087778,0.0,No,No,Terrestrial-like,ML-Host-1002,1.240427,1.268068,6232.781,2.18628622
164.532313,73153.376,802.693,8.2082,24.50424,10.4056,9.0914,3028.750233,2888.997409,3168.503058,34790.31928,6.33097,3.57372,0.046142,164.26329,-228.5333,0.00014739,0.0,No,No,Neptune-like,ML-Host-1004,0.914728,0.892211,5024.415,0.45705838
220.708821,75998.72,960.29,10.20171,27.84451,26.5669,24.3891,134.991445,77.482649,192.50024,472.48206,20.777156,2.76201,0.426018,40.2787,-113.2176,0.0,4.0,Yes,Yes,Neptune-like,ML-Host-1006,0.439103,0.506885,4511.614,0.09590492
110.186731,50921.239,1593.8,11.34481,24.03522,5.2502,5.759,3007.934488,2574.996368,3440.872608,34376.45431,6.363155,10.72087,0.143932,95.47206,-98.6314,213.0249036,2.0,No,Yes,Neptune-like,ML-Host-1008,0.917701,0.970849,5309.74,0.6749807
0.292882,5170.862,4045.812,2.92438,3.88864,19.7009,21.0464,148.320886,139.940379,156.701393,393.929867,27.380954,1.73236,0.056503,47.41678,-35.4525,1.51408283,0.0,No,No,Terrestrial-like,ML-Host-1011,0.837891,0.947048,5052.243,0.52647289
1317.742661,125295.578,1279.454,22.40912,52.98834,14.795,15.475,1044.684805,579.810829,1509.558781,5484.835384,13.851183,1.91838,0.44499,4.70201,-158.4472,0.00013848,9.0,No,Yes,Gas-giant-like,ML-Host-1015,1.510244,1.184766,6749.865,2.62506734
314.516574,104692.917,523.471,7.66081,28.32018,8.7345,7.8226,2701.171201,2375.639622,3026.70278,36386.05671,5.398614,10.40659,0.120515,24.77771,-239.2036,0.04420344,10.0,Yes,Yes,Gas-giant-like,ML-Host-1019,0.593205,0.684917,4323.959,0.14773963
21.09056,30181.268,1465.133,6.18129,13.65866,10.096,10.6231,11967.82966,9924.173108,14011.4862,299650.9822,2.904456,8.84359,0.170763,114.38468,-245.7988,4.28e-05,3.0,No,Yes,Super-Earth-like,ML-Host-1025,0.760735,0.847239,4032.415,0.17098856
10919.85342,234194.66,1623.631,53.15309,111.57137,15.6985,15.8923,212.532402,200.4278,224.637003,504.368059,30.643809,0.72463,0.056954,175.64703,50.7331,0.0,28.0,Yes,Yes,Gas-giant-like,ML-Host-1026,1.50383,1.487769,6974.708,4.71921843
0.687297,6382.632,5048.315,4.50413,5.36173,757.582,771.3003,740.821307,653.303509,828.339104,4872.018033,11.057826,10.31092,0.118136,1.28403,-176.1333,0.01669669,0.0,No,No,Terrestrial-like,ML-Host-1030,0.68256,0.72995,4468.464,0.19138768
1120.774756,159148.824,531.018,11.81346,43.3601,7.5898,7.4853,638.955678,588.782962,689.128394,3697.981757,12.56525,8.60198,0.078523,59.42752,-207.728,0.03700101,7.0,Yes,Yes,Gas-giant-like,ML-Host-1034,0.760153,0.857015,4614.529,0.30004098
0.094489,3891.683,3061.738,1.6656,2.54597,18.6419,18.1237,233.992023,186.011666,281.972381,892.427701,19.067475,11.53816,0.205051,29.74413,-82.8057,60.32834619,0.0,No,No,Terrestrial-like,ML-Host-1040,0.641026,0.739502,4303.993,0.16906726
84.695783,57380.78,856.178,6.86744,19.85091,10.4107,12.2979,2446.860846,2070.716008,2823.005685,26807.87448,6.637615,1.1456,0.153725,46.69019,-197.3568,0.00065468,4.0,No,No,Neptune-like,ML-Host-1042,0.81231,0.889618,5166.142,0.50788765
3950.302346,173154.089,1453.227,35.17471,78.04259,10.9013,10.1271,579.049542,461.364898,696.734187,3286.717342,12.812048,0.22206,0.203238,165.33492,-124.3849,12.78648579,14.0,No,No,Gas-giant-like,ML-Host-1046,0.716211,0.766102,4991.32,0.32819318
9267.30774,270664.572,892.608,33.77198,95.60794,10.3011,10.5077,340.961324,259.267016,422.655632,805.280969,30.790934,4.19139,0.2396,18.0962,200.6902,18.53414409,16.0,Yes,Yes,Gas-giant-like,ML-Host-1047,2.435785,2.10191,9087.145,27.14142191
3.511694,11068.782,4945.595,7.65214,9.20325,12.3171,14.6116,1056.407302,612.433387,1500.381217,7627.758528,10.071627,0.49714,0.420268,170.22892,-169.8455,1.41362613,0.0,No,Yes,Terrestrial-like,ML-Host-1048,0.807456,0.669647,5048.285,0.2623988
3.433435,9007.694,8972.0,11.29711,10.08766,33.9388,37.6829,238.287883,179.598412,296.977354,680.501657,25.464664,18.22433,0.246296,15.38158,-13.9832,0.00055424,1.0,No,Yes,Terrestrial-like,ML-Host-1049,1.164303,1.004548,6317.251,1.44793368
0.393111,5997.961,3479.414,2.91725,4.18301,16.0532,16.605,98.441604,64.643282,132.239926,228.209532,31.369679,0.99485,0.343334,178.34594,-17.5766,0.0,0.0,No,No,Terrestrial-like,ML-Host-1050,0.72994,0.900791,4582.847,0.32246581
0.349709,5316.965,4443.411,3.30251,4.19039,1723.7069,1726.7399,38.032463,32.679014,43.385911,37.572154,73.612833,4.93452,0.14076,2.23084,513.1626,0.0,0.0,No,No,Terrestrial-like,ML-Host-1051,1.552922,1.335205,6990.811,3.83619385
47.586588,44254.947,1048.577,6.48674,16.94315,6.5142,6.3414,1066.446819,499.684983,1633.208656,8005.426172,9.687683,7.01326,0.531449,113.50206,-223.84,0.0,1.0,No,Yes,Super-Earth-like,ML-Host-1056,0.754166,0.881358,4661.54,0.33045853
254.922191,71403.498,1337.367,13.34856,30.87287,16.0623,17.8634,8373.997797,8202.6683,8545.327294,182526.9346,3.336346,7.6966,0.02046,81.10251,-250.7153,0.01588755,1.0,No,No,Neptune-like,ML-Host-1060,0.702365,0.652577,4832.162,0.20918197
0.185211,3995.954,5543.785,3.09664,3.51768,933.792,874.6637,2.974456,2.904063,3.044849,1.595047,135.612375,1.39917,0.023666,19.77527,647.0694,2.29499898,0.0,UNKNOWN_VALUE,No,Terrestrial-like,ML-Host-1063,0.412187,0.498925,3667.999,0.04059583
2.991877,10645.635,4736.204,7.04801,8.66202,26.8509,27.8708,56.435303,52.113351,60.757255,87.775649,46.756499,3.25909,0.076582,24.70893,217.0064,117.2887622,0.0,No,Yes,Terrestrial-like,ML-Host-1066,0.929657,0.844875,5937.383,0.79920772
14.424246,16927.448,5679.63,13.43928,15.08286,51.6605,46.3486,118.036845,116.85298,119.22071,242.409844,35.410537,4.58726,0.01003,39.05383,26.5062,0.00121808,0.0,Yes,Yes,Super-Earth-like,ML-Host-1070,1.115246,1.00506,6030.682,1.20377243
0.005355,1801.661,1748.923,0.44046,0.89082,438.8991,420.1473,3685.767794,3456.926855,3914.608733,59520.89973,4.503225,2.90635,0.062088,158.716,-185.533,9.68703608,0.0,No,No,Terrestrial-like,ML-Host-1077,0.563201,0.624318,4543.298,0.14962076
68.111423,46361.429,1305.422,8.46003,19.80452,15.3779,14.2287,1136.462798,1049.987186,1222.93841,6602.935712,12.516512,7.01462,0.076092,118.24546,-126.1381,0.00024606,2.0,No,Yes,Neptune-like,ML-Host-1081,1.34156,1.269432,6365.092,2.38304588
191.476602,64660.981,1352.665,12.22635,28.11704,9.1808,8.562,897.597342,784.794709,1010.399975,6229.892995,10.477705,2.74117,0.125672,80.85149,-200.6107,0.02642814,3.0,No,No,Neptune-like,ML-Host-1086,0.742509,0.708385,5295.843,0.35561026
3938.29175,228034.868,634.316,20.21953,67.90256,22.8444,23.9495,792.206731,726.711924,857.701539,5071.675096,11.359319,10.51891,0.082674,22.14492,-165.8053,0.0803572,16.0,Yes,Yes,Gas-giant-like,ML-Host-1091,0.770249,0.883016,4704.345,0.3440552
0.19672,4171.606,5175.348,3.01792,3.54818,1005.5877,955.0241,113.240544,105.303308,121.177781,373.78443,22.031594,2.27208,0.070092,164.11735,-45.658,1.16089009,0.0,No,No,Terrestrial-like,ML-Host-1093,0.414173,0.511771,4105.121,0.06701145
772.719954,136999.911,573.935,10.99125,38.80465,5.4841,5.4507,981.944277,948.561893,1015.326661,4846.190157,14.735048,21.02932,0.033996,33.88069,-133.9793,1.13e-05,10.0,No,Yes,Gas-giant-like,ML-Host-1098,1.60649,1.546355,6841.007,4.71838487
1320.070884,136956.486,981.411,18.78874,50.72712,3.4646,3.3716,1565.586446,918.478076,2212.694817,13765.63675,8.27077,6.10728,0.413333,25.10146,-199.9896,0.00103509,12.0,No,Yes,Gas-giant-like,ML-Host-1100,0.806969,0.862759,5161.094,0.47581752
260.129793,64269.646,1871.431,16.81295,32.87191,-21.0263,20.537,1935.05334,1686.902169,2183.204512,24993.05507,5.630394,7.0285,0.12824,37.26584,-185.5897,162.3211825,3.0,No,Yes,Neptune-like,ML-Host-1107,0.462231,0.471123,3674.268,0.0364457
437.595047,84683.817,1376.171,16.29061,37.1423,32.0112,30.4519,3483.782256,3280.830861,3686.733652,57346.70715,4.417817,3.20611,0.058256,94.12248,-216.4686,0.0,8.0,Yes,Yes,Gas-giant-like,ML-Host-1112,0.512336,0.679189,4517.274,0.17305394
4081.1492,206285.62,887.926,25.60415,72.67577,15.3013,15.1018,450.530363,421.999304,479.061423,1786.15327,18.343006,2.73302,0.063328,30.90412,-70.9885,0.0120962,18.0,No,Yes,Gas-giant-like,ML-Host-1114,1.142229,1.103191,6870.539,2.44320408
0.215274,4213.461,5496.382,3.23728,3.69326,16.0307,18.299,44.01093,25.629186,62.392675,80.702021,39.65896,3.63082,0.417663,16.19542,23.2133,0.0,0.0,No,No,Terrestrial-like,ML-Host-1120,0.521592,0.611424,3986.544,0.08506779
0.479892,6156.091,3928.525,3.38064,4.56197,1700.8272,1553.5795,55.167938,29.622839,80.713037,100.833999,39.787343,1.97926,0.463042,153.21778,44.1396,0.00092246,0.0,No,No,Terrestrial-like,ML-Host-1121,0.658059,0.66978,4500.168,0.16575788
0.795363,7174.515,4113.29,4.12521,5.44026,24.6451,22.4539,159.087087,157.259906,160.914269,449.166502,25.75685,0.26277,0.011485,17.14109,-18.0004,28.46531741,0.0,No,No,Terrestrial-like,ML-Host-1127,0.795259,0.749395,5379.69,0.42378428
12.750983,13484.379,9932.353,18.72179,15.88873,3822.9188,3892.1683,46.333995,39.836577,52.831413,66.768737,50.465173,2.76397,0.14023,156.32862,229.0886,0.45293242,0.0,No,No,Super-Earth-like,ML-Host-1136,0.889143,0.848159,5721.524,0.69453776
0.068651,3322.799,3573.854,1.65999,2.34858,205.0972,233.8228,2892.995918,2759.214932,3026.776904,28815.757,7.30101,4.69243,0.046243,97.33191,-196.6997,0.0,0.0,No,No,Terrestrial-like,ML-Host-1139,1.161989,1.30965,6091.432,2.12756432
0.614846,6725.178,3860.616,3.62932,4.94042,2697.8631,3027.4596,33.2072,25.663648,40.750753,29.766166,81.128705,14.62932,0.227166,0.90466,738.4627,1.15e-05,0.0,No,No,Terrestrial-like,ML-Host-1140,1.646909,1.579841,7778.348,8.23135423
6.204968,12163.843,6584.586,11.19602,11.6699,3192.305,2929.4327,372.754941,294.670381,450.839502,908.603385,29.834189,3.5203,0.20948,5.61134,111.5248,0.00058912,0.0,Yes,No,Terrestrial-like,ML-Host-1141,2.5,1.954233,8912.947,21.71363903
3.806327,12632.122,3606.438,6.36824,8.96908,23.7583,21.8968,201.460561,180.797286,222.123837,809.113433,18.106971,2.34918,0.102567,5.96842,-157.1639,1.03029226,0.0,No,Yes,Terrestrial-like,ML-Host-1142,0.497702,0.554768,3856.196,0.0613133
1.974732,10601.403,3165.333,4.6908,7.05189,6280.018,5326.3056,59.226582,49.520765,68.932399,85.202886,50.550743,18.61861,0.163876,1.22859,238.5906,1.84197476,0.0,Yes,No,Terrestrial-like,ML-Host-1143,1.140407,1.125377,6033.636,1.51219237
0.449275,6476.683,3158.318,2.85939,4.30341,-23.7254,24.8423,38.44529,35.338041,41.552539,76.46095,36.565257,0.44419,0.080823,38.6603,-29.865,1.61e-05,0.0,No,No,Terrestrial-like,ML-Host-1144,0.387319,0.48801,3720.988,0.04113258
0.093658,3467.049,4292.054,2.08013,2.6855,1099.4899,1023.4403,751.696511,438.121979,1065.271044,2896.918066,18.869983,7.62095,0.417156,24.107,-25.0252,58.02037734,0.0,No,No,Terrestrial-like,ML-Host-1146,2.01685,1.768107,6858.272,6.23118411
4570.961509,182731.408,1430.768,36.54659,81.72032,-4.8609,5.2794,1901.440313,1633.737834,2169.142792,16310.06221,8.477977,3.54506,0.140789,37.27145,-192.3184,2.07266638,13.0,Yes,Yes,Gas-giant-like,ML-Host-1153,1.029806,1.01574,5336.424,0.75380868
0.004176,1711.675,1590.476,0.38055,0.80708,109.7956,102.1146,6732.127003,6695.904921,6768.349086,131455.4175,3.724251,2.5991,0.00538,109.22342,-192.0617,29.32784863,0.0,No,No,Terrestrial-like,ML-Host-1154,0.703588,0.656288,4999.36,0.24240517
183.862402,60037.392,1622.665,13.61805,28.59357,23.6163,23.8807,818.378943,622.613155,1014.144732,3680.925425,16.168235,7.14619,0.239212,163.2469,-122.9754,0.00999625,3.0,No,Yes,Neptune-like,ML-Host-1155,1.61201,1.27795,6597.195,2.78714662
0.014344,2286.601,2291.362,0.7324,1.2941,-764.7071,810.0077,11967.82966,10352.40738,13583.25193,255618.7372,3.404771,4.51956,0.13498,116.17729,-217.1617,3.65953127,0.0,No,No,Terrestrial-like,ML-Host-1159,1.045392,0.997144,5279.953,0.69619421
331.127755,80855.41,1196.382,13.52207,33.06558,15.6967,14.198,1721.25288,1560.976219,1881.52954,17410.52902,7.189487,6.05271,0.093116,159.47633,-213.9587,0.0,2.0,No,Yes,Gas-giant-like,ML-Host-1161,0.670392,0.692935,4978.97,0.26585067
0.302975,4442.752,6598.613,4.09797,4.26688,-862.9978,833.9529,13.871154,6.471004,21.271303,8.847218,114.01738,12.74155,0.533492,176.4277,974.5511,17.64876557,0.0,No,No,Terrestrial-like,ML-Host-1166,1.35876,1.373674,6551.413,3.13185934
1105.097532,167864.87,446.193,10.47,41.92309,6.4074,7.8762,828.29672,803.940697,852.652742,4909.648709,12.268761,0.4776,0.029405,6.78416,-156.9734,0.0008846,13.0,Yes,Yes,Gas-giant-like,ML-Host-1167,0.939454,0.979064,5250.608,0.65638068
2.178258,9734.972,4509.273,6.13629,7.72894,10489.8632,10555.9326,70.975584,48.252968,93.6982,165.482828,31.19042,2.27423,0.320147,155.54679,-15.6341,4.7737232,1.0,No,No,Terrestrial-like,ML-Host-1168,0.520283,0.550893,4683.037,0.13150405
5.464378,12909.967,4850.279,8.75298,10.63018,4738.0386,4199.1433,40.650525,37.509667,43.791383,54.010496,54.733494,4.72968,0.077265,174.29244,185.8655,0.00173766,0.0,No,No,Terrestrial-like,ML-Host-1176,0.917615,0.794645,5677.086,0.5909393
0.050955,4084.708,1427.937,0.81533,1.82494,245.4453,213.2972,6872.224785,2488.331306,11256.11826,101375.3123,4.929812,4.40146,0.637915,177.94877,-218.9404,3.22e-05,0.0,No,No,Terrestrial-like,ML-Host-1177,1.258479,1.157798,6549.86,2.22273716
285.449445,77103.95,1189.325,12.81863,31.43831,5.7592,5.5012,154.751646,116.768991,192.7343,265.982684,42.310396,9.27612,0.245443,157.53267,323.4069,58.57185103,3.0,No,Yes,Neptune-like,ML-Host-1185,2.087457,1.991128,8311.571,17.0461266
0.260466,4140.502,7007.996,4.05612,4.0981,582.9458,605.5276,85.560082,78.504737,92.615427,99.918528,62.271646,12.14511,0.082461,157.42729,493.2211,5.11e-05,0.0,No,No,Terrestrial-like,ML-Host-1186,2.5,1.801271,8441.396,14.84259712
32.237637,29828.417,2319.925,9.67316,16.98632,15.7913,16.7289,724.041823,718.94371,729.139936,2633.219971,19.995934,7.79675,0.007041,116.48469,-17.8812,1.14e-05,0.0,No,Yes,Super-Earth-like,ML-Host-1187,2.181399,1.783309,7972.502,11.57514503
27.540314,23059.368,4289.711,13.82738,17.85639,61.4819,60.0041,63.108572,48.180652,78.036491,78.908928,58.1604,6.37899,0.236543,175.74827,349.8933,0.00278862,1.0,###,Yes,Super-Earth-like,ML-Host-1189,1.608538,1.465316,7237.186,5.30683829
341.475389,78990.129,1323.251,14.61098,33.97239,43.2031,38.2857,1469.459773,1320.262187,1618.65736,11023.25979,9.694219,15.70224,0.101532,78.87374,-170.5197,6.41e-05,6.0,Yes,No,Gas-giant-like,ML-Host-1190,1.04057,0.968817,5749.375,0.92397616
0.085875,3666.547,3327.329,1.70537,2.50056,17.9718,18.3897,238.508843,222.807042,254.210645,1015.894347,17.073443,12.56445,0.065833,0.27039,-160.1643,3.96e-05,0.0,Yes,No,Terrestrial-like,ML-Host-1191,0.523884,0.646853,4032.374,0.09966651
1.934042,8812.532,5397.158,6.6486,7.65448,10.397,10.844,294.783524,244.822729,344.74432,904.320774,23.705323,1.2716,0.169483,12.30925,-36.7771,0.0,1.0,No,No,Terrestrial-like,ML-Host-1194,1.248197,1.198228,6100.331,1.79137802
0.001662,error,2997.19,0.42703,0.65973,310.7108,269.9764,11967.82966,9060.828864,14874.83045,240438.7646,3.619729,2.93458,0.242901,140.91048,-230.1956,0.16497175,0.0,No,No,Terrestrial-like,ML-Host-1200,1.18156,1.275203,6223.898,2.19838266
0.009141,2232.39,1569.238,0.48969,1.04555,142.0758,122.5546,536.161309,378.157391,694.165227,2739.232302,14.234158,0.71595,0.294695,99.77329,-158.3718,3.48e-05,0.0,No,No,Terrestrial-like,ML-Host-1202,0.818554,0.784451,5063.241,0.36436875
320.33588,74572.907,1475.244,15.37833,33.86453,17.9517,17.097,896.087204,674.576592,1117.597817,4177.109843,15.600537,5.17003,0.247198,99.04487,-89.3966,0.2555955,7.0,No,Yes,Gas-giant-like,ML-Host-1203,1.643303,1.400475,7780.441,6.47533093
42.918762,39461.994,1333.864,7.35792,17.0399,31.7859,32.8694,1691.090701,1522.359164,1859.822237,25451.44659,4.831919,15.03228,0.099777,77.42098,-210.3011,55.29288559,2.0,No,Yes,Super-Earth-like,ML-Host-1206,0.297505,0.411464,3062.385,0.0134152
0.0407,3705.231,1528.088,0.79146,1.71247,64.2834,59.2507,3374.515063,2695.63204,4053.398087,44076.61247,5.567604,21.99889,0.201179,93.94049,-232.7622,0.0010219,0.0,No,No,Terrestrial-like,ML-Host-1208,0.7882,0.841081,5498.561,0.58259506
103.494942,54953.972,1191.031,9.14927,22.42296,32.1147,31.9172,845.134976,753.01416,937.255793,7451.659109,8.247803,12.24729,0.109001,26.45902,-200.4501,0.0,3.0,No,Yes,Neptune-like,ML-Host-1209,0.433202,0.51666,3654.547,0.04289815
219.298899,95482.425,481.136,6.42178,24.76221,14.8743,13.6632,3366.673406,3159.350804,3573.996009,39832.92537,6.146444,10.24558,0.061581,8.86932,-170.9731,31.16854659,5.0,corrupt,Yes,Neptune-like,ML-Host-1210,0.958378,0.98203,5418.65,0.74904613
0.163602,3738.739,5978.808,3.12467,3.41794,3787.1646,3867.0827,26.80053,18.656523,34.944538,28.03911,69.509528,3.46599,0.303875,154.28546,424.9648,1.72e-05,0.0,No,No,Terrestrial-like,ML-Host-1214,0.975709,1.068511,5921.98,1.26508828
0.675678,8181.373,2356.475,2.69497,4.69559,-25.1156,26.7969,543.97665,455.850067,632.103234,2246.869427,17.60628,8.1712,0.162004,39.7498,-95.865,6.53845988,0.0,No,No,Terrestrial-like,ML-Host-1217,1.270585,1.115731,5992.111,1.44588285
261.498957,70016.945,1454.996,14.24064,31.57666,23.9991,21.796,11967.82966,11036.77307,12898.88625,231156.6423,3.76508,1.76716,0.077797,51.61403,-239.6399,0.00126082,3.0,No,Yes,Neptune-like,ML-Host-1224,1.278356,1.170372,6142.67,1.75699744
629.445387,122723.428,650.395,11.15755,37.00396,19.7302,18.0174,591.585124,558.733447,624.4368,2489.526629,17.280872,7.11416,0.055532,38.99052,-58.416,150.88804,8.0,No,Yes,Gas-giant-like,ML-Host-1227,1.33118,1.064821,6385.165,1.6979946
0.027424,2601.961,2973.261,1.08143,1.67745,202.2201,203.5855,11967.82966,7463.753489,16471.90582,283206.708,3.073102,5.00832,0.376349,117.78829,-243.3982,0.00025407,0.0,No,No,Terrestrial-like,ML-Host-1229,0.851643,0.867648,5287.398,0.53008977
0.307037,5957.136,2773.827,2.30984,3.70945,12.215,12.3254,869.282534,795.525657,943.039411,4000.47533,15.80209,13.42924,0.084848,22.02561,-119.2674,0.0,0.0,No,No,Terrestrial-like,ML-Host-1234,1.635604,1.449002,7252.361,5.23299243
1503.037542,171527.67,568.812,13.63852,48.36717,13.2391,13.3452,480.814555,411.442194,550.186916,2083.264456,16.784112,11.39868,0.144281,57.69417,-118.3446,0.0,9.0,Yes,Yes,Gas-giant-like,ML-Host-1239,1.020616,1.102388,6168.799,1.58549933
1.418594,8695.035,4121.407,5.00935,6.59973,27.3729,22.3377,37.874465,26.393581,49.355349,39.550653,69.639883,14.9868,0.30313,29.54034,500.1423,0.0,0.0,No,No,Terrestrial-like,ML-Host-1244,1.384047,1.298241,6700.562,3.06090635
242.796946,77301.003,1003.897,10.84773,28.95756,9.7734,8.7698,1602.484384,1112.456962,2092.511807,13241.49248,8.800798,2.42416,0.305792,32.34037,-207.0135,0.00031396,6.0,No,No,Neptune-like,ML-Host-1249,0.935246,0.909734,5413.93,0.64058151
0.504695,5738.819,5099.916,4.09119,4.84547,12.7796,14.9908,365.535615,289.574483,441.496747,1908.660022,13.92728,2.13503,0.207808,19.22221,-147.6271,17.60139652,0.0,No,No,Terrestrial-like,ML-Host-1253,error,0.62944,4340.707,0.12672019
339.403128,76293.206,1459.687,15.56718,34.46258,20.086,19.884,9817.249664,8372.849494,11261.64984,257539.7578,2.772112,0.5112,0.147129,20.18708,-239.2344,0.00010999,5.0,Yes,No,Gas-giant-like,ML-Host-1254,0.568459,0.52529,4457.577,0.09814963
5470.7541,262876.189,575.168,21.1354,74.53853,14.1401,14.1403,2466.613503,1735.954049,3197.272956,15466.45895,11.597794,8.7277,0.29622,171.06781,-112.2844,0.00066266,17.0,No,Yes,Gas-giant-like,ML-Host-1258,2.5,2.215784,8967.475,28.60423128
829.501458,106305.259,1318.725,19.59627,45.64194,6.678,6.4695,2669.079782,2490.899856,2847.259708,31268.26034,6.20759,2.67456,0.066757,4.83721,-200.282,0.0,3.0,No,No,Gas-giant-like,ML-Host-1261,0.774989,0.95983,5184.904,0.59985447
332.032716,86030.205,995.931,11.97691,32.09947,24.3713,24.4041,1609.805065,1554.623095,1664.987035,16078.16233,7.281185,9.908,0.034279,109.94161,-224.0628,5.67e-05,7.0,Yes,Yes,Gas-giant-like,ML-Host-1262,0.643081,0.773625,4601.465,0.24173532
3.655105,9661.989,7739.3,10.4528,10.04962,21.4657,22.484,75.696615,73.9763,77.416929,171.145224,32.164503,0.7276,0.022726,67.08573,-1.2078,3.62725531,0.0,No,No,Terrestrial-like,ML-Host-1264,0.59009,0.684679,4374.751,0.1546968
28.070427,32508.76,1560.448,7.09111,15.18299,16.0849,14.4491,4895.404169,4017.59819,5773.210147,87166.50577,4.084173,1.15519,0.179312,3.6343,-232.3725,6.14556972,1.0,No,Yes,Super-Earth-like,ML-Host-1268,0.615297,0.759835,3905.126,0.12096873
17.34208,16265.917,7696.032,17.49886,16.87113,7499.4614,7538.2683,50.406743,49.246212,51.567275,88.067375,41.623516,8.38521,0.023023,32.6124,62.0737,0.00073011,1.0,No,No,Super-Earth-like,ML-Host-1270,0.658043,0.729833,4689.269,0.23203958
0.794242,5518.257,9027.098,6.96329,6.19881,76.4094,74.1298,224.468573,209.735954,239.201192,424.59273,38.445735,8.05212,0.065633,27.37045,175.558,5.09e-05,0.0,No,No,Terrestrial-like,ML-Host-1273,2.5,1.702889,8646.716,14.60401458
96.268589,52882.239,1243.244,9.19032,22.04551,14.1357,13.206,2614.852644,2324.537137,2905.168151,20014.35996,9.50103,0.6705,0.111026,111.09724,-167.292,0.00231802,0.0,No,No,Neptune-like,ML-Host-1279,1.778594,1.548338,7786.872,7.94105393
6.924534,14974.559,3938.491,8.24419,11.11095,5087.8278,5599.9715,62.041896,51.509523,72.574268,136.821368,32.975874,7.18948,0.169762,172.72971,-72.905,0.0,0.0,No,No,Terrestrial-like,ML-Host-1283,0.508353,0.530761,4480.985,0.10232631
58.284667,46727.979,1091.0,7.12633,18.24826,35.318,33.5517,3879.514954,2853.874267,4905.155641,48746.10803,5.787655,2.92712,0.264373,80.63055,-200.5684,0.00092216,0.0,No,Yes,Super-Earth-like,ML-Host-1285,0.979199,0.896537,5808.62,0.82437234
2091.070659,191694.227,566.948,15.19205,53.96506,6.0807,5.5754,1290.607621,731.912842,1849.3024,12585.96722,7.457149,20.03239,0.432893,19.05132,-215.2994,0.00535434,16.0,No,Yes,Gas-giant-like,ML-Host-1286,0.540789,0.600262,4085.199,0.09041271
0.004225,1467.216,2555.004,0.52402,0.87684,127.9488,126.9831,2341.181335,1176.473784,3505.888886,25438.92638,6.692701,10.20823,0.497487,119.2571,-151.5348,1.47912425,0.0,No,No,Terrestrial-like,ML-Host-1290,0.79018,0.823055,5336.345,0.49491264
96.181121,54952.017,1106.981,8.50332,21.61653,21.4814,22.5755,3019.179478,2559.512334,3478.846622,29395.64957,7.469148,12.64099,0.152249,141.0378,-143.444,77.85200048,2.0,No,Yes,Neptune-like,ML-Host-1292,1.269168,1.351898,6715.418,3.34868789
2676.057106,134609.503,2095.413,39.42844,72.8522,33.424,36.8295,1228.93135,1185.949835,1271.912864,6786.143469,13.169514,9.81792,0.034975,4.41546,-117.4956,3.96979883,15.0,Yes,Yes,Gas-giant-like,ML-Host-1293,1.606036,1.089374,6597.568,2.02574352
57.601248,42297.594,1453.738,8.5954,19.06738,27.1036,23.2991,208.452383,174.662845,242.241921,1006.035714,15.068105,2.10529,0.162097,133.22132,-200.9216,0.08779068,3.0,No,No,Super-Earth-like,ML-Host-1299,0.356625,0.41872,3114.095,0.01485487
0.064999,3527.085,2829.196,1.3949,2.21809,114.6921,136.0765,2442.917505,2362.889595,2522.945414,24885.99884,7.138696,1.65703,0.032759,130.58406,-210.2426,0.0,1.0,No,No,Terrestrial-like,ML-Host-1301,0.938069,0.921651,5981.858,0.97987752
16.821057,16094.531,7705.835,17.33654,16.70399,52.2862,58.4207,17.866888,11.034297,24.699479,20.348717,63.852375,1.07531,0.382416,9.36597,225.3879,0.06092237,1.0,No,No,Super-Earth-like,ML-Host-1306,0.548897,0.582151,4505.945,0.12586636
783.819252,135130.244,606.68,11.45979,39.35179,7.964,7.9745,2629.298787,2152.170895,3106.426678,33717.20442,5.67092,0.8858,0.181466,27.47688,-200.4201,3.01276045,3.0,No,No,Gas-giant-like,ML-Host-1308,0.63714,0.722161,4572.983,0.20547567
242.840117,96197.444,520.992,7.00582,25.9604,11.3693,11.5951,514.846379,323.548138,706.14462,3317.134141,11.287033,1.36364,0.371564,32.41525,-171.9019,0.28315832,4.0,No,Yes,Neptune-like,ML-Host-1314,0.494226,0.485064,4086.616,0.05912192
0.589455,5946.018,5355.171,4.45106,5.14452,8.619,8.2864,248.00904,234.795215,261.222866,757.793882,23.800254,14.18873,0.05328,13.33102,17.4166,4.20489316,0.0,No,No,Terrestrial-like,ML-Host-1315,1.058568,0.969787,6613.099,1.62056779
1.975265,10267.305,3485.439,5.0024,7.16667,25.9857,25.1425,86.32556,65.105719,107.545402,140.427444,44.704639,11.032,0.245812,26.76343,178.286,0.00019355,0.0,No,No,Terrestrial-like,ML-Host-1316,1.299968,1.101816,6955.274,2.55958944
0.952707,8692.158,2770.626,3.36643,5.4094,62.4944,68.8072,1008.10499,498.02964,1518.180341,5533.718261,13.248109,3.90922,0.505974,38.63773,-122.5448,0.0,0.0,No,No,Terrestrial-like,ML-Host-1318,1.33322,1.13928,6900.193,2.65094567
233.854667,79337.369,894.363,9.91873,28.0522,28.63,32.196,2931.830773,2551.982258,3311.679288,34809.81108,6.124948,0.3062,0.12956,101.69911,-234.7034,0.0,6.0,Yes,Yes,Neptune-like,ML-Host-1320,0.828766,0.894184,5534.962,0.67609402
7.496059,24676.986,952.704,3.28636,9.00541,-20.2571,20.7271,1296.496513,975.213359,1617.779667,10041.67605,9.389237,3.56402,0.247809,45.85146,-191.813,0.00010959,1.0,No,Yes,Terrestrial-like,ML-Host-1321,0.861232,0.72163,5342.214,0.38212781
0.229186,5066.803,3365.024,2.38334,3.47504,24.224,23.5151,337.586246,200.751638,474.420854,1064.422276,23.064071,5.66718,0.405332,40.96247,-50.6914,1.24e-05,0.0,No,No,Terrestrial-like,ML-Host-1323,1.353146,1.167937,6684.524,2.4536638
0.278117,4850.927,4653.234,3.15532,3.91232,1353.1403,1277.9323,6.705386,2.272397,11.138375,4.668874,104.442402,11.55888,0.661109,10.44366,559.9979,0.00652211,0.0,No,No,Terrestrial-like,ML-Host-1327,0.551145,0.594172,4639.351,0.14734909
4988.284438,213688.098,976.364,29.16462,78.94385,-14.9326,15.4789,696.935977,567.399441,826.472514,4427.512455,11.447174,6.0961,0.185866,44.83324,-172.0879,0.01300551,16.0,Yes,Yes,Gas-giant-like,ML-Host-1330,0.688141,0.697518,4889.079,0.25044557
0.802966,7896.731,3114.272,3.4377,5.21024,-68.7232,66.6412,250.398829,192.586182,308.211476,917.898404,19.838227,2.06302,0.230882,13.78591,-77.9117,0.0,0.0,No,No,Terrestrial-like,ML-Host-1331,0.742551,0.827103,5724.513,0.66186321
51.304066,38243.949,1751.721,9.36466,18.92463,11.6709,10.939,6458.777993,4641.427427,8276.128559,128102.3979,3.666556,6.10003,0.281377,13.96626,-246.0956,0.0024115,1.0,No,Yes,Super-Earth-like,ML-Host-1338,0.654267,0.713369,4404.735,0.17258458
0.111843,3497.937,4990.857,2.44035,2.92167,1138.6412,1104.7796,13.139065,12.84949,13.42864,8.497098,112.449884,4.36674,0.022039,174.05395,688.9414,9.05e-05,0.0,No,No,Terrestrial-like,ML-Host-1341,1.251903,1.088891,5642.444,1.08276026
1.341274,7780.734,5438.226,5.91483,6.78393,5914.0118,5955.8738,159.666245,110.012584,209.319906,400.887519,28.963814,0.02502,0.310984,7.9283,2.4301,29.33726302,0.0,No,No,Terrestrial-like,ML-Host-1342,1.009283,0.906223,5750.135,0.80886614
1.00491,5955.42,9086.392,7.56429,6.71182,1471.9983,1378.8551,200.154918,146.058534,254.251303,407.766665,35.696014,8.08824,0.270273,14.93433,160.5107,0.00052558,0.0,No,No,Terrestrial-like,ML-Host-1344,1.921737,1.745521,7923.488,10.81958084
13.894427,16038.401,6432.189,14.42063,15.20802,invalid,28.6671,140.621129,131.851857,149.3904,303.846945,33.655875,1.91982,0.062361,40.29214,134.7468,7.37e-05,0.0,No,Yes,Super-Earth-like,ML-Host-1346,1.200219,1.406572,6539.822,3.26048493
73.362568,43068.26,1753.896,10.55907,21.32512,22.4437,26.6074,1380.20187,1013.366247,1747.037493,15280.353,6.568624,8.0068,0.265784,86.03349,-218.2722,10.20158945,0.0,No,Yes,Neptune-like,ML-Host-1348,0.448724,0.458884,3826.779,0.04068498
2572.8603,168424.91,1028.487,24.21415,63.86131,32.8855,34.1437,979.848248,877.793458,1081.903038,6685.169076,10.658881,0.23487,0.104154,21.34136,-172.0657,0.0,12.0,No,Yes,Gas-giant-like,ML-Host-1349,0.838823,0.886829,5094.497,0.47728776
6.520588,13402.189,5173.219,9.69172,11.39694,33.2443,34.5108,1370.811475,1246.79183,1494.831121,9621.316421,10.361161,5.80554,0.090472,167.85605,-161.0376,1.5664627,1.0,No,Yes,Terrestrial-like,ML-Host-1351,1.108875,1.131809,6057.019,1.55337626
0.17909,4860.916,2977.952,???,3.13624,34.7318,36.7228,33.484991,30.150593,36.81939,48.747341,49.953329,5.35911,0.099579,38.87615,156.1013,2.01134167,0.0,No,No,Terrestrial-like,ML-Host-1354,0.629604,0.677449,4693.138,0.20058658
38.029425,34606.002,1752.536,8.47779,17.12841,19.456,19.2945,4226.870244,3850.901935,4602.838553,56342.47497,5.455671,6.19476,0.088947,129.02414,-220.1492,0.00358691,1.0,No,Yes,Super-Earth-like,ML-Host-1355,0.947989,1.05963,5149.152,0.71112539
1.05311,6277.889,8128.945,7.13366,6.69211,2138.8735,2089.1914,58.521436,42.223021,74.819851,103.857832,40.97707,2.49477,0.278503,159.7991,89.346,15.66602363,1.0,No,No,Terrestrial-like,ML-Host-1358,0.740432,0.727069,5009.174,0.29985408
92.118994,49963.257,1410.582,9.85175,22.18616,18.2355,17.378,7430.896492,5738.269929,9123.523054,120513.055,4.484069,6.14909,0.227782,26.7439,-208.0704,0.0,2.0,No,Yes,corrupt,ML-Host-1359,1.125833,1.148206,6369.464,1.95499701
689.452021,84184.074,2207.067,25.97227,46.75951,-9.4537,9.1045,748.983752,349.94446,1148.023044,3835.58706,14.200568,0.48679,0.532774,11.3289,-120.8804,0.00033123,5.0,Yes,No,Gas-giant-like,ML-Host-1362,1.138078,1.364014,5654.286,1.71333994
2017.632643,150291.103,1135.125,23.84741,59.86697,6.1369,6.0329,11967.82966,11410.94852,12524.71079,272661.1957,3.191959,5.64496,0.046532,3.4994,-228.4132,4.35997649,9.0,No,No,Gas-giant-like,ML-Host-1366,0.918794,0.925462,5499.226,0.70569658
0.008524,2001.295,2030.942,0.56816,1.06633,203.5385,199.9837,661.767703,645.314757,678.22065,3835.289634,12.547944,0.0696,0.024862,144.21547,-161.9248,0.0,0.0,No,No,Terrestrial-like,ML-Host-1367,0.785125,0.781128,4730.529,0.2752819
0.542045,6129.024,4496.378,3.85229,4.85909,2898.0945,3016.5173,11.246029,8.172911,14.319147,6.492467,125.966369,1.64532,0.273262,175.3209,1213.1513,1.19e-05,0.0,No,No,Terrestrial-like,ML-Host-1371,1.344611,1.471009,6853.783,4.30176498
4.9121,12643.845,4641.208,8.20303,10.1842,5948.9964,5907.6816,3591.315364,2394.87097,4787.759757,37412.88598,6.980676,3.50273,0.333149,179.88965,-197.3465,0.01222145,0.0,No,No,Terrestrial-like,ML-Host-1372,1.318672,1.045158,6643.928,1.91759955
9144.494309,221477.238,1607.584,49.76995,104.99005,3.367,3.2511,1504.050352,1372.239251,1635.861453,9573.540411,11.424968,10.95616,0.087637,179.2329,-161.8093,0.00659074,20.0,No,Yes,Gas-giant-like,ML-Host-1373,1.479314,1.349737,7109.568,4.19339799
2.635135,11593.621,3229.587,5.23396,7.78977,17.349,17.7783,183.996079,110.409011,257.583147,675.540981,19.807152,13.03932,0.399938,28.04217,-145.9569,5.37219091,0.0,No,Yes,Terrestrial-like,ML-Host-1381,0.543927,0.590613,4453.612,0.12363766
68.51742,36110.573,2779.069,14.02807,22.50693,11.9503,13.1451,1301.75461,880.174978,1723.334243,9852.214915,9.608607,0.85246,0.323855,26.81538,-212.0959,1.25e-05,2.0,No,Yes,Neptune-like,ML-Host-1385,0.905604,0.85902,4776.33,0.34600235
0.010007,2394.567,1391.923,0.46591,1.05625,71.0209,90.0267,11967.82966,10655.51774,13280.14158,223791.2039,3.888997,8.07123,0.109653,164.43078,-254.0031,0.62047766,0.0,No,No,Terrestrial-like,ML-Host-1387,1.363888,1.271668,5634.604,1.46857417
0.018312,2559.573,2085.649,0.74623,1.38204,145.1084,155.9471,1343.379889,1096.282538,1590.47724,12764.59788,7.653444,16.36505,0.183937,126.84603,-176.6752,0.13127087,0.0,No,No,Terrestrial-like,ML-Host-1394,0.592926,0.744124,5048.974,0.32418903
0.028341,2712.767,2711.288,1.02814,1.67006,89.0382,91.7098,3290.441832,2740.88962,3839.994044,43125.27053,5.548653,3.47401,0.167015,112.76546,-215.7422,0.0,0.0,No,No,Terrestrial-like,ML-Host-1397,0.763339,0.868742,4875.337,0.38414427
0.328005,4842.038,5518.201,3.73499,4.25264,1825.6326,1891.7537,32.211941,28.941766,35.482115,35.052783,66.828169,2.10984,0.101521,179.70641,308.7617,0.02277664,1.0,No,No,Terrestrial-like,ML-Host-1400,1.083987,1.030022,5486.919,0.86636752
3.829875,10176.936,6939.607,9.87225,10.02344,2366.3444,2190.7517,39.133077,38.103777,40.162376,51.36199,55.407344,6.40586,0.026303,6.1863,201.865,5.96e-05,0.0,No,No,Terrestrial-like,ML-Host-1407,error,0.97306,5271.776,0.65887324
0.409234,5795.377,4015.394,3.25293,4.34188,15.1415,15.5563,262.594796,183.616246,341.573346,993.123021,19.228626,14.2531,0.300762,8.85861,-94.3753,0.02532247,0.0,No,No,Terrestrial-like,ML-Host-1410,0.731595,0.860472,5002.234,0.41766079
0.033459,3017.96,2324.768,0.98075,1.72042,168.3809,165.217,11967.82966,9111.239894,14824.41942,426329.3662,2.041434,7.49048,0.238689,121.16529,-265.2578,0.13662174,0.0,No,No,Terrestrial-like,ML-Host-1411,0.375815,0.464617,3840.978,0.04233034
2.401212,8754.527,6834.926,invalid,8.5572,6187.5002,5847.7561,74.091735,50.499437,97.684034,155.703143,34.604897,4.18324,0.31842,177.92845,21.7565,0.0,0.0,No,No,Terrestrial-like,ML-Host-1414,0.668549,0.746278,4463.404,0.19914111
950.208584,103919.042,1617.093,23.49062,49.40771,12.0561,11.8812,6548.465548,5181.845787,7915.085309,170951.8814,2.785678,5.26329,0.208693,19.13777,-260.5562,0.14466777,10.0,No,No,Gas-giant-like,ML-Host-1415,0.382904,0.519228,3736.3,0.04733443
0.24611,5258.447,3232.652,2.37619,3.53483,-28.7734,29.8632,79.933271,76.25025,83.616293,145.541169,39.939894,3.73835,0.046076,15.25664,115.2991,66.45818204,0.0,No,No,Terrestrial-like,ML-Host-1416,0.960792,0.947473,5404.372,0.6899373
19.426769,18693.525,5679.739,14.84171,16.65665,4250.9371,4576.928,440.730968,321.090509,560.371427,1360.85014,23.552035,2.71152,0.271459,163.39108,66.8006,120.6022687,1.0,No,No,Super-Earth-like,ML-Host-1423,1.842123,1.446155,7947.598,7.51740546
36.02974,20116.979,8452.286,23.76847,21.86664,20.3469,21.1639,409.129169,377.840006,440.418332,1883.836463,15.793647,10.07925,0.076477,177.27344,-81.946,5.32078336,0.0,No,Yes,Super-Earth-like,ML-Host-1426,0.768977,0.828123,5037.913,0.39800364
10.440433,16690.983,4288.191,10.00508,12.92264,3584.1633,3766.5096,85.334174,64.87039,105.797959,251.890756,24.636326,4.05793,0.239808,7.79993,-92.506,0.0,0.0,No,No,Terrestrial-like,ML-Host-1429,0.390268,0.405683,4239.498,0.04789903
600.877104,105100.173,988.5,14.5226,39.06825,14.3273,13.722,1031.652965,579.386434,1483.919496,7233.751043,10.371349,15.21381,0.43839,32.84167,-168.4867,0.0262844,9.0,Yes,No,Gas-giant-like,ML-Host-1439,0.836166,1.010712,5406.844,0.78654712
0.496257,6562.948,3352.827,3.07592,4.493,6.5078,6.7169,143.995833,126.823806,161.16786,385.988087,27.129463,13.03945,0.119254,23.11249,-36.684,7.39581214,0.0,No,No,Terrestrial-like,ML-Host-1440,0.798584,0.873467,5068.614,0.45367491
35.884827,34449.081,1676.406,8.07275,16.67629,12.8252,12.921,2220.423875,1455.987251,2984.860498,24649.30376,6.550831,0.17738,0.344275,20.85294,-186.628,0.00010002,0.0,No,Yes,Super-Earth-like,ML-Host-1442,0.717987,0.79733,5271.986,0.4424541
2930.25822,149885.973,1661.974,34.82167,72.24459,13.3055,13.3149,375.707926,318.464366,432.951487,1082.015953,25.251191,0.93183,0.152362,176.97773,7.3687,6.38730487,6.0,Yes,Yes,Gas-giant-like,ML-Host-1443,1.805104,1.5008,7143.873,5.28537012
3.203436,11330.321,4206.208,6.66189,8.688,11.3858,10.3001,46.242158,32.621029,59.863287,76.049411,44.218847,24.54524,0.294561,39.44814,100.2901,0.0,1.0,No,No,Terrestrial-like,ML-Host-1444,0.681304,0.647984,5140.998,0.26424904
0.058232,4338.096,1362.286,0.8261,1.89307,82.5758,84.034,5060.722235,2795.377043,7326.067427,67518.48515,5.450734,12.29122,0.447633,135.55097,-226.4695,2.35811277,0.0,No,No,Terrestrial-like,ML-Host-1447,1.13295,1.051585,6302.486,1.57192192
0.362045,5505.952,abc,3.18833,4.18984,30.5244,31.922,120.757304,113.603555,127.911053,189.960555,46.22907,17.05436,0.059241,10.35515,260.6407,0.00246138,0.0,No,No,Terrestrial-like,ML-Host-1455,1.944607,1.458795,8224.668,8.77317841
4.867101,12153.481,5178.092,8.797,10.33993,18.8137,17.6796,335.784499,334.120169,337.448829,1897.5381,12.868719,1.21235,0.004957,13.14768,-155.5985,0.00112627,1.0,No,Yes,Terrestrial-like,ML-Host-1459,0.419005,0.589937,3902.889,0.07275301
8270.846275,229185.199,1312.175,42.03805,98.15548,7.6569,7.8545,3456.983947,2537.907441,4376.060453,47666.30521,5.274133,0.90756,0.265861,17.7597,-253.3802,0.0,29.0,No,Yes,Gas-giant-like,ML-Host-1462,0.724582,0.78768,4399.798,0.20947189
87.218457,60017.828,770.493,6.46418,19.69686,12.1036,13.2673,1897.171063,1690.86461,2103.477516,21646.65084,6.373544,5.57323,0.108744,175.18422,-191.8981,25.19933587,3.0,No,No,Neptune-like,ML-Host-1463,0.580706,0.748492,4613.233,0.22860746
5.311814,12556.86,5123.905,8.99387,10.62708,15.695,17.1518,320.369623,282.503031,358.236215,1050.512212,22.177644,6.34568,0.118197,26.76606,-80.1513,0.00015774,0.0,No,Yes,Terrestrial-like,ML-Host-1464,1.187327,1.217181,6439.291,2.29486741
2562.429319,151975.781,1394.216,29.61889,67.09214,11.0064,9.4935,196.200847,187.070039,205.331656,956.221311,14.921333,3.51517,0.046538,164.04602,-180.7219,4.58e-05,10.0,Yes,Yes,Gas-giant-like,ML-Host-1467,0.329158,0.432376,3407.385,0.02270403
0.003511,1275.837,3228.757,0.57583,invalid,92.1671,89.4618,11967.82966,6155.106608,17780.5527,265429.3001,3.278927,3.28472,0.485696,122.0886,-195.1323,98.77230751,0.0,No,No,Terrestrial-like,ML-Host-1470,0.969543,1.091239,5307.98,0.85163082
1.018428,7337.341,4923.97,5.05032,6.08735,840.4956,822.1376,118.944952,54.776077,183.113827,233.053047,37.115593,4.32722,0.539484,7.36219,80.6996,0.0,1.0,No,No,Terrestrial-like,ML-Host-1471,1.234659,1.265662,6005.049,1.87670808
186.479929,59758.525,1668.914,13.94113,28.8635,24.022,25.4206,9447.891364,8119.573759,10776.20897,171218.2969,4.012822,1.28978,0.140594,178.51893,-232.3206,0.00193725,1.0,Yes,Yes,Neptune-like,ML-Host-1472,1.146365,1.049377,6485.547,1.75527076
0.214776,3930.538,6755.09,3.71148,3.81944,3392.4448,3182.5541,132.541869,106.649676,158.434062,354.611736,27.180983,5.03448,0.195351,172.74593,-95.3232,2.93e-05,0.0,No,No,Terrestrial-like,ML-Host-1483,0.737856,0.813831,4577.795,0.26205287
7562.900045,228264.875,1214.43,38.75037,94.04972,7.352,6.4532,1064.827606,986.993697,1142.661514,7171.273479,10.798121,18.6253,0.073095,167.74698,-150.8365,62.23607252,12.0,Yes,Yes,Gas-giant-like,ML-Host-1485,0.935543,0.824894,5663.083,0.63052616
3972.748976,172096.691,1488.589,35.81062,78.50407,14.2924,13.2403,784.0615,752.902124,815.220875,3677.888353,15.503036,3.48291,0.039741,172.4265,-150.025,0.00217632,19.0,Yes,Yes,Gas-giant-like,ML-Host-1489,1.419946,1.36504,6567.803,3.12367516
12.31686,17143.812,4668.519,11.18796,13.84934,4144.9842,3812.5404,172.327432,121.291,223.363865,391.930453,31.975002,6.5477,0.29616,3.01784,79.0742,137.9088668,1.0,Yes,No,Super-Earth-like,ML-Host-1491,1.327589,1.179321,6411.613,2.11752157
7.223504,14676.172,4364.264,8.9534,11.46306,6711.5994,7817.8668,299.486624,263.151769,335.821478,907.824386,23.990581,14.41713,0.121324,154.49581,-22.7697,0.0,1.0,No,No,Terrestrial-like,ML-Host-1493,1.298814,1.231674,6442.631,2.35472167
18.85982,33125.941,990.91,4.58846,12.32871,40.5448,38.2383,2680.806552,2051.529171,3310.083932,28819.93176,6.764531,2.24453,0.234734,11.9159,-250.2034,0.0,0.0,No,Yes,Super-Earth-like,ML-Host-1502,0.924334,0.920983,5334.316,0.61874631
5.096563,11534.14,6343.416,10.22758,10.86123,5166.1346,5686.9282,1125.208062,686.619928,1563.796197,6589.371937,12.418067,0.29056,0.389784,25.7549,-124.3006,0.0,0.0,No,No,Terrestrial-like,ML-Host-1503,1.307462,1.329976,6937.266,3.69093027
36.300446,21057.856,7424.563,21.85493,21.45269,51.7383,55.6206,73.273423,46.77167,99.775176,153.168442,34.789034,7.89989,0.361683,72.02973,-13.3757,0.01790969,2.0,No,No,Super-Earth-like,ML-Host-1504,0.66822,0.744027,4429.241,0.19195051
167.873788,72710.837,834.04,8.47716,24.82703,8.9445,9.2305,2989.857278,2538.025369,3441.689187,31754.86612,6.847079,4.29484,0.151122,84.42761,-184.7951,0.00066528,5.0,No,Yes,Neptune-like,ML-Host-1505,1.056208,1.142296,5963.989,1.48730168
0.628779,6284.452,4838.352,4.25039,5.16831,53.5614,54.7967,408.975038,329.1351,488.814976,1697.075258,17.525115,11.90167,0.19522,22.74851,-110.399,0.0,0.0,No,No,Terrestrial-like,ML-Host-1508,0.94647,0.970011,5783.448,0.94840881
0.634212,6355.154,4719.083,4.19226,5.16163,1224.731,1306.0153,68.189949,64.234783,72.145115,94.919035,52.243496,7.75872,0.058002,174.43262,303.8781,6.9361558,1.0,No,No,Terrestrial-like,ML-Host-1509,1.402403,1.236266,7010.854,3.3266139
15.222474,29583.233,1122.922,4.64365,11.72068,20.8178,17.9789,6655.854271,4972.505564,8339.202978,98323.70274,4.922784,1.76474,0.252912,108.88277,-202.5003,0.00084376,5.0,No,Yes,Super-Earth-like,ML-Host-1511,1.215384,1.132705,6192.708,1.70000646
3.170196,8933.612,8491.926,10.60468,9.73335,15.3767,14.6667,47.969188,34.369293,61.569083,63.137607,55.250909,1.27752,0.283513,52.20826,199.8648,0.00738294,0.0,No,No,Terrestrial-like,ML-Host-1512,1.103391,0.970268,5556.261,0.8083675
4685.074036,193831.519,1228.697,33.2915,80.33021,4.7651,5.2333,852.940098,526.541094,1179.339103,5358.271211,11.576013,15.49135,0.382675,176.50485,-112.1572,0.00471502,18.0,No,Yes,Gas-giant-like,ML-Host-1513,0.861241,0.886236,5461.343,0.62949364
35.147625,32833.122,1896.535,8.70437,16.90537,-21.0205,19.2353,11967.82966,8268.586659,15667.07265,423701.7016,2.054094,14.2756,0.309099,89.8815,-251.9113,0.84915549,3.0,No,Yes,Super-Earth-like,ML-Host-1517,0.380491,0.435278,3686.056,0.03151195
0.055863,2964.535,4095.05,1.69699,2.24294,52.8028,50.5111,586.037028,507.521193,664.552863,3098.774601,13.753089,8.04624,0.133978,0.90532,-130.19,1.06e-05,1.0,No,No,Terrestrial-like,ML-Host-1521,0.835245,1.020863,5259.838,0.71865342
0.198512,4208.741,5085.469,2.9919,3.54854,1210.7592,997.5115,11.465332,7.232783,15.69788,9.157934,91.044622,3.21521,0.369161,128.10323,517.1545,24.4793825,0.0,No,No,Terrestrial-like,ML-Host-1522,0.716116,0.84739,4774.959,0.33630974
11.059099,16535.121,4671.959,10.79868,13.36254,10673.8511,10622.0987,45.521586,41.729698,49.313474,66.557206,49.737904,8.25898,0.083299,19.8707,225.6873,224.8404592,1.0,No,No,Terrestrial-like,ML-Host-1526,0.848556,0.797198,5631.228,0.57575697
4.65028,11721.436,5514.904,9.03614,10.29158,2827.238,2991.2848,146.467765,67.650375,225.285154,368.230098,28.925971,6.60141,0.538121,2.32708,18.0738,0.0,0.0,Yes,No,Terrestrial-like,ML-Host-1530,0.923434,0.809768,6039.963,0.78623718
7.04524,13859.234,5054.515,9.79226,11.6496,-9836.2844,11073.5905,77.082306,28.193194,125.971418,148.856752,37.657487,6.1056,0.634246,21.7605,95.0494,0.15757297,0.0,No,No,Terrestrial-like,ML-Host-1532,0.823655,0.915329,5444.815,0.66340924
463.106876,107564.951,710.674,10.68576,33.903,7.2718,7.3967,2249.687432,1134.943974,3364.43089,26165.92862,6.252464,6.85674,0.49551,2.23071,-221.1355,0.0,6.0,No,Yes,Gas-giant-like,ML-Host-1533,0.662694,0.719641,4790.776,0.24578212
1769.086255,136418.196,1330.863,25.37874,58.8398,24.7851,29.337,277.751312,145.858382,409.644242,973.76751,20.742735,11.72615,0.47486,3.16347,-47.1065,0.0,8.0,No,No,Gas-giant-like,ML-Host-1534,0.900485,1.024203,5679.489,0.98334145
642.381197,128566.009,577.319,10.37543,36.52298,16.1819,???,2225.154716,1955.718916,2494.590516,19417.66087,8.33352,10.18903,0.121086,171.5128,-159.088,2.9282131,3.0,Yes,No,Gas-giant-like,ML-Host-1536,1.164408,1.009847,6811.596,1.97788788
223.620995,74766.413,1021.867,10.67985,28.25764,-18.4861,18.8263,4521.719058,2618.495463,6424.942654,45211.33514,7.273131,9.95157,0.420907,28.80171,-143.8032,0.06501729,6.0,Yes,No,Neptune-like,ML-Host-1545,1.802331,1.43394,7453.546,5.71753198
500.423312,103415.826,864.128,12.49192,35.94249,2.9814,2.6711,609.270441,449.812182,768.7287,4206.228796,10.533735,4.8154,0.26172,41.36366,-133.3182,171.2784504,6.0,No,Yes,Gas-giant-like,ML-Host-1546,0.509405,0.65962,4178.129,0.11945642
43.366428,35514.582,1848.991,9.17922,18.05537,14.3672,15.1391,4014.309185,2710.728004,5317.890367,52475.50911,5.563132,4.35744,0.324734,6.07964,-237.3181,0.00188443,2.0,No,Yes,Super-Earth-like,ML-Host-1547,0.936133,0.948448,5691.443,0.85037677
13.479785,18641.892,3973.877,10.35544,13.89407,8929.2331,9078.8646,15.395993,10.170047,20.621939,12.215022,91.659743,9.73683,0.339435,5.25395,625.9173,15.85454488,1.0,No,No,Super-Earth-like,ML-Host-1549,0.97466,0.991182,5695.969,0.93169072
465.863809,106597.328,734.55,10.94541,34.15774,16.0064,15.044,390.11763,335.628276,444.606984,1918.138808,14.790427,1.08606,0.139674,115.41909,-159.3298,2.17e-05,3.0,Yes,Yes,Gas-giant-like,ML-Host-1550,0.643051,0.639259,4518.447,0.1534636
1265.199393,126323.856,1198.683,21.16674,51.70942,11.5375,12.5173,1066.45537,968.412719,1164.498021,9331.671601,8.310907,6.47498,0.091933,27.89958,-150.4935,147.4317277,15.0,No,Yes,Gas-giant-like,ML-Host-1551,0.555044,0.822605,4521.954,0.25490716
0.093494,3178.573,5560.182,2.4705,2.80226,2077.0406,2094.1926,60.47803,43.039951,77.916108,97.097637,45.295405,3.15733,0.288337,158.16486,185.8854,0.0,0.0,12345,No,Terrestrial-like,ML-Host-1552,0.934962,1.051751,6132.504,1.40952309
2010.811386,119406.081,2255.763,37.65166,67.05101,12.7834,13.5568,1145.839739,1104.195548,1187.483929,5370.459026,15.515924,10.58258,0.036344,155.66378,-126.8444,0.05316738,13.0,Yes,Yes,Gas-giant-like,ML-Host-1553,2.078583,1.601091,7832.278,8.69119475
4.383145,11464.704,5555.187,8.90278,10.10286,40.8238,42.4783,596.176498,362.872429,829.480566,3119.078821,13.899964,0.80958,0.391334,17.30326,-96.1277,6.57252966,0.0,No,Yes,Terrestrial-like,ML-Host-1555,0.867941,0.841627,5625.304,0.63902562
347.399765,79092.625,1340.982,14.82597,34.24362,13.7072,13.8982,11967.82966,10073.86808,13861.79123,304811.9356,2.855279,4.23529,0.158254,13.71043,-262.3928,0.00176737,1.0,No,Yes,Gas-giant-like,ML-Host-1557,0.735192,0.814934,5073.33,0.39638056
159.768069,58126.236,1553.727,12.62442,27.08892,15.8468,17.5319,2852.884856,2069.34938,3636.420331,27276.48012,7.606084,0.09519,0.274647,117.13286,-168.8963,1.67743925,3.0,Yes,Yes,Neptune-like,ML-Host-1561,1.24364,1.108697,6019.043,1.45355214
309.566612,72517.431,1550.345,15.71575,33.75893,71.9529,70.9987,3071.556595,2895.00834,3248.10485,38708.12566,5.770608,7.8972,0.057478,95.75698,-226.3223,0.00357583,6.0,Yes,No,Gas-giant-like,ML-Host-1566,0.770708,0.833441,5805.611,0.71094573
0.0947,3002.027,6685.082,2.80534,2.90202,1103.8055,1047.227,26.555399,23.376394,29.734404,21.15987,91.265159,10.85223,0.119712,2.65567,769.2012,2.44870395,0.0,No,No,Terrestrial-like,ML-Host-1569,1.666675,1.614399,6882.076,5.26737346
11.420854,15561.147,5788.622,12.59161,13.99785,5643.6771,5325.2039,43.169355,39.121981,47.216728,50.63461,62.000224,2.81234,0.093756,160.15172,505.4728,0.0,0.0,No,No,Terrestrial-like,ML-Host-1570,1.250404,1.395233,7326.183,5.05241984
0.684512,8441.969,2172.959,2.56425,4.65266,85.6726,90.0572,969.4458,890.406566,1048.485033,5341.466571,13.19861,9.00298,0.08153,20.67206,-133.6602,0.0,0.0,No,No,Terrestrial-like,ML-Host-1572,1.27253,1.046244,6484.362,1.74353181
0.378526,5400.276,4590.388,3.46521,4.32586,634.7525,628.8831,24.341949,13.217289,35.466609,30.171517,58.670985,4.01697,0.457016,168.53014,188.1778,1.05e-05,0.0,No,No,Terrestrial-like,ML-Host-1575,0.631379,0.681764,4362.525,0.1516754
0.00202,1214.448,2154.19,0.3657,0.66643,219.359,191.933,2118.795517,1762.984559,2474.606475,17077.93546,9.022333,6.44658,0.167931,112.08138,-137.3152,1.04987617,0.0,No,No,Terrestrial-like,ML-Host-1577,1.299615,1.251368,6054.98,1.89633667
75.667873,51172.659,1078.447,7.71438,19.86871,19.6176,18.3506,4931.031923,3182.247349,6679.816498,92147.76605,3.89151,1.45871,0.354649,63.42669,-186.7479,50.90843395,2.0,No,No,Neptune-like,ML-Host-1582,0.562681,0.622592,4660.354,0.16473151
172.041975,68122.787,1039.342,9.89727,25.96593,68.2843,72.8975,461.117983,405.633913,invalid,1570.060763,not_available,16.28038,0.120325,91.89143,-39.8668,0.00118295,5.0,Yes,Yes,Neptune-like,ML-Host-1587,1.584973,1.600083,6880.756,5.17040436
0.321773,5193.816,4386.229,3.18451,4.06691,20.511,18.8019,309.28873,264.345967,354.231494,1108.914566,20.282953,3.3605,0.14531,11.38699,-48.0896,0.32670727,0.0,No,No,Terrestrial-like,ML-Host-1588,0.95877,1.13631,5896.579,1.40633407
0.361443,5852.199,3444.168,2.81753,4.06063,10.0777,9.4905,131.817794,107.210857,156.424731,492.404898,19.467799,3.6148,0.186674,16.38395,-130.7196,0.00016857,0.0,Yes,No,Terrestrial-like,ML-Host-1591,0.37644,0.480826,3661.19,0.03742486
186.272187,60397.752,1614.682,13.6324,28.69436,31.5523,30.5996,11967.82966,10617.18045,13318.47886,515049.7499,1.689785,4.91052,0.112857,22.71069,-274.1805,0.00056122,3.0,Yes,No,Neptune-like,ML-Host-1594,0.257494,0.344049,3162.315,0.01066488
572.177263,109981.577,821.433,12.62864,37.26818,15.518,14.6377,1371.792681,1040.685056,1702.900307,8377.706559,11.907717,8.11307,0.241369,35.41253,-134.3122,4.16921065,5.0,Yes,Yes,Gas-giant-like,ML-Host-1595,1.465661,1.291269,7720.09,5.33602665
0.739014,6862.45,4367.337,4.18948,5.36191,18.6335,15.9696,270.737948,167.210522,374.265374,1333.176238,14.768172,2.24688,0.38239,176.69088,-138.0621,0.24288357,0.0,No,No,Terrestrial-like,ML-Host-1596,0.444929,0.562953,3616.835,0.0488601
1638.824297,130297.263,1414.907,25.77078,57.94706,16.9157,16.9151,3830.775576,2290.156863,5371.394289,67690.85053,4.115493,6.27965,0.402169,22.77164,-202.0703,7.63738823,8.0,Yes,Yes,Gas-giant-like,ML-Host-1597,0.488898,0.641913,4217.807,0.11748814
2345.749895,141589.882,1578.289,31.23798,66.50551,5.7504,5.3181,238.144078,182.54077,293.747387,724.756802,23.89531,2.18024,0.233486,9.75682,-24.0422,1.06e-05,8.0,No,Yes,Gas-giant-like,ML-Host-1598,1.024597,1.083073,6226.094,1.58808169
3.331304,12557.175,3213.215,5.64022,8.41577,34.8105,36.5605,131.747976,124.583557,138.912395,381.888199,25.088396,6.48543,0.05438,39.10487,-57.7052,0.155443,0.0,No,No,Terrestrial-like,ML-Host-1601,0.624853,0.688751,4490.572,0.17379022
88.434651,52471.559,1169.101,8.57512,21.21202,22.7406,22.4468,2958.83594,2515.075012,3402.596868,33708.35705,6.383347,2.68608,0.149978,107.27353,-231.1077,5.28e-05,1.0,No,Yes,Neptune-like,ML-Host-1606,0.90846,0.903922,5180.728,0.5302975
15.747688,17580.962,5534.652,13.60183,15.46393,11.21,11.5189,98.230862,61.273203,135.188522,241.440015,29.587201,2.40589,0.376233,31.25728,-28.1637,0.00015143,3.0,No,Yes,Super-Earth-like,ML-Host-1607,0.647954,0.78926,4334.814,0.19816026
0.045082,3008.106,3163.201,1.3301,2.00027,154.5842,130.7604,424.795458,420.832439,428.758478,2464.714716,12.533674,4.27565,0.009329,130.87245,-208.2526,0.00048236,0.0,No,No,Terrestrial-like,ML-Host-1608,0.502834,0.492877,4002.447,0.05616614
4.736552,10183.07,8566.977,12.19469,11.14358,-22505.0861,21319.0562,64.400167,62.749054,66.05128,115.09099,40.69217,7.3603,0.025638,149.69042,62.8064,2.08859169,1.0,No,No,Terrestrial-like,ML-Host-1609,0.80352,0.718803,5192.998,0.33852179
14.859366,16363.753,6476.687,14.81495,15.57011,21.387,20.7633,122.333248,90.461056,154.205441,383.127427,23.220226,7.02369,0.260536,13.78272,-111.2051,1.11e-05,0.0,No,No,Super-Earth-like,ML-Host-1610,0.49701,0.540422,4035.048,0.06975179
0.52854,5285.404,6836.673,5.05112,5.16693,1481.1224,1507.4671,251.817093,231.9722,271.661987,1063.703187,17.215908,2.1936,0.078807,6.53117,-97.0189,1.0576901,1.0,No,No,Terrestrial-like,ML-Host-1611,0.562384,0.761215,4494.196,0.21296945
4.574902,12218.841,4789.532,8.18064,9.9979,58.5132,???,54.47974,47.881132,61.078348,85.442359,46.368919,3.3682,0.12112,5.55153,166.3213,7.45e-05,1.0,No,No,Terrestrial-like,ML-Host-1614,0.882627,0.957694,5677.392,0.8585072
8.694333,15360.791,4581.386,9.83728,12.29261,3811.9323,3934.7525,463.142489,436.060518,490.224459,2600.344581,12.95236,3.37339,0.058474,161.02534,-159.2111,0.01062027,0.0,No,No,Terrestrial-like,ML-Host-1617,0.585464,0.67149,4567.272,0.17676724
1.701989,9646.838,3620.788,4.88261,6.86307,36.2476,38.3281,896.42165,885.137132,907.706168,5623.363737,11.592613,0.46997,0.012588,19.08374,-193.5416,0.0,0.0,No,No,Terrestrial-like,ML-Host-1618,0.907743,0.8687,5105.678,0.46200604
13.502921,26263.858,1423.487,5.22608,11.71568,7.8338,7.6588,9886.664365,7616.995836,12156.33289,206803.6641,3.476616,4.16248,0.229569,53.75337,-269.8068,0.0,1.0,No,Yes,Super-Earth-like,ML-Host-1621,0.900433,0.7816,5387.999,0.46384583
2.553154,9821.691,5146.589,7.06594,8.33064,2395.2419,2347.3035,74.336572,35.707173,112.965972,99.70958,54.216418,5.193,0.519655,2.18236,268.4835,0.01126942,0.0,No,No,Terrestrial-like,ML-Host-1623,1.646464,1.361758,7087.354,4.21532402
0.213887,4469.664,4574.688,2.85825,3.57427,1944.871,1953.1698,71.479512,60.133856,82.825169,151.278833,34.361221,0.38459,0.158726,159.67352,3.5022,0.0,0.0,No,No,Terrestrial-like,ML-Host-1625,0.635926,0.85495,4322.912,0.22997552
1.977067,11701.203,2356.846,3.85502,6.71627,22.5415,20.6139,1336.272794,1201.60918,1470.936407,13313.4123,7.299127,5.7367,0.100776,13.16952,-193.3272,0.60869302,0.0,No,No,Terrestrial-like,ML-Host-1628,0.536445,0.605427,4564.953,0.14340496
930.070924,148768.638,539.49,11.21913,40.85406,11.2482,9.8964,1212.399666,1176.743361,1248.05597,9599.168787,9.184962,3.66585,0.02941,33.71699,-144.8888,0.22873888,7.0,No,Yes,Gas-giant-like,ML-Host-1631,0.770706,0.77628,5681.891,0.56585274
44.559573,38111.008,1537.415,8.19041,17.66762,11.0123,9.793,8072.837854,6575.884461,9569.791246,164520.5515,3.568381,8.16485,0.185431,120.27405,-236.3115,0.00212637,2.0,No,Yes,Super-Earth-like,ML-Host-1633,0.774563,0.880206,4802.147,0.37119787
35.480448,37395.086,1295.827,6.7737,15.91549,25.8812,25.1978,10710.7871,6508.571629,14913.00258,189289.4593,4.114908,10.4704,0.392335,25.28303,-235.9884,0.0,1.0,No,Yes,Super-Earth-like,ML-Host-1637,1.366563,1.215216,6490.045,2.36043801
65.932471,31398.727,4067.847,17.85422,23.67699,8.3418,8.3961,1946.926891,950.142544,2943.711239,22101.19717,6.406178,5.79347,0.511978,14.5375,-214.0322,0.20483095,0.0,No,No,Neptune-like,ML-Host-1638,0.602055,0.578189,4230.706,0.0964908
893.110778,96471.919,1899.783,25.61942,49.71473,17.991,19.5423,251.561044,210.123948,292.998141,666.572495,27.44487,1.92304,0.16472,25.54746,15.6592,0.05571095,7.0,No,Yes,Gas-giant-like,ML-Host-1639,1.427756,1.254555,6417.61,2.40528744
0.018443,2583.786,2042.037,0.73754,1.38045,-247.4752,233.7279,2330.618962,1647.590964,3013.646961,26171.65894,6.475976,6.67162,0.293067,146.96803,-189.5285,15.9032994,0.0,No,No,Terrestrial-like,ML-Host-1641,0.736495,0.875705,4624.807,0.31607099
316.152912,78445.827,1250.803,13.71587,32.80171,19.1169,21.8295,8384.950747,7507.700601,9262.200893,183969.4776,3.314514,10.6439,0.104622,25.66902,-249.5629,0.00084389,6.0,Yes,Yes,Gas-giant-like,ML-Host-1647,0.69411,0.693928,4987.94,0.2685394
398.498162,95088.879,885.194,11.7661,33.44885,21.5843,21.0191,2687.969709,2118.641368,3257.29805,29961.24252,6.524237,13.79191,0.211806,36.44635,-220.4948,4.55790549,5.0,Yes,No,Gas-giant-like,ML-Host-1648,0.862128,0.916149,5149.543,0.53174353
0.009346,2066.036,2023.95,0.58452,1.09893,-489.2507,469.3983,5885.010903,4028.936633,7741.085172,79441.25339,5.38724,0.8731,0.31539,148.06243,-230.9418,0.0,0.0,No,No,Terrestrial-like,ML-Host-1650,1.286969,1.395679,6404.198,2.95205713
50.99076,40046.171,1516.386,8.48858,18.43733,17.6089,18.5056,5644.508448,5559.099371,5729.917524,77532.67826,5.294275,5.82499,0.015131,21.47252,-200.0985,1.1016379,5.0,No,Yes,Super-Earth-like,ML-Host-1651,1.19214,1.08129,6313.119,1.67322635
0.015393,2179.708,2838.746,0.86495,1.37307,126.305,118.9163,10945.39829,9394.486225,12496.31035,217818.2369,3.654286,4.50224,0.141695,100.60767,-213.7733,3.77804593,0.0,No,No,Terrestrial-like,ML-Host-1653,1.101348,1.247065,6506.752,2.51148068
208.317001,68238.894,1252.074,11.94336,28.54823,-25.5982,22.2115,8233.428413,5954.908366,10511.94846,159364.2481,3.757119,3.80256,0.27674,95.35787,-183.6996,183.3082069,2.0,No,No,Neptune-like,ML-Host-1654,0.875747,0.912702,5602.429,0.73936292
159.177828,62405.472,1250.881,10.91196,26.09533,24.2471,26.9436,3256.885141,2852.239937,3661.530345,36217.38744,6.53959,4.15286,0.124243,99.62722,-204.6949,3.91e-05,2.0,Yes,Yes,Neptune-like,ML-Host-1656,1.049522,1.209322,6007.862,1.71655826
3.347431,9703.629,6996.977,9.49093,9.59669,1558.1509,1492.7751,114.843305,48.825637,180.860974,288.157567,28.982833,3.65726,0.57485,18.08421,15.407,0.0,0.0,No,No,Terrestrial-like,ML-Host-1657,0.726901,0.922231,4742.356,0.38757057
18075.77738,304093.366,1227.658,52.18537,125.97312,17.9009,17.8375,70.257146,64.088791,76.425501,122.749079,41.623389,11.7594,0.087797,22.44913,133.9006,1.54e-05,37.0,Yes,No,Gas-giant-like,ML-Host-1658,0.917178,1.026624,5637.444,0.95906052
64.639917,39821.441,1955.02,10.8826,20.81732,5.9256,6.0858,1487.568679,1195.807824,1779.329535,15048.95002,7.188462,1.47303,0.196133,23.86564,-202.8519,0.00382199,9.0,No,No,Neptune-like,ML-Host-1660,0.579211,0.750513,4487.243,0.20574529
0.872709,7757.796,3569.899,3.87132,5.48023,1648.6929,1703.3555,101.025341,74.364239,127.686443,229.334011,32.03517,12.57576,0.263905,5.80528,-9.0364,1.57587705,0.0,Yes,No,Terrestrial-like,ML-Host-1661,0.781219,0.783169,4545.151,0.23582968
0.118126,5482.413,1369.083,1.04922,2.39838,-263.4335,273.8273,5843.164488,5669.709198,6016.619778,73009.1452,5.820175,2.68376,0.029685,133.84622,-172.7301,0.0010673,0.0,No,No,Terrestrial-like,ML-Host-1662,1.491449,1.169422,7954.504,4.93275915
0.584606,7083.49,3141.396,3.11053,4.69398,48.129,41.5339,106.030316,86.638765,125.421866,182.125698,42.337382,0.1704,0.182887,11.86777,214.7347,3.75945297,0.0,No,No,Terrestrial-like,ML-Host-1663,1.432076,1.271494,7357.153,4.26739077
168.961327,64460.761,1204.765,10.85581,26.45324,10.269,9.5376,1411.27786,1160.509197,1662.046522,14966.97896,6.857149,4.68021,0.177689,114.16808,-181.4795,22.53273276,3.0,Yes,No,Neptune-like,ML-Host-1665,0.50002,0.581437,4316.217,0.10570914
0.383828,5296.516,4933.636,3.65276,4.39851,40.8983,39.1899,249.990942,238.027101,261.954784,710.490064,25.587711,7.38212,0.047857,54.19086,-0.4412,0.00729579,0.0,No,No,Terrestrial-like,ML-Host-1671,1.233319,1.33164,6521.287,2.88935836
1.708653,7988.761,6400.545,7.14761,7.55649,11919.2947,11887.5211,55.931724,38.096146,73.767302,74.206003,54.813097,18.43659,0.318881,9.16297,332.8982,152.7663904,1.0,No,No,Terrestrial-like,ML-Host-1673,1.266237,1.152354,6476.153,2.10443421
13.569639,17575.046,4773.976,11.72846,14.35717,15.334,16.6436,109.96171,85.341582,134.581838,235.01876,34.02547,15.57102,0.223897,30.71991,57.4529,11.70196601,1.0,No,Yes,Super-Earth-like,ML-Host-1677,0.959263,0.876981,5135.69,0.48202539
8.19657,14159.551,5514.233,10.91438,12.43152,4277.6009,4420.0783,292.81638,230.961971,354.670789,1030.712304,20.659656,8.3338,0.21124,153.60309,-103.8143,0.0,2.0,Yes,No,Terrestrial-like,ML-Host-1678,0.941737,0.8874,5628.653,0.7121182
18.30384,30191.58,1270.241,5.36088,12.72217,22.3703,26.0722,2597.401213,2494.322615,2700.47981,34399.65084,5.490984,6.74502,0.039685,120.93901,-236.9273,0.00129503,0.0,No,Yes,Super-Earth-like,ML-Host-1682,0.590103,0.635905,4445.529,0.14228966
60.315642,41220.561,1644.711,9.47693,19.76473,6.5063,5.8754,5887.691199,4858.792575,6916.589822,57037.01279,7.506776,2.49914,0.174754,62.61084,-171.258,2.30627992,3.0,No,Yes,Neptune-like,ML-Host-1685,2.5,2.404486,7582.594,17.21909597
0.002917,1475.583,1733.851,0.35763,0.72644,128.468,121.7921,4334.208605,2510.690881,6157.726329,61873.38793,5.094143,13.24401,0.420727,138.71834,-240.3634,1.86e-05,0.0,No,No,Terrestrial-like,ML-Host-1689,0.847501,0.840652,5326.631,0.5125513
0.48604,6450.421,3458.674,3.11862,4.48513,15.0011,14.007,72.054194,71.277181,72.831208,153.620741,34.10944,5.53145,0.010784,33.59617,47.9902,27.87172486,0.0,No,No,Terrestrial-like,ML-Host-1690,0.631679,0.725346,4525.461,0.19880938
0.856205,7132.52,4506.612,4.49322,5.66109,5.9742,6.0633,882.696318,760.078216,1005.31442,7279.38684,8.818235,11.25669,0.138913,170.36371,-235.2196,0.0,0.0,No,No,Terrestrial-like,ML-Host-1696,0.517205,0.527221,4078.097,0.06926442
306.991101,79746.02,1156.113,12.88764,32.05836,26.4994,23.0663,8037.51934,6898.976277,9176.062403,156128.2854,3.743739,9.49667,0.141654,3.98323,-215.2423,4.1221267,5.0,No,Yes,Gas-giant-like,ML-Host-1698,0.848831,0.827551,5434.743,0.53826966
1.421371,8206.263,4912.162,5.63485,6.80008,31.3069,31.0984,252.775131,217.716032,287.834229,857.792726,21.429753,7.46065,0.138697,23.21415,-52.4081,2.81972813,0.0,No,No,Terrestrial-like,ML-Host-1700,0.874695,0.966493,5827.538,0.97058297
2.149266,8609.547,6432.067,7.74097,8.16371,17.8991,15.3373,272.72743,248.617233,296.837627,678.999034,29.209548,2.3406,0.088404,12.10641,92.4972,100.6814484,0.0,No,No,Terrestrial-like,ML-Host-1702,1.753342,1.458708,7031.689,4.6867296
11.70076,12727.404,10839.168,19.28413,15.66643,19.0905,20.6557,138.123542,96.007987,180.239097,350.836599,28.630438,2.7569,0.304912,19.17448,-1.1691,1.65892116,2.0,No,Yes,Terrestrial-like,ML-Host-1703,0.853123,0.916873,5182.322,0.54627409
1574.081428,124392.271,1561.883,27.15852,58.12323,6.9689,6.7892,561.321753,446.483913,676.159594,2987.733868,13.662656,1.85318,0.204585,179.34164,-129.8931,0.00014335,11.0,No,No,Gas-giant-like,ML-Host-1704,0.789533,0.870396,5003.978,0.42794738
48.418335,45473.43,983.418,6.25115,16.86005,16.4007,16.7376,264.985769,167.851108,362.120429,744.057071,25.89891,4.85882,0.366566,87.88511,29.361,4.63450318,0.0,No,Yes,Super-Earth-like,ML-Host-1708,1.339287,1.175356,6852.01,2.74350417
21.020821,32517.322,1167.634,5.30745,13.13712,9.8782,10.1739,1320.988408,1196.321209,1445.655607,6399.963427,15.010207,6.31214,0.094374,108.18612,-69.3159,0.00141088,1.0,No,Yes,Super-Earth-like,ML-Host-1710,2.242645,1.989381,8474.855,18.39330091
7.158937,12644.339,6763.345,11.95424,12.29445,9644.9019,10381.9012,46.687772,37.030539,56.345005,64.787586,52.405459,1.63047,0.206847,4.07697,200.9678,0.00360717,0.0,No,No,Terrestrial-like,ML-Host-1713,0.966149,0.988144,5449.798,0.77599029
9.539784,16479.486,4071.073,9.37814,12.43169,44.9718,39.758,72.953421,66.910405,78.996436,134.22788,39.524657,0.76385,0.082834,178.47641,100.3097,41.43259722,2.0,No,No,Terrestrial-like,ML-Host-1717,0.858756,1.008867,5062.904,0.60250651
4.185438,12502.201,4090.561,7.14881,9.45388,-21.9783,21.9655,44.231686,36.95328,51.510091,58.455073,55.027079,1.63925,0.164552,14.36962,235.1812,0.05303295,0.0,No,No,Terrestrial-like,ML-Host-1718,1.009194,0.949908,5761.736,0.89592438
0.163774,4309.058,3909.307,2.35476,3.1854,27.6531,30.1524,425.043276,338.89561,511.190943,2027.259723,15.247159,3.77099,0.20268,35.36942,-144.3459,0.002558,0.0,No,No,Terrestrial-like,ML-Host-1719,0.744559,0.728623,5330.414,0.38613933
35.893758,36615.459,1396.455,7.14753,16.17745,10.6103,8.5963,682.234684,573.577036,790.892332,5647.210899,8.785469,0.0912,0.159267,92.1418,-201.9476,0.0,3.0,No,No,Super-Earth-like,ML-Host-1724,0.396782,0.554616,3942.24,0.06693488
95.210696,55070.55,1088.752,8.38132,21.48404,15.7009,17.7855,1167.498586,1035.364621,1299.632551,7237.166198,11.731485,5.17304,0.113177,88.17779,-168.2364,0.00025552,1.0,No,Yes,Neptune-like,ML-Host-1727,1.210739,1.197676,6457.401,2.24700506
108.413771,54146.448,1304.295,9.87212,23.12012,8.6374,9.6916,11967.82966,8396.388513,15539.2708,248397.2484,3.503756,7.30944,0.29842,25.75796,-238.8692,0.8718546,4.0,No,Yes,Neptune-like,ML-Host-1736,1.10706,1.132634,5956.359,1.45478059
0.016668,2453.902,2154.344,0.73899,1.34663,109.4568,100.8621,2982.316434,1950.594777,4014.038091,59800.8987,3.626696,15.69379,0.345946,104.38326,-226.9247,1.75553231,0.0,No,No,Terrestrial-like,ML-Host-1737,0.295573,0.377993,3433.103,0.01788175
1.062768,6855.198,6300.57,6.0376,6.43342,3972.5856,4230.145,15.195117,14.162357,16.227877,14.001406,78.92191,2.53623,0.067967,178.44369,365.0498,5.74082887,0.0,No,No,Terrestrial-like,ML-Host-1738,0.713161,0.703263,4764.407,0.22959656
3363.947404,172959.027,1241.712,30.02123,72.0586,26.719,29.104,869.347605,712.637376,1026.057834,4811.076509,13.140636,6.03717,0.180262,176.05946,-110.3783,error,8.0,Yes,Yes,Gas-giant-like,???,1.131135,1.210876,5951.763,1.65758755
2.198549,9975.359,4230.113,5.89854,7.67073,3013.6334,2989.6932,88.172335,66.169557,110.175114,160.330065,39.992868,5.23864,0.249543,5.94691,112.9491,0.45916761,0.0,No,No,Terrestrial-like,ML-Host-1741,1.062639,1.002558,5632.285,0.9112818
1.681381,8044.942,6167.353,6.93563,7.46972,6541.9049,6983.9545,32.228489,23.149627,41.307351,35.972262,65.153443,13.15757,0.281703,174.60721,412.375,0.04440886,0.0,No,No,Terrestrial-like,ML-Host-1750,1.030867,1.051469,6394.957,1.66586019
5.145506,13069.908,4401.613,8.04172,10.25205,3532.6226,3585.014,139.260419,134.097431,144.423408,301.561539,33.582802,2.74545,0.037074,15.1057,-29.8502,0.0009099,0.0,No,No,Terrestrial-like,ML-Host-1751,1.183449,1.259812,5315.396,1.14142873
15.212167,18113.585,4888.541,12.37793,14.9736,23.3852,23.299,55.764212,26.608006,84.920418,79.633201,50.924476,1.76346,0.522848,11.14151,205.2987,8.07e-05,0.0,No,No,Super-Earth-like,ML-Host-1758,1.089675,1.096813,6170.823,1.57156471
4031.166051,160430.114,1864.552,41.81428,81.90403,2.6104,2.7196,6491.164525,5493.102775,7489.226274,126609.3655,3.728395,18.68329,0.153757,16.31868,-164.516,60.40213595,15.0,Yes,Yes,Gas-giant-like,ML-Host-1760,0.679915,0.75561,5223.241,0.38286904
10.269188,15608.409,5157.765,11.25342,13.25323,-7321.5739,6995.16,70.263193,48.422777,92.103609,141.865999,36.017597,4.95906,0.310837,1.73661,108.6656,14.55464424,1.0,No,No,Terrestrial-like,ML-Host-1762,0.686824,0.945241,4923.381,0.47297019
52.075442,45594.674,1049.281,6.6876,17.46193,10.1432,10.415,800.743498,445.990649,1155.496346,3987.286402,14.604314,1.63098,0.443029,100.00693,-104.8724,0.0,2.0,No,Yes,Super-Earth-like,ML-Host-1764,1.286897,1.268417,6889.614,3.26586654
1779.989445,132500.152,1461.402,27.06764,59.88711,11.5351,12.4502,190.083159,170.881974,209.284344,574.578317,24.058004,1.01547,0.101015,24.90291,-27.716,243.923939,13.0,No,Yes,Gas-giant-like,ML-Host-1768,0.828993,0.714762,5339.712,0.37418733
5.545929,14131.335,3753.411,7.41436,10.23596,7475.3192,7116.0881,48.344046,44.982062,51.706031,95.982477,36.628254,1.76182,0.069543,158.99572,20.9029,2.27360957,1.0,No,No,Terrestrial-like,ML-Host-1769,0.488724,0.586181,4028.15,0.08150428
0.294951,4125.504,8022.696,4.6266,4.36887,528.2697,533.7362,215.279116,205.679805,224.878427,638.698297,24.511581,1.03926,0.04459,159.93927,-49.2042,0.00012388,0.0,No,No,Terrestrial-like,ML-Host-1784,0.974614,1.148637,4755.093,0.60771028
0.196658,4804.505,3386.632,2.27447,3.30571,3578.681,4112.9582,13.338764,12.372285,14.305242,7.879381,123.108668,2.13323,0.072456,157.41837,1365.2458,125.1709978,0.0,No,No,Terrestrial-like,ML-Host-1785,1.523284,1.513517,7907.726,8.07004707
0.089333,3216.827,5125.444,2.30475,2.72286,3072.7559,2982.2136,78.768212,56.251993,101.28443,128.324068,44.638341,4.04576,0.285854,168.28298,155.1859,0.0,1.0,No,No,Terrestrial-like,ML-Host-1789,1.182647,1.191712,6212.266,1.90562418
1.97456,8909.293,5332.637,6.64125,7.69213,3441.633,3333.4084,103.871979,81.45977,126.284188,303.658315,24.875877,4.57769,0.215768,1.87438,-46.4619,6.63013234,0.0,No,No,Terrestrial-like,ML-Host-1791,0.484332,0.536848,4066.427,0.07099846
2.476967,9603.709,5340.78,7.16982,8.298,26.8003,27.5022,67.942926,62.68062,73.205232,126.916358,38.930665,0.37594,0.077452,154.1893,-2.189,0.0,0.0,No,Yes,Terrestrial-like,ML-Host-1798,0.775918,0.786954,4709.907,0.27456332
0.006742,2314.324,1038.765,0.33605,0.88189,218.5095,220.1965,6874.592677,6681.353536,7067.831819,109305.3093,4.573734,3.4099,0.028109,112.73027,-228.1822,0.35998251,0.0,No,No,Terrestrial-like,ML-Host-1806,not_available,1.127975,5680.599,1.19363017
0.008815,1869.038,2578.466,0.67366,1.1221,112.2712,118.2579,3717.477665,2879.989805,4554.965525,46109.09361,5.863095,2.72893,0.225284,117.65521,-221.0828,1.07e-05,0.0,No,No,Terrestrial-like,ML-Host-1808,0.96292,1.005373,5598.239,0.8944473
0.037641,3047.058,2541.107,1.08235,1.81604,331.7473,331.3291,11967.82966,10101.29629,13834.36302,331643.9513,2.62427,6.8318,0.155963,142.9617,-259.7919,1.56e-05,1.0,No,No,Terrestrial-like,ML-Host-1809,0.621041,0.792538,4523.976,0.23703714
2.047683,8708.634,5921.257,7.20822,7.92299,20.4996,20.852,36.409433,33.970162,38.848704,42.574989,62.19057,9.49552,0.066996,36.25572,324.4235,0.40454562,0.0,No,No,Terrestrial-like,ML-Host-1811,1.061087,0.966672,6192.611,1.23807816
0.006367,1758.385,2236.49,0.54972,0.98317,129.4507,139.7666,4260.976962,3707.234992,4814.718933,53876.82304,5.751384,0.47292,0.129957,98.81129,-185.1694,1.62370381,0.0,No,No,Terrestrial-like,ML-Host-1814,1.062043,1.122405,6359.8,1.85680999
7656.106697,250579.624,929.335,32.55234,90.31585,5.5095,5.3734,791.418342,698.512417,884.324267,5316.257786,10.825931,6.93638,0.117392,178.96834,-185.0656,0.0,16.0,No,No,Gas-giant-like,ML-Host-1817,0.698916,0.67253,4623.58,0.18622232
0.236884,3794.841,8278.585,4.39151,4.08229,1223.9718,1137.4493,37.334135,18.531114,56.137155,49.266466,55.10866,0.61725,0.503642,139.91127,249.0886,0.22436721,0.0,No,No,Terrestrial-like,ML-Host-1820,0.854346,0.998505,5621.624,0.89710279
0.361173,4370.559,8262.389,5.04786,4.69702,834.4594,899.7571,44.352835,42.245088,46.460583,73.371302,43.960269,3.12772,0.047522,23.77697,133.9095,0.0336707,0.0,No,No,Terrestrial-like,ML-Host-1822,0.645848,0.692719,5646.704,0.43952997
0.506644,5187.052,6933.335,5.02721,5.10651,1646.214,1688.1705,67.800997,54.124938,81.477057,155.876707,31.631518,0.38942,0.201709,148.93517,2.8775,5.32e-05,1.0,No,No,Terrestrial-like,ML-Host-1824,0.511169,0.637444,4792.29,0.19308614
0.770081,8203.98,2663.57,3.05459,5.00598,2635.4481,2915.6247,50.575893,28.022717,73.129069,83.126828,44.245339,0.64811,0.445927,158.4596,153.2101,13.67303293,0.0,No,No,Terrestrial-like,ML-Host-1825,0.746048,0.730537,4974.804,0.2944986
84.373397,47508.288,1502.792,9.98004,21.77464,9.0339,8.5349,11967.82966,6164.456914,17771.2024,313342.8129,2.777543,3.06201,0.484914,47.53948,-253.0929,0.05083557,1.0,No,Yes,Neptune-like,ML-Host-1826,0.695705,0.997294,5039.619,0.578005
2.145337,9506.765,4768.686,6.33718,7.76183,37.5296,35.727,239.978033,189.51628,290.439786,883.434193,19.754337,11.29473,0.210277,28.37643,-123.73,0.00129191,2.0,No,No,Terrestrial-like,ML-Host-1828,0.705642,0.733612,4783.612,0.25389362
1718.607309,149492.662,982.468,20.53065,55.40019,11.9128,12.2401,4675.132235,4602.086412,4748.178057,77406.14057,4.392216,4.72653,0.015624,15.37407,-173.4796,92.42024013,9.0,No,Yes,Gas-giant-like,ML-Host-1829,0.679594,0.803232,5182.567,0.41933069
10.422649,15609.8,5233.443,11.41955,13.35129,4802.4306,4533.6049,237.755297,164.336761,311.173834,702.272285,24.620102,2.10041,0.308799,6.91102,12.1751,25.15591658,0.0,No,No,Terrestrial-like,ML-Host-1831,1.08592,1.137475,6168.818,1.68805409
37.27627,31635.214,2248.648,9.9439,17.73633,40.9888,40.5634,11967.82966,10960.49575,12975.16356,392145.1466,2.219391,1.7285,0.08417,5.57182,-260.8415,0.05685393,5.0,No,Yes,Super-Earth-like,ML-Host-1833,0.444192,0.496945,4015.771,0.05786126
0.803383,6960.494,4549.918,4.42698,5.55104,-41.7991,45.5584,158.965698,87.717298,230.214099,396.359343,29.166176,9.42681,0.4482,22.02316,55.8754,128.6398915,0.0,No,No,Terrestrial-like,ML-Host-1835,1.018945,0.843445,6516.365,1.15566006
1096.936807,125139.93,1069.043,18.7006,48.37553,6.9029,7.3741,413.149826,396.442859,429.856793,1409.090487,21.322291,16.8962,0.040438,161.70453,-72.8872,2.28e-05,3.0,No,Yes,Gas-giant-like,ML-Host-1837,1.415349,1.319975,6318.49,2.50195505
10.908864,16475.587,4658.63,10.7291,13.29542,25.5273,27.7213,418.74801,349.113038,488.382983,1475.369113,20.640359,0.3247,0.166293,9.24803,-22.1318,0.02175766,2.0,No,No,Terrestrial-like,ML-Host-1838,1.344236,1.608809,7305.605,6.64245089
6676.214625,177384.784,2284.455,56.64522,100.23971,4.4943,4.517,2344.774104,2255.805489,2433.74272,42800.68297,3.983965,1.87184,0.037943,19.7253,-195.1972,89.88828546,20.0,Yes,Yes,Gas-giant-like,ML-Host-1841,0.280427,0.402856,3128.315,0.01400346
417.880579,90369.314,1081.411,13.66079,35.13569,6.8347,6.7228,152.513787,130.760372,174.267202,470.009167,23.597606,1.06356,0.142632,4.8895,-112.9337,0.00017381,6.0,No,Yes,Gas-giant-like,ML-Host-1843,0.639931,0.707172,4364.733,0.1635218
0.591898,6714.139,3734.886,3.50535,4.85133,-21.8844,21.3322,3359.32005,2643.943042,4074.697059,44885.3126,5.442674,2.60378,0.212953,32.27399,-221.4656,0.00738376,0.0,No,No,Terrestrial-like,ML-Host-1846,0.749832,0.947222,4912.896,0.4709212
0.007281,1774.713,2487.892,0.6172,1.04659,181.1815,176.4404,10778.09141,10585.03574,10971.14707,261082.2644,3.002131,3.61329,0.017912,90.98739,-240.4099,0.00039763,0.0,No,No,Terrestrial-like,ML-Host-1847,0.731963,0.8105,5025.665,0.37754995
8.385247,14595.43,5150.703,10.50867,12.38461,49.1811,47.4461,308.957286,113.121285,504.793287,1958.633163,11.471244,17.41749,0.633861,23.85978,-152.1734,146.5859599,0.0,No,Yes,Terrestrial-like,ML-Host-1852,0.306343,0.376815,3382.461,0.01674485
21.309904,17722.428,7311.613,18.11343,17.91686,8680.7964,8260.1445,235.662982,150.365831,320.960133,897.929995,19.085963,9.46737,0.361945,10.14557,-98.0605,0.4855919,0.0,No,No,Super-Earth-like,ML-Host-1855,0.646856,0.700831,5149.299,0.31111022
0.116586,3367.143,5832.604,2.74529,3.04036,3648.0465,3215.0902,22.4828,19.777811,25.187789,20.709361,78.949409,9.32978,0.120314,30.96402,565.5144,134.3298304,0.0,No,No,Terrestrial-like,ML-Host-1857,1.055933,1.013018,6267.366,1.42649248
67.991631,46060.843,1328.805,8.55574,19.85156,17.5193,19.6152,4780.088152,4397.197373,5162.978931,63103.86073,5.50865,11.6247,0.080101,39.29036,-198.8799,0.93913949,2.0,No,No,Neptune-like,ML-Host-1858,1.092985,1.038983,6693.886,1.95265095
182.694853,67007.176,1159.748,10.86299,26.97959,32.7325,33.3929,2168.541635,2131.14247,2205.940801,20718.72592,7.611494,3.34147,0.017246,33.05878,-202.4594,0.00046465,2.0,No,Yes,Neptune-like,ML-Host-1860,0.946664,0.907732,5851.493,0.87031539
0.003244,1316.485,2715.747,0.49977,0.81113,90.0912,85.2078,8817.560423,7189.126945,10445.9939,120202.7667,5.334567,4.29151,0.184681,92.95038,-225.0705,0.03314868,0.0,No,No,Terrestrial-like,ML-Host-1861,1.890753,2.003808,7463.154,11.22268641
0.235789,4571.978,4712.073,3.01148,3.71058,903.7437,757.8652,72.147024,53.462143,90.831905,112.637541,46.580102,3.54212,0.258983,168.87118,174.0671,0.00327352,0.0,Yes,No,Terrestrial-like,ML-Host-1863,1.179526,1.059584,6293.059,1.58640145
0.004934,1562.278,2471.455,0.53973,0.91826,116.1902,118.0687,11967.82966,9150.837731,14784.82158,287095.184,3.03148,12.60823,0.23538,138.51209,-267.3389,1.85e-05,0.0,No,No,Terrestrial-like,ML-Host-1868,0.82873,0.769351,5149.855,0.3750798
0.004548,1549.361,2335.566,0.50584,0.88528,44.4751,41.7872,2000.71196,1361.080147,2640.343774,19284.57488,7.54466,11.97389,0.319702,138.25161,-173.6663,64.5765096,0.0,No,No,Terrestrial-like,ML-Host-1871,0.858128,0.835324,5036.12,0.40437927
39.863421,44303.145,875.532,5.42215,15.49897,9.7913,9.8413,2208.252295,1854.751787,2561.752804,25210.26149,6.369957,2.34809,0.160082,96.66406,-206.013,2.98e-05,1.0,No,Yes,Super-Earth-like,ML-Host-1873,0.675165,0.922051,4862.248,0.42810727
0.018163,2890.481,1436.412,0.58038,1.29521,225.325,247.7722,11967.82966,11553.97607,12381.68325,264795.7193,3.286772,4.69281,0.034581,116.17365,-267.1516,8.43e-05,0.0,No,No,Terrestrial-like,ML-Host-1875,0.974188,1.054448,5877.655,error
2.266265,8296.473,7579.344,8.79001,8.53968,3089.0574,3111.6278,348.352697,170.402794,526.302601,1505.535815,16.82648,11.36444,0.510833,9.8383,-83.4557,46.39206032,0.0,No,No,Terrestrial-like,ML-Host-1876,0.74318,0.757693,5441.745,0.45355991
3.073191,8703.892,8901.24,10.83,9.70892,21.3021,22.0713,340.111398,321.996375,358.22642,1748.390905,14.146462,14.4862,0.053262,19.0521,-177.7718,0.01193531,1.0,No,Yes,Terrestrial-like,ML-Host-1879,0.512867,0.46277,4151.585,0.05731665
230.234724,69933.095,1285.654,12.56814,29.64674,13.7471,13.9887,4185.870663,2675.669125,5696.072201,51690.46104,5.888987,9.62355,0.360786,41.04244,-192.2867,18.49395516,3.0,Yes,Yes,Neptune-like,ML-Host-1881,1.093843,1.020432,6126.46,1.32160411
208.486741,59985.107,1844.801,15.46882,30.46144,5.8138,5.2996,2786.055357,2391.584779,3180.525935,37384.92167,5.41949,4.72088,0.141587,56.58643,-252.7521,5.17e-05,11.0,Yes,Yes,Neptune-like,ML-Host-1884,0.616588,0.636846,5119.266,0.25095389
0.232456,4215.523,5926.356,3.49224,3.83687,340.1484,369.9236,6.408999,2.601238,10.216759,2.077243,224.371634,4.85266,0.594127,151.09772,2750.6234,0.00044655,0.0,No,No,Terrestrial-like,ML-Host-1885,2.431164,2.212038,8666.109,24.86430799
9975.137712,231735.818,1530.879,49.59048,107.20023,6.5385,6.5611,660.031692,570.117365,749.94602,3181.753625,15.085629,0.00199,0.136227,27.40726,-126.3937,0.0014569,???,Yes,Yes,Gas-giant-like,ML-Host-1888,1.131826,1.039987,6537.147,1.7795222
0.142184,4188.652,3695.118,2.16355,3.01038,861.3951,912.3509,172.204759,105.883915,238.525602,490.924877,25.509109,17.93616,0.385128,5.38392,25.9827,1.27902593,0.0,No,No,Terrestrial-like,ML-Host-1889,0.844353,0.963508,5957.245,1.05338597
1548.931164,131067.357,1313.862,24.07181,56.16964,7.8084,8.0186,150.417917,122.674895,178.160939,424.61306,25.761515,11.93976,0.18444,14.49499,-48.4794,0.05116025,11.0,Yes,Yes,Gas-giant-like,ML-Host-1892,0.752195,0.804293,4672.755,0.27785338
5.05836,9573.237,11011.199,14.73526,11.87704,32.0041,32.7155,145.955743,136.70836,155.203126,374.562674,28.337522,3.1664,0.063357,175.77051,-30.1129,4.23415106,0.0,No,Yes,Terrestrial-like,ML-Host-1893,0.883147,0.922328,5211.29,0.5652584
11.509465,15992.581,5374.04,12.01389,13.86121,25.0514,28.0479,83.244417,67.181768,99.307065,129.232457,46.84343,1.74738,0.192958,35.28364,250.8764,0.00422987,2.0,No,Yes,Terrestrial-like,ML-Host-1900,1.376387,1.33871,7236.219,4.42705047
554.403593,104187.342,936.23,13.63521,37.69106,10.1775,10.237,2051.853665,2031.637229,2072.0701,20696.64949,7.209606,0.54198,0.009853,50.2501,-206.391,0.00466943,9.0,No,No,Gas-giant-like,ML-Host-1909,0.803633,0.835317,5054.138,0.41019019
297.521445,95859.332,645.084,8.64401,28.78557,6.7643,6.3883,7538.420679,6182.250362,8894.590997,143830.9198,3.811477,5.39157,0.179901,40.82166,-262.4402,0.0,3.0,Yes,Yes,Neptune-like,ML-Host-1916,0.825192,0.822363,5051.497,0.39673653
1634.498277,158849.722,778.801,17.29328,52.41214,18.8992,16.76,621.778112,480.167892,763.388332,2880.942823,15.695168,1.6492,0.22775,15.76293,-144.5905,0.09266638,6.0,Yes,No,Gas-giant-like,ML-Host-1927,1.154132,1.050587,5771.802,1.10358203
48.289273,43318.858,1134.543,6.87009,17.25122,17.099,16.4398,2229.492125,1623.317481,2835.66677,20106.83678,8.06357,5.31624,0.271889,117.34043,-203.3675,1.86e-05,2.0,No,No,Super-Earth-like,ML-Host-1931,1.092317,1.208452,6163.304,1.89848687
168.238126,74479.088,777.719,8.09695,24.55715,-12.2671,10.9778,1069.73189,968.49877,1170.96501,7344.83536,10.591514,5.01548,0.094634,38.11156,-185.6106,1.45e-05,6.0,Yes,Yes,Neptune-like,ML-Host-1933,0.904231,0.986399,5213.012,0.64737415
0.084154,4078.339,2369.34,1.35075,2.34709,372.8677,344.9788,1821.31912,1315.427607,2327.210633,15925.77878,8.316691,1.02077,0.277761,117.55255,-192.0138,0.00037832,0.0,No,No,Terrestrial-like,ML-Host-1941,0.949238,0.959303,5657.757,0.84953836
2383.369917,153405.855,1260.86,27.03792,64.40323,7.4765,7.0204,501.405298,375.255975,627.554621,2605.657239,13.993837,13.21367,0.251592,179.6213,-114.9648,0.53450271,14.0,Yes,Yes,Gas-giant-like,ML-Host-1944,0.739862,0.9265,5257.158,0.59073062
0.248241,4152.915,6619.368,3.84268,3.99479,524.4051,563.5058,8.858823,6.867844,10.849802,7.234066,89.055086,10.53803,0.224745,4.81995,389.747,0.0,0.0,No,No,Terrestrial-like,ML-Host-1950,0.529397,0.710734,3969.026,0.11293913
0.231216,4778.649,4046.725,2.70317,3.59409,2973.2121,2966.4549,11.895092,11.146435,12.643748,11.074278,78.111962,4.51813,0.062938,152.70645,388.3322,3.01e-05,0.0,No,No,Terrestrial-like,ML-Host-1952,0.546879,0.652129,4648.904,0.17896352
0.004415,1808.227,1426.251,0.36051,0.80739,161.6962,161.7759,5670.830514,5540.387652,5801.273375,97449.29544,4.231878,7.33757,0.023002,116.55766,-242.0565,0.0,0.0,No,No,Terrestrial-like,ML-Host-1953,0.765246,0.780487,4759.374,0.28159528
0.049721,3358.403,2506.919,1.17689,1.98809,-151.1893,160.2459,11967.82966,10662.84288,13272.81643,238610.6547,3.647462,1.78158,0.109041,119.2837,-232.1503,0.00016524,0.0,No,No,Terrestrial-like,ML-Host-1959,1.199734,1.044198,6104.584,1.36422031
0.005753,1777.917,1955.125,0.4859,0.92946,105.6514,95.3997,2201.150607,1973.793437,2428.507777,24034.07262,6.660205,1.02995,0.10329,112.2797,-179.1977,43.27040638,0.0,No,No,Terrestrial-like,ML-Host-1962,0.735721,0.76998,4923.66,0.3139104
0.049168,2663.597,4969.083,1.85016,2.21993,2873.2157,3028.495,14.599786,14.111388,15.088185,14.311348,74.187567,4.02994,0.033452,179.99958,361.7263,2.39e-05,0.0,No,No,Terrestrial-like,ML-Host-1964,0.605476,0.756288,4512.965,0.21375533
0.018766,2559.022,2138.717,0.76505,1.39921,73.6066,70.2203,1615.459076,742.697642,2488.220509,15655.35224,7.504094,9.04777,0.540256,105.90067,-129.0834,203.7450762,0.0,No,No,Terrestrial-like,ML-Host-1966,0.685458,0.688973,5044.681,0.27697068
0.00686,2019.162,1591.615,0.44923,0.95241,233.1126,234.0121,5679.218748,4365.823492,6992.614003,80066.66205,5.158246,8.74721,0.231263,141.56777,-200.9388,16.70331143,0.0,No,No,Terrestrial-like,ML-Host-1967,1.138625,1.016337,5616.654,0.92614831
188.80531,78021.214,759.237,8.28046,25.41755,7.1508,6.9759,624.185425,542.529054,705.841797,3932.088367,11.543979,0.92053,0.130821,22.5719,-163.7556,0.18096615,4.0,Yes,Yes,Neptune-like,ML-Host-1969,0.626777,0.584726,4312.146,0.10650598
3.667568,11777.362,4287.809,7.05907,9.11796,6740.8651,6676.5784,33.011417,30.115848,35.906986,33.167944,72.378703,1.69006,0.087714,31.84939,460.5112,0.10512375,2.0,No,No,Terrestrial-like,ML-Host-1971,1.303088,1.058783,6560.382,1.87079016
0.004461,1918.242,1206.944,0.32363,0.78791,302.2351,259.0685,11106.09581,9542.78268,12669.40895,208502.9777,3.873596,0.52821,0.140762,128.21372,-258.0662,0.00052633,0.0,No,No,Terrestrial-like,ML-Host-1973,1.255678,1.159729,6374.589,2.00085907
0.022179,2757.083,2021.174,0.77896,1.46549,112.7764,107.7248,4028.766407,2991.08105,5066.451765,58044.31268,5.047515,4.99296,0.257569,125.30078,-178.3451,91.54635778,0.0,No,No,Terrestrial-like,ML-Host-1979,0.77342,0.858075,4339.975,0.23533886
161.014613,80610.099,587.081,6.61534,23.09249,10.3583,9.7325,547.420332,425.555369,669.285296,2970.311826,invalid,8.1269,0.222617,17.19148,-122.6669,83.23147851,4.0,Yes,Yes,Neptune-like,ML-Host-1983,0.74093,0.795368,5377.696,0.47666776
0.128337,3371.482,6395.724,3.01422,3.18785,1842.044,1956.9652,97.1766,92.345984,102.007215,211.516796,33.410426,2.17693,0.04971,15.48064,0.6237,0.00460606,0.0,No,No,Terrestrial-like,ML-Host-1984,0.817361,0.879734,4915.182,0.40696439
1.41686,9688.022,2975.932,4.03016,6.24854,19.9274,19.9624,380.507284,346.052028,414.96254,1881.437998,14.707479,1.83891,0.090551,33.38062,-144.6429,0.0,2.0,No,No,Terrestrial-like,ML-Host-1993,0.620194,0.777514,4708.911,0.26778943
0.468838,5849.824,4472.966,3.65766,4.62565,72.4435,75.4324,1595.981835,905.223328,2286.740342,18530.15469,6.263457,9.5828,0.432811,23.93664,-217.183,0.0,0.0,No,No,Terrestrial-like,ML-Host-1995,0.471785,0.503093,4270.016,0.07580705
23.816105,34966.268,1063.957,5.20041,13.48477,12.2523,11.3828,7376.691537,6092.382426,8661.000647,113770.0267,4.715187,7.38512,0.174104,93.88279,-219.3333,2.06e-05,1.0,No,Yes,Super-Earth-like,ML-Host-2000,1.235798,1.286956,6945.38,3.47221355
1.859449,8932.296,4983.062,6.22191,7.45493,16017.3998,18671.9806,66.400367,61.432681,71.368052,126.131741,38.283467,9.0211,0.074814,23.33021,96.9421,125.1330412,0.0,No,No,Terrestrial-like,ML-Host-2001,0.733299,0.733208,4805.165,0.25821578
0.277746,5039.129,4145.563,2.92014,3.83601,2293.3328,2315.0599,214.190063,199.077896,229.302231,662.441867,23.51347,5.18685,0.070555,179.29911,-83.9998,0.09254506,0.0,Yes,No,Terrestrial-like,ML-Host-2002,0.892321,0.927185,5115.561,0.53039656
0.47981,6336.458,3601.898,3.19038,4.49619,58.1514,55.8877,139.202489,128.385631,150.019347,481.86349,21.008167,0.52787,0.077706,27.10893,-51.758,125.4530826,0.0,No,No,Terrestrial-like,ML-Host-2003,0.462926,0.536509,4158.896,0.07758194
0.275063,4199.356,7093.915,4.16421,4.18175,3288.5448,2800.9301,36.357171,27.480631,45.233711,42.175202,62.689974,0.04677,0.244148,13.2713,366.5523,0.01247855,0.0,No,No,Terrestrial-like,ML-Host-2004,1.07665,1.072184,6082.119,1.41727263
0.011699,2074.081,2504.239,0.72605,1.22714,107.6849,101.6771,6007.880747,4442.576254,7573.185241,106079.3346,4.118658,8.72669,0.260542,151.82002,-200.2109,0.0,0.0,No,No,Terrestrial-like,ML-Host-2008,0.767929,0.910604,5302.959,0.59078163
20.110429,19355.485,5296.763,14.33108,16.65488,21.3412,23.3767,216.427684,166.110135,266.745233,791.084222,19.895519,9.50579,0.232491,176.3539,-128.0284,0.0,0.0,No,No,Super-Earth-like,ML-Host-2010,0.645523,0.691708,4662.343,0.20368434
282.907313,76537.115,1205.117,12.89335,31.41369,22.2119,20.6299,1341.529723,1155.181112,1527.878335,11570.7713,8.431467,3.49834,0.138908,63.95369,-203.9686,0.01619091,2.0,Yes,Yes,Neptune-like,ML-Host-2013,0.718612,0.690985,4630.981,0.19784479
31.553034,22106.059,5578.386,17.23789,19.52081,5542.5238,5295.808,292.503901,286.143711,298.864091,1193.148068,17.827995,2.93297,0.021744,9.17361,-115.8631,0.06204829,2.0,No,No,Super-Earth-like,ML-Host-2020,0.700527,0.753072,5068.133,0.33710049
1130.707453,115763.505,1391.992,22.52541,51.06486,23.1579,22.1906,461.952962,413.744722,510.161203,1776.496858,18.910303,1.0801,0.104357,16.72852,-92.4434,0.00113607,4.0,Yes,Yes,Gas-giant-like,ML-Host-2028,1.244752,1.330882,6420.959,2.71252053
10.792121,22736.999,1753.512,5.57322,11.25692,25.5854,26.9314,3889.692867,3301.213902,4478.171833,51552.27686,5.486971,7.55035,0.151292,30.24963,-205.4324,0.01915241,0.0,No,Yes,Terrestrial-like,ML-Host-2029,0.882407,0.954896,5278.57,0.63778076
0.038642,3279.73,2091.908,0.95906,1.77354,92.8168,90.8223,11967.82966,3784.242026,20151.41729,165295.9965,5.265241,10.75169,0.683799,117.29892,-181.8637,2.30036491,0.0,No,No,Terrestrial-like,ML-Host-2030,2.5,1.914313,9176.055,23.40692502
0.007759,1929.927,2061.583,0.55617,1.03603,248.2032,271.4199,9506.091299,9234.00521,9778.177389,147884.7418,4.674593,0.10889,0.028622,122.9155,-200.0989,0.0,0.0,No,No,Terrestrial-like,ML-Host-2031,1.565228,1.428917,7343.477,5.34953319
145.876029,82624.169,493.928,5.70473,21.71057,11.1204,11.6064,4446.206501,3866.402794,5026.010209,58753.72385,5.503252,0.00382,0.130404,8.86177,-238.2812,0.01429794,8.0,No,Yes,Neptune-like,ML-Host-2035,1.014651,0.857618,6107.579,0.92205809
2.607873,10938.002,3806.045,5.81937,7.97824,9973.5762,11245.2647,58.631466,52.793155,64.469776,119.745914,35.606987,9.49786,0.099576,0.57316,-7.6985,1.01e-05,0.0,No,No,Terrestrial-like,ML-Host-2038,0.560131,0.561889,4633.994,0.13116496
5.09396,12388.719,5116.555,8.86071,10.47725,2585.9214,2449.0851,666.540671,626.973889,706.107453,4537.276796,10.683082,6.77208,0.059361,175.20919,-196.7546,0.56082108,0.0,No,No,Terrestrial-like,ML-Host-2039,0.573202,0.685978,4635.995,0.19583329
6.745728,14595.534,4143.528,8.45385,11.10804,19.0121,16.9526,159.964944,117.05214,202.877748,589.359542,19.738297,9.8322,0.268264,33.19174,-157.1746,0.00040997,0.0,No,Yes,Terrestrial-like,ML-Host-2043,0.469605,0.520379,4368.695,0.08886699
6.617375,14529.374,4120.467,8.36869,11.02687,8.4325,8.9514,133.026474,92.059477,173.99347,213.096548,45.396967,4.07006,0.307961,3.16695,277.6828,8.68e-05,0.0,No,Yes,Terrestrial-like,ML-Host-2044,2.06576,1.715842,8119.912,11.53067238
7.907828,12413.619,7895.204,13.70017,13.04104,5493.6498,5476.4107,89.787075,76.326635,103.247516,183.807781,35.523448,3.77132,0.149915,6.28418,99.0409,48.32244009,2.0,No,No,Terrestrial-like,ML-Host-2046,0.853753,0.868841,5864.443,0.80441811
3.34021,9919.483,6535.939,9.06278,9.48146,22.2241,22.5572,223.545283,196.019084,251.071483,632.730591,25.692825,14.75729,0.123135,17.12559,-12.6029,0.00248727,0.0,No,No,Terrestrial-like,ML-Host-2050,1.11193,1.166092,5810.305,1.39622707
3809.240221,153162.207,2024.813,43.35117,81.48473,3.4118,3.4194,121.102168,112.514099,129.690238,294.781417,29.875625,3.73008,0.070916,13.66336,-27.7421,9.02e-05,26.0,Yes,Yes,Gas-giant-like,ML-Host-2054,0.814468,0.784599,5262.406,0.42533109
57.139174,47114.147,1043.473,6.87222,17.99385,9.3031,8.9904,254.751983,247.745624,261.758343,710.304282,26.081845,13.19132,0.027503,96.99271,66.9471,152.0702852,4.0,No,Yes,Super-Earth-like,ML-Host-2056,1.305817,1.154728,6765.767,2.51722453
2.886764,10360.154,4958.085,7.18033,8.62493,3541.6234,3888.4346,28.224701,14.853338,41.596063,29.256817,70.156424,5.91167,0.473747,149.02659,418.4952,0.00270035,0.0,No,No,Terrestrial-like,ML-Host-2057,1.046773,1.209948,5687.393,1.380005
8.483655,15880.224,4045.894,8.98122,11.94252,4255.7105,3881.8558,199.557614,100.479642,298.635586,583.675998,24.863465,5.59507,0.496488,158.7539,-39.1156,0.13768183,0.0,No,No,Terrestrial-like,ML-Host-2059,0.929565,0.931694,5260.71,0.59898907
0.02466,3334.523,1270.244,0.59209,1.40511,228.3419,236.5389,11967.82966,8958.289381,14977.36993,252040.5417,3.453108,12.40287,0.251469,100.48101,-251.5878,0.07479794,0.0,No,No,Terrestrial-like,ML-Host-2070,1.075286,1.071979,5321.636,0.83032481
0.024707,2602.349,2677.463,0.97399,1.59206,193.5145,175.757,11967.82966,11685.3283,12250.33101,274327.6975,3.172568,7.09555,0.023605,132.0494,-234.9455,3.17e-05,0.0,No,No,Terrestrial-like,ML-Host-2073,0.907665,1.088486,5593.816,1.04513639
1.600736,8178.215,5589.148,6.38952,7.22875,25.7414,23.2033,87.235161,83.884996,90.585327,172.378492,36.80219,8.74472,0.038404,36.05893,92.8305,0.00111467,0.0,No,No,Terrestrial-like,ML-Host-2076,0.890281,0.920117,5262.286,0.58489602
9935.98021,241285.415,1350.887,45.56321,104.85103,5.7138,6.2912,471.541036,232.556346,710.525726,2310.666426,14.840462,10.88995,0.506816,19.40926,-162.9503,0.00013967,20.0,Yes,Yes,Gas-giant-like,ML-Host-2084,0.782533,0.707717,5327.743,0.36356876
541.275792,108335.535,813.031,12.31239,36.52218,-7.595,8.8144,3916.901273,3110.846197,4722.956349,50410.57007,5.650491,9.00223,0.205789,51.487,-161.7418,69.4783391,9.0,No,corrupt,Gas-giant-like,ML-Host-2089,0.94233,0.897061,5424.398,0.62768982
19.475133,19456.758,5049.756,13.73426,16.34699,7807.2396,6981.6019,40.510552,30.568305,50.4528,66.578878,44.248328,1.74044,0.245424,163.37856,71.1262,0.00169402,1.0,No,No,Super-Earth-like,ML-Host-2090,0.597654,0.718973,4259.991,0.15337474
69.532835,37122.945,2595.757,13.4701,22.36179,9.0205,9.0697,3703.545148,2946.846273,4460.244023,39188.13323,6.872714,15.214,0.204317,23.75266,-194.743,0.15147864,2.0,No,Yes,Neptune-like,ML-Host-2091,1.318142,1.29377,6299.222,2.37441348
18.496625,28337.495,1552.421,6.14944,13.20074,13.7995,12.4943,11967.82966,10968.64282,12967.01649,357953.0444,2.431389,1.18685,0.083489,28.94097,-246.1308,0.00753224,1.0,No,Yes,Super-Earth-like,ML-Host-2095,0.533105,0.573497,4604.305,0.13317234
9.358691,13783.949,6824.888,13.15024,13.46336,-9065.665,10178.8018,238.221987,172.436745,304.007229,971.12173,17.839117,8.04527,0.276151,154.08331,-194.1632,3.93e-05,2.0,No,No,Terrestrial-like,ML-Host-2097,0.571237,0.578784,4001.808,0.07740225
1.031096,7990.534,3859.875,4.31135,5.86941,-13139.3032,12662.8378,23.936853,15.521828,32.351878,35.771314,48.662828,3.97615,0.351551,173.46702,95.2634,0.0146825,1.0,No,No,Terrestrial-like,ML-Host-2100,0.42712,0.529806,4084.217,0.07036611
5426.962999,223319.358,930.634,29.05159,80.54676,10.7589,10.0189,578.538871,448.840323,708.237418,2670.430978,15.754926,16.24447,0.224183,160.61232,-84.376,80.38947912,20.0,Yes,Yes,Gas-giant-like,ML-Host-2104,1.082065,0.92959,6375.989,1.286672
0.559094,6214.783,4448.449,3.86455,4.90075,52.4156,47.4874,116.977055,96.877175,137.076935,249.987315,34.028898,7.23561,0.171828,37.65304,56.5642,0.00160863,0.0,No,No,Terrestrial-like,ML-Host-2111,1.020668,1.030655,5997.569,1.23828986
57.191213,49141.63,920.411,6.3226,17.62677,10.2515,10.5317,1864.30124,1363.703618,2364.898863,19085.08202,7.103743,7.65811,0.268518,93.32604,-211.3997,5.73329484,1.0,No,Yes,Super-Earth-like,ML-Host-2112,0.70889,0.73681,5292.885,0.38386287
17.655964,16291.392,7798.629,17.75991,17.00981,54.4833,47.9745,132.116511,79.623483,184.609539,284.768181,33.738892,15.57499,0.397324,43.67053,53.5319,0.16316605,???,No,No,Super-Earth-like,ML-Host-2113,1.133201,1.172423,5527.681,1.15620658
72.357083,48818.79,1187.74,8.10537,19.89207,24.3766,23.713,641.994278,488.493759,795.494796,3035.557307,15.380055,7.95076,0.2391,104.73336,-150.4781,0.0,2.0,No,Yes,Neptune-like,ML-Host-2115,1.144287,1.070874,5867.083,1.22422143
139.452108,62188.505,1107.379,9.62655,24.46754,17.6237,17.2854,1144.236062,1073.822119,1214.650004,10225.74422,8.137404,8.26866,0.061538,49.99427,-146.3499,45.07349209,1.0,Yes,No,Neptune-like,ML-Host-2118,0.57092,0.625803,4748.071,0.17932412
0.473227,8873.981,1293.349,1.60435,3.77319,91.3585,95.9426,1487.394333,757.664125,2217.12454,7868.16201,13.747319,9.01522,0.49061,124.56212,-102.0195,3.82e-05,0.0,No,No,Terrestrial-like,ML-Host-2124,2.118119,1.658619,7921.049,9.7570545
0.016297,2020.567,3772.946,1.06566,1.46739,249.0534,251.4254,491.406162,334.201073,648.611251,1616.199705,22.111121,1.80458,0.319909,107.39292,68.2244,20.95160743,0.0,No,No,Terrestrial-like,ML-Host-2129,1.810299,1.689192,7988.511,10.4692605
309.915359,77278.543,1282.53,13.8545,32.72088,-9.504,11.4808,553.263273,522.941058,583.585488,3318.500755,12.124256,14.35874,0.054806,166.07416,-166.3035,0.00305168,4.0,Yes,No,Gas-giant-like,ML-Host-2131,0.612816,0.732486,4551.791,0.20750213
90.543967,48344.36,1530.465,10.34269,22.36092,7.4229,7.5406,1702.562021,1165.387343,2239.736699,17963.33413,6.89257,1.63314,0.31551,65.4884,-175.5323,42.81791061,3.0,No,No,Neptune-like,ML-Host-2136,0.609472,0.736179,4439.718,0.1897071
1548.830632,134012.913,1229.038,23.02377,55.54711,8.7411,8.9814,5348.124626,3052.012926,7644.236325,81913.57154,4.748001,14.83152,0.42933,0.65054,-191.2215,8.14878678,12.0,Yes,Yes,Gas-giant-like,ML-Host-2139,0.908472,0.838577,5365.669,0.52514089
1390.495718,145214.696,867.24,17.60412,50.56062,16.4771,16.6992,108.189052,80.584237,135.793868,283.384779,27.763357,7.32577,0.255154,164.20277,-3.7792,17.16673617,7.0,No,No,Gas-giant-like,ML-Host-2142,0.62837,0.676804,4748.543,0.2098271
0.0971,2843.228,8068.349,3.20672,3.01951,2570.0867,2422.9826,11.402177,10.374974,12.429379,7.660901,108.236346,4.56568,0.090088,7.5038,671.8729,0.00917435,0.0,No,No,Terrestrial-like,ML-Host-2143,1.006519,0.951751,5682.913,0.85118867
108.336786,55163.515,1232.598,9.50469,22.89786,16.2333,15.5854,356.748517,348.332474,365.164559,1270.4723,20.420302,5.83914,0.023591,12.18737,-122.3057,0.00010346,2.0,No,No,Neptune-like,ML-Host-2146,1.12092,0.901337,5847.402,0.85569996
1.413681,7824.888,5635.319,6.16398,6.94496,3909.6612,4048.9687,121.383197,89.777582,152.988811,339.946807,25.966462,1.53016,0.260379,2.51904,-49.7483,3.75683177,0.0,No,No,Terrestrial-like,ML-Host-2148,0.616698,0.817629,4805.174,0.32110278
70.120405,53250.021,886.924,6.60192,18.74974,8.9086,8.1301,11967.82966,8963.708562,14971.95075,242529.0604,3.588532,7.3887,0.251016,28.78531,-225.6281,0.0,2.0,No,Yes,Neptune-like,ML-Host-2150,1.16128,1.172915,5998.279,1.60448086
0.337663,4587.316,6680.489,4.28382,4.43297,2031.1139,2044.8026,200.829704,175.164653,226.494755,475.699653,30.701549,12.36448,0.127795,3.42556,59.0521,118.2084012,2.0,No,No,Terrestrial-like,ML-Host-2155,1.426385,1.151736,6819.414,2.58457198
13.845365,17005.253,5377.204,12.78215,14.74326,17.4394,20.543,77.861459,74.195644,81.527274,160.914124,35.187916,9.01796,0.047081,29.58793,85.1078,14.82672431,0.0,No,Yes,Super-Earth-like,ML-Host-2156,0.726437,0.832123,4874.304,0.35214433
2029.327771,abc,643.631,16.36842,54.57028,28.9812,25.2316,1283.125128,956.373131,1609.877125,10426.26763,8.949635,1.70363,0.254653,22.10744,-189.8051,0.00016749,12.0,Yes,No,Gas-giant-like,ML-Host-2159,0.774404,0.81487,5053.565,0.39017772
0.007817,2259.848,1293.544,0.40862,0.96095,-175.0267,179.0548,2589.585884,1985.919556,3193.252211,33086.8858,5.691669,1.47303,0.233113,141.92707,-226.7289,1.56455749,0.0,No,No,Terrestrial-like,ML-Host-2161,0.632117,0.740721,4279.259,0.16575962
2.2615,8600.214,6790.007,8.16289,8.3787,5407.3705,4857.5741,44.834119,37.570008,52.09823,70.725038,46.099969,10.80678,0.162022,147.17251,170.014,4.67441753,0.0,No,No,Terrestrial-like,ML-Host-2162,0.717956,0.82627,5118.372,0.42214923
0.604549,7109.686,3212.787,3.19298,4.76457,22.1732,23.4778,377.922033,288.665665,467.1784,1607.56977,17.09612,6.24692,0.236177,22.58847,-65.5472,70.20448019,1.0,No,No,Terrestrial-like,ML-Host-2168,0.832311,0.929341,5263.576,0.59726637
194.487014,79578.225,737.071,8.19913,25.54354,18.8497,17.4943,139.139075,111.864768,166.413383,281.047949,36.0026,2.52854,0.196022,43.74525,118.6288,5.99e-05,4.0,No,Yes,Neptune-like,ML-Host-2174,1.358955,1.387249,6671.651,3.43507885
1.947131,8461.814,6137.708,7.25996,7.83788,-2381.4194,2407.867,25.671447,20.666157,30.676738,26.156987,71.371992,2.05987,0.194975,10.04147,444.0968,125.086157,1.0,No,No,Terrestrial-like,ML-Host-2178,0.985358,1.040043,5586.339,0.94908806
0.011339,1884.701,3234.871,0.85224,1.26737,303.1706,337.4212,5900.018293,5573.480852,6226.555734,82414.47644,5.20613,1.93171,0.055345,123.03943,-157.7814,20.34799331,0.0,No,No,Terrestrial-like,ML-Host-2182,1.204957,1.136824,6191.147,1.71066712
42.891189,37001.843,1616.96,8.36348,17.5916,21.4233,22.0536,1425.294461,1421.753924,1428.834997,9481.452594,10.931881,8.35176,0.002484,108.17303,-174.6835,0.01142647,0.0,No,Yes,Super-Earth-like,ML-Host-2183,1.283461,1.094062,6957.1,2.52633823
151.596121,58021.343,1482.266,12.02204,26.41089,18.5503,17.8766,7678.840529,7419.793549,7937.887509,107991.5701,5.170958,8.60898,0.033735,90.3404,-191.8066,0.00762367,3.0,Yes,Yes,Neptune-like,ML-Host-2187,1.547126,1.604744,7861.184,8.86049121
2.19504,8584.707,6626.243,7.95165,8.26212,47.4305,50.9608,50.184385,49.239576,51.129194,89.538556,40.759017,1.89103,0.018827,31.90827,69.0338,0.05963145,0.0,No,No,Terrestrial-like,ML-Host-2188,0.628209,0.638734,4476.202,0.14756175
0.151942,4163.592,4020.457,2.33996,3.12132,931.8586,927.0375,12.43583,11.530875,13.340785,10.859876,83.275082,12.19012,0.07277,153.72012,424.2529,0.01331627,0.0,No,No,Terrestrial-like,ML-Host-2189,0.64982,0.785543,4689.687,0.26891202
6.672527,12662.063,6277.379,11.11085,11.86112,3885.5516,4344.1544,82.8651,54.824704,110.905495,129.059155,46.692595,9.10133,0.338386,1.33266,297.3196,196.7375846,0.0,No,No,Terrestrial-like,ML-Host-2194,1.361306,1.397248,6487.784,3.11621425
186.727509,78845.645,727.573,8.01897,25.1448,43.9504,49.1963,3720.237712,1820.206799,5620.268625,57216.51251,4.728403,10.43731,0.510728,95.22913,-177.5793,101.7758925,3.0,Yes,Yes,Neptune-like,ML-Host-2195,0.626741,0.708197,4415.841,0.17181339
643.94706,128089.69,585.206,10.47822,36.63539,5.4443,5.9015,292.622173,245.147387,340.09696,1011.996039,21.027788,5.87765,0.162239,6.98482,-33.6713,3.45e-05,4.0,Yes,Yes,Gas-giant-like,ML-Host-2198,0.97495,0.998744,5964.315,1.13722359
484.4169,100209.977,919.365,12.87843,35.92419,6.1666,5.9665,817.206587,803.507175,830.905998,4362.219919,13.623525,2.67274,0.016764,24.45548,-164.9227,0.0,4.0,Yes,No,Gas-giant-like,ML-Host-2200,1.142876,1.04433,6150.877,1.40643023
5.544038,13294.905,4505.799,8.37378,10.55124,4908.5518,4607.4898,32.051962,26.757241,37.346684,37.076593,62.8666,5.61896,0.165192,10.1778,336.8931,0.0,0.0,No,No,Terrestrial-like,ML-Host-2202,0.954515,1.037749,5525.677,0.90452672
5.989338,12525.08,5821.55,10.19256,11.29879,14.6501,13.4868,283.832032,135.989922,431.674143,971.681192,21.242361,5.94054,0.520879,35.69252,-93.7269,2.07873187,0.0,No,Yes,Terrestrial-like,ML-Host-2206,0.965062,0.897791,5633.062,0.73117878
110.853086,48998.534,1799.699,12.32671,24.57623,21.4477,18.8592,11967.82966,11225.92315,12709.73616,213372.9897,4.078882,1.90901,0.061992,72.1307,-234.8663,1.24e-05,1.0,No,Yes,Neptune-like,ML-Host-2214,1.500327,1.138746,7533.227,3.76246287
0.878576,6690.45,5602.922,5.24004,5.921,2601.7157,2688.8341,24.959088,19.233741,30.684435,23.922942,75.871611,4.39574,0.229389,14.34181,357.3417,0.0,1.0,No,No,Terrestrial-like,ML-Host-2226,1.082619,0.913826,5711.089,0.80038257
96.455261,47588.042,1709.361,11.37093,23.26199,-21.7433,20.8892,9665.146154,5184.219095,14146.07321,216773.0883,3.242412,6.64779,0.463617,25.06808,-266.3229,0.09123532,1.0,Yes,Yes,Neptune-like,ML-Host-2231,0.765655,0.81149,4917.048,0.34679966
1186.649598,151921.713,646.345,13.72614,45.66508,12.7401,12.9921,2001.443197,1641.023927,2361.862468,26008.76858,5.596141,7.08277,0.18008,2.99755,-212.7056,7.20279592,9.0,Yes,No,Gas-giant-like,ML-Host-2233,0.47229,0.616767,3956.114,0.08394848
2878.178695,174666.966,1031.542,25.18616,66.32639,9.0752,8.6564,541.89956,526.062763,557.736357,3694.899656,10.665503,1.9285,0.029225,151.90263,-194.2121,0.0,12.0,Yes,No,Gas-giant-like,ML-Host-2234,0.464483,0.513478,3793.939,0.04921517
1689.600735,194733.631,436.981,11.89509,48.12873,13.761,13.7313,891.84081,636.705545,1146.976076,5186.477715,12.504894,1.08861,0.286077,40.72328,-148.761,0.18325338,12.0,No,Yes,Gas-giant-like,ML-Host-2235,1.050837,0.925006,6107.976,1.07293344
0.005424,1672.851,2212.665,0.51741,0.93035,214.5643,231.096,6363.934064,5065.703288,7662.16484,81140.52949,5.703652,17.19577,0.203998,130.5259,-230.6006,0.00530968,0.0,No,No,Terrestrial-like,ML-Host-2238,1.559983,1.29198,7885.515,5.81469224
7.529752,13744.459,5538.589,10.64121,12.09371,8.2008,8.6029,661.466363,653.817743,669.114983,3414.97823,14.085913,2.97518,0.011563,17.32819,-88.8197,60.28625109,0.0,No,Yes,Terrestrial-like,ML-Host-2243,0.988931,0.956225,5410.018,0.70568253
36.052727,33395.279,1848.776,8.63045,16.97694,51.6947,47.7374,1921.612975,1410.418825,2432.807125,22084.22721,6.327744,9.88801,0.266023,22.36958,-189.002,2.69221005,2.0,No,No,Super-Earth-like,ML-Host-2245,0.579765,0.67892,4032.174,0.10977128
0.007435,1953.167,1905.753,0.52032,1.0081,52.575,54.733,6839.143549,5293.520638,8384.76646,110841.6347,4.487082,2.42884,0.225997,97.94031,-225.5465,0.00063057,0.0,No,No,Terrestrial-like,ML-Host-2250,1.037571,0.949342,6272.235,1.25669447
87.451421,51245.12,1241.111,8.89053,21.3447,35.3924,33.8515,4046.677579,2122.815022,5970.540135,46931.19505,6.2705,5.7225,0.475418,41.89499,-171.5621,86.05376188,0.0,No,Yes,Neptune-like,ML-Host-2251,1.198922,1.110012,6556.41,2.05122963
2.305364,8844.256,6364.393,7.86833,8.34203,9361.8464,10035.3864,107.109394,81.377573,132.841215,208.291536,37.395653,7.88899,0.240239,5.28528,108.4521,6.36e-05,0.0,No,No,Terrestrial-like,ML-Host-2252,1.128646,1.048273,6350.33,1.61000956
1105.185417,113932.28,1427.237,22.73041,50.88937,5.2355,4.9861,252.998427,248.923757,257.073097,729.023385,25.237221,6.40289,0.016106,8.74833,-7.0248,0.0,8.0,Yes,Yes,Gas-giant-like,ML-Host-2254,1.214197,1.292407,6229.242,2.26586445
305.522197,71876.782,1571.369,15.78815,33.68681,-50.5193,57.7302,2153.822086,1419.138637,2888.505534,20869.85052,7.505086,1.79368,invalid,92.49182,-198.9917,0.0,4.0,No,Yes,Gas-giant-like,ML-Host-2255,0.914133,0.864915,5427.544,0.58486412
1.768435,9668.717,3736.663,5.0503,6.98784,24.4919,25.7946,70.257736,59.815328,80.700144,113.458386,45.032154,1.86941,0.14863,39.52604,205.1574,0.00067096,0.0,No,No,Terrestrial-like,ML-Host-2257,1.073563,1.100118,6567.688,2.02872625
0.411535,6138.87,3397.375,2.91539,4.23051,33.3496,31.6013,412.800695,294.245038,531.356352,1593.581508,18.837849,2.10615,0.287198,16.04976,-49.9632,0.19459036,0.0,No,No,Terrestrial-like,ML-Host-2261,1.103802,1.321007,6218.71,2.351291
2.125139,7683.868,8946.417,9.60934,8.59284,7317.0922,7234.8215,10.078326,8.448525,11.708128,4.67424,156.798758,3.30176,0.161713,29.34125,1726.7338,0.05876396,0.0,No,No,Terrestrial-like,ML-Host-2263,1.867075,1.859906,7938.303,12.37620253
0.486485,6667.305,3134.875,2.9217,4.4136,18.8,18.0885,343.584232,248.843071,438.325393,1362.197859,18.342486,2.80379,0.275744,21.56594,-113.081,1.82e-05,0.0,No,No,Terrestrial-like,ML-Host-2265,0.871039,0.767843,5084.152,0.35490603
0.76731,6552.763,5208.335,4.77076,5.59121,24.0983,24.5987,336.12323,281.006718,391.239741,1122.400679,21.777889,8.8986,0.163977,11.59636,-74.7208,0.07815236,0.0,No,No,Terrestrial-like,ML-Host-2267,1.201208,0.977536,6325.221,1.37804398
3.321234,9629.931,7102.829,9.56134,9.59557,6298.5303,6521.1688,437.289554,345.23458,529.344528,1523.320374,20.875795,3.99116,0.210513,170.43714,-48.3888,0.00141384,0.0,No,No,Terrestrial-like,ML-Host-2276,1.435963,1.123221,7158.371,2.98457338
0.108301,3101.9,6930.305,3.005,3.05307,654.5217,597.107,97.609828,42.598553,152.621102,196.436436,36.135717,4.16017,0.563583,172.02941,87.3154,0.35910363,0.0,No,No,Terrestrial-like,ML-Host-2277,0.960406,0.993484,6235.623,1.34442361
0.019313,2922.324,1477.955,0.60375,1.32828,99.0063,99.4061,4232.79651,2907.103639,5558.489381,46389.39937,6.635503,2.72735,0.313196,116.72286,-204.7016,0.35449632,0.0,No,No,Terrestrial-like,ML-Host-2280,1.404311,1.402622,6688.947,3.54819032
0.016725,2773.027,1498.016,0.58068,1.26895,273.2149,300.7733,1740.495996,1368.768965,2112.223026,12354.9835,10.244624,16.90182,0.213575,99.84628,-87.8576,102.4470886,0.0,No,No,Terrestrial-like,ML-Host-2284,1.376427,1.294501,6955.175,3.53290229
614.175666,123029.575,629.891,10.83276,36.50685,18.426,18.3899,604.909965,356.529897,853.290032,3190.081684,13.789678,3.76793,0.410607,178.67874,-107.6123,2.52357365,8.0,No,No,Gas-giant-like,ML-Host-2286,0.866737,0.929942,5540.117,0.73397738
748.568426,97500.277,1542.465,21.02256,45.27367,8.5662,9.1063,4378.54574,3292.306125,5464.785355,68543.76304,4.645443,24.29099,0.248082,158.03404,-206.2313,6.10801441,7.0,Yes,Yes,Gas-giant-like,ML-Host-2288,0.711987,0.749284,5099.114,0.34195327
12.6389,14674.982,7637.969,15.66823,15.16347,3044.7027,3669.1984,37.142595,32.743063,41.542128,41.692059,64.786435,5.37313,0.11845,156.33722,373.142,0.01057804,0.0,No,No,Super-Earth-like,ML-Host-2289,1.174704,1.1624,6036.016,1.61587397
386.99213,79920.709,1447.857,16.17518,35.95458,12.2656,13.1348,1142.767616,491.169906,1794.365326,7254.577364,11.455419,0.01665,0.570193,28.5432,-112.6582,22.54402995,10.0,Yes,Yes,Gas-giant-like,ML-Host-2290,1.129973,1.196125,6415.403,2.1834531
17.323902,30811.705,1131.097,4.87169,12.25174,11.3306,11.5315,4481.560258,3044.367447,5918.753069,73581.41224,4.42921,2.46362,0.32069,53.57669,-201.8252,12.19018948,0.0,No,Yes,Super-Earth-like,ML-Host-2293,0.662476,0.700597,4606.173,0.19906394
0.856039,6927.864,4916.963,4.76169,5.74354,11.0099,12.0148,2625.249815,2584.364314,2666.135316,28335.04306,6.737704,13.41919,0.015574,13.47724,-231.5426,1.05e-05,0.0,No,No,Terrestrial-like,ML-Host-2297,0.898013,0.962121,5444.037,0.73255124
12.55405,16678.416,5167.98,12.04869,14.17579,102.5568,99.8053,77.527698,51.764104,103.291292,163.917497,34.395114,4.33914,0.332315,50.24194,-31.5942,0.0,0.0,No,No,Super-Earth-like,ML-Host-2299,0.691096,0.753003,4940.804,0.30442421
33.045463,35132.615,1455.398,7.14754,15.84651,11.0942,10.7266,512.79944,307.205858,718.393021,1657.611431,???,5.10142,0.400924,102.74408,27.0055,0.0,2.0,No,Yes,Super-Earth-like,ML-Host-2304,1.95567,1.948414,7995.822,13.98008226
26.433706,16807.496,10632.868,24.98146,20.49087,52.5954,51.8883,452.657127,409.384619,495.929636,2913.233795,11.299499,7.1866,0.095597,15.37978,-165.1674,58.38806864,1.0,No,Yes,Super-Earth-like,ML-Host-2305,0.435488,0.436062,3844.663,0.03743043
813.268623,127385.762,751.403,13.38006,41.28473,4.879,5.1774,523.848625,367.421088,680.276161,1866.156585,20.413755,4.47276,0.298612,56.19716,-3.4169,5.5941706,6.0,Yes,Yes,Gas-giant-like,ML-Host-2310,1.644901,1.133599,7955.824,4.63825628
7.031721,10856.465,10495.367,15.9276,13.14981,21.9208,21.1618,24.209556,13.005803,35.413309,24.509265,71.832622,3.78387,0.462782,29.23734,479.1409,0.0,0.0,No,Yes,Terrestrial-like,ML-Host-2311,0.941279,1.266757,5477.752,1.30164077
7.161078,11557.821,8858.332,14.31173,12.86128,28.7767,29.9689,78.286579,58.031821,98.541337,198.017084,28.750793,8.40888,0.258726,35.25564,-76.1214,0.46468604,1.0,No,Yes,Terrestrial-like,ML-Host-2312,0.487613,0.50955,3771.224,0.04731478
2.718752,9373.256,6305.209,8.26141,8.79979,11.6272,11.1109,1127.70303,630.9598,1624.446259,9306.334999,8.812137,6.83416,0.440491,12.5513,-181.6134,1.00825255,1.0,No,Yes,Terrestrial-like,ML-Host-2313,0.65985,0.705853,4407.238,0.1693517
0.781659,7068.522,4227.006,4.17663,5.43347,18.8629,19.2079,61.493319,57.111278,65.875359,118.905751,37.608867,0.90955,0.07126,17.8857,9.2119,8.6e-05,0.0,No,No,Terrestrial-like,ML-Host-2314,0.655385,0.660409,4296.765,0.13393279
645.084297,93424.431,1510.903,19.73155,42.93494,10.119,10.0036,360.238925,355.157058,365.320792,2001.210563,13.090705,0.51497,0.014107,169.20584,-190.2927,0.0,7.0,Yes,Yes,Gas-giant-like,ML-Host-2315,0.465163,0.554537,4189.659,0.08536307
0.613437,7468.832,2811.989,2.93583,4.68265,4449.5871,4330.1913,92.870112,82.939624,102.800599,252.807874,26.714715,4.00525,0.106929,6.6319,-94.5704,0.3906325,0.0,No,No,Terrestrial-like,ML-Host-2318,0.499419,0.542748,4185.112,0.08141776
106.48858,46840.572,1978.964,12.95759,24.63618,30.2441,28.4667,1307.587835,1080.797773,1534.377897,7398.949119,12.851861,5.17974,0.173442,42.46699,-151.4904,2.41e-05,1.0,No,Yes,Neptune-like,ML-Host-2322,1.627388,1.428044,6740.426,3.79251362
669.524697,114134.414,860.039,13.72142,39.57381,9.9025,10.7487,765.299564,444.882495,1085.716633,4251.379714,13.090817,10.63141,0.418682,11.93562,-92.098,42.11205891,4.0,Yes,Yes,Gas-giant-like,ML-Host-2324,0.988219,0.978631,6592.169,1.62946984
4.681588,14901.879,2701.914,5.62829,9.15817,4973.7595,4567.1689,328.158387,311.568054,344.74872,1721.475634,13.862699,8.64621,0.050556,166.63534,-186.002,0.00209543,1.0,No,No,Terrestrial-like,ML-Host-2327,0.47519,0.544448,3866.821,0.05970682
1474.159709,130073.231,1279.329,23.26132,55.00614,18.4911,15.7891,113.9083,91.288878,136.527723,217.244749,38.130391,10.44447,0.198576,13.85424,164.6092,5.16e-05,12.0,Yes,Yes,Gas-giant-like,ML-Host-2328,1.247918,1.205644,6760.473,2.73552673
1.008478,6464.0,7131.217,6.44361,6.4538,3803.8898,3837.5696,189.363507,138.750891,239.976122,352.067934,39.114249,9.93981,0.267278,158.19677,162.7489,0.00866823,0.0,No,No,Terrestrial-like,ML-Host-2330,2.183003,1.795682,7789.144,10.69331653
0.097604,4417.826,2161.947,1.33511,2.42864,-68.5564,70.2004,4604.065593,4416.311633,4791.819552,81706.43908,4.097797,2.22344,0.04078,142.0393,-191.1649,130.5206089,0.0,No,No,Terrestrial-like,ML-Host-2333,0.582546,0.753221,4254.867,0.16752663
14.972087,16462.409,6409.197,14.74896,15.58215,18.7378,18.1339,211.923192,180.64437,243.202015,668.686301,23.047363,9.2302,0.147595,26.08294,-47.3303,0.0,1.0,No,No,Super-Earth-like,ML-Host-2335,0.848221,0.992997,5509.439,0.81850233
0.124201,5299.969,1593.328,1.18044,2.50126,119.2947,111.2564,11967.82966,9501.694701,14433.96461,275363.2721,3.160637,9.04712,0.206064,125.48872,-233.8301,0.0154655,0.0,No,No,Terrestrial-like,ML-Host-2337,0.90085,0.926407,5476.664,0.69560529
98.29606,57137.208,1006.423,8.03829,21.43095,17.2915,16.3849,4844.568478,3861.258485,5827.878471,65270.06154,5.397669,4.14459,0.202972,103.74191,-192.8289,0.77387972,2.0,No,Yes,Neptune-like,ML-Host-2338,1.063545,1.055096,6323.791,1.60394311
9.296168,14452.148,5881.771,11.88242,13.10444,34.8277,39.8213,95.166375,78.863468,111.469283,156.529037,44.213387,3.54026,0.17131,5.42877,290.1462,10.16319375,0.0,No,No,Terrestrial-like,ML-Host-2342,1.401778,1.420211,7288.773,5.12882635
5.843338,14697.523,3515.037,7.22168,10.30247,-54.0205,52.6864,501.25265,457.685911,544.819389,2818.463569,12.933302,9.56896,0.086916,175.82002,-147.3675,12.70015857,0.0,No,No,Terrestrial-like,ML-Host-2345,0.631777,0.738436,4514.141,0.20399533
1251.426967,160376.212,579.411,12.98947,45.6421,17.19,16.9131,318.660962,302.110364,335.211559,1174.793869,19.725697,10.26665,0.051938,11.50627,-70.3964,3.89808815,8.0,No,Yes,Gas-giant-like,ML-Host-2346,0.93429,0.859891,5355.135,0.54785133
60.687959,49082.781,980.204,6.72527,18.16852,15.3201,16.022,696.313451,654.988706,737.638197,3283.810314,15.420267,1.41516,0.059348,103.5632,-29.6957,59.06200302,2.0,No,Yes,Neptune-like,ML-Host-2347,1.247604,1.175747,6946.931,2.90064311
1518.17291,144606.858,958.862,19.38247,52.94184,4.2869,4.4262,3618.994315,2882.453819,4355.53481,44183.54716,5.956519,7.01742,0.203521,170.71676,-165.9741,155.4493095,11.0,Yes,No,Gas-giant-like,ML-Host-2356,0.967522,0.977966,6055.712,1.15878539
4764.816852,198379.743,1165.616,32.32342,80.07691,5.1046,5.5757,474.107515,200.54708,747.66795,1684.641647,20.466071,5.77405,0.577001,170.0932,-4.036,17.15221045,18.0,Yes,Yes,Gas-giant-like,ML-Host-2358,1.496353,1.241016,7130.475,3.58693673
error,28779.28,1840.969,7.40612,14.59941,13.8791,12.5832,1953.569488,1925.42374,1981.715235,20041.92176,7.088505,3.44791,0.014407,38.39663,-180.4681,16.88593569,0.0,No,Yes,Super-Earth-like,ML-Host-2359,0.73965,0.779181,5170.483,0.39092754
2.716582,9300.412,6449.375,8.38463,8.83066,2358.2548,2207.4819,78.886473,75.691669,82.081277,143.776133,39.900737,16.42987,0.040499,168.2928,141.5099,0.04595491,0.0,No,No,Terrestrial-like,ML-Host-2363,0.946352,1.011804,6166.177,1.33337334
3.878098,abc,2764.56,5.36729,8.63396,55.3393,52.3792,131.018057,110.049973,151.986141,427.447806,22.290163,5.08339,0.16004,5.52214,-158.0578,6.3e-05,0.0,No,No,Terrestrial-like,ML-Host-2365,0.490508,0.547187,3781.626,0.05516708
6.004869,12990.458,5231.564,9.49993,11.10893,10.605,10.9956,615.685979,514.048423,717.323535,3653.564378,12.254841,11.36195,0.16508,13.12947,-113.2517,53.53320302,0.0,corrupt,Yes,Terrestrial-like,ML-Host-2372,0.696727,0.797863,4802.603,0.30511121
703.188382,100684.152,1315.799,18.5189,43.18055,9.3745,10.0975,3201.934071,2866.604941,3537.263201,36032.89909,6.46217,7.29985,0.104727,50.0756,-181.5517,0.8132977,11.0,Yes,Yes,Gas-giant-like,ML-Host-2377,1.007528,0.938259,5793.204,0.89333779
909.01836,115130.39,1137.638,18.30874,45.91179,6.2401,6.0359,1263.791821,881.534195,1646.049446,13478.75643,6.818532,2.69017,0.302469,9.59842,-209.6284,0.00049146,8.0,Yes,Yes,Gas-giant-like,ML-Host-2385,0.442737,0.465107,4000.322,0.04990913
488.157315,79849.122,1831.263,20.4402,40.39966,19.5791,20.4,5727.054783,2924.522693,8529.586873,67468.44304,6.172994,0.02239,0.48935,33.49524,-167.804,10.7159282,2.0,No,Yes,Gas-giant-like,ML-Host-2386,1.644414,1.34088,7273.507,4.53367077
307.233902,74940.939,1394.162,14.60483,33.08323,53.0298,49.2333,1383.718117,686.74027,2080.695964,12715.05782,7.913971,4.73858,0.503699,59.99008,-189.4738,0.64898692,3.0,No,Yes,Gas-giant-like,ML-Host-2388,0.653017,0.723408,4553.173,0.20263645
7550.860211,190838.568,2074.91,55.35156,102.77749,16.9876,19.2255,355.882315,256.376854,455.387775,2030.25728,12.747368,5.44532,0.279602,158.39669,-193.5994,0.00364454,24.0,Yes,Yes,Gas-giant-like,ML-Host-2390,0.435748,0.483797,4161.582,0.06324928
0.050749,2577.147,5662.561,2.03994,2.29286,1406.7338,1416.1509,123.546229,98.862978,148.229479,365.14955,24.60503,4.32567,0.19979,4.38156,-106.7055,0.00073394,0.0,No,No,Terrestrial-like,ML-Host-2392,0.563593,0.67107,3819.89,0.08638423
457.638886,111231.755,635.094,9.87486,33.14209,6.5971,6.1918,250.590555,184.116818,317.064292,603.384617,30.201996,3.23867,0.265268,30.00839,52.4682,0.00048256,10.0,No,Yes,Gas-giant-like,ML-Host-2401,1.722361,1.431754,7709.033,6.52275856
11.27746,18041.502,3667.706,9.24978,12.9182,6425.8901,6237.971,58.501306,46.306228,70.696383,78.080949,54.486091,7.97483,0.208458,139.43046,299.1573,4.51e-05,2.0,No,No,Terrestrial-like,ML-Host-2405,1.308654,1.208082,7104.257,3.34936062
59.255772,42358.268,1489.078,8.81698,19.32543,-19.0508,19.3345,3397.787728,2265.984853,4529.590604,42022.06792,5.88009,3.41003,0.3331,51.49979,-238.1994,0.0,2.0,No,Yes,Super-Earth-like,ML-Host-2406,0.885222,0.886974,5346.841,0.57930286
2.159539,10050.611,4062.422,5.70745,7.57386,39.9666,38.0979,543.23274,325.863838,760.601642,2402.04152,16.446391,14.37061,0.40014,40.19046,-131.7753,0.00229002,1.0,No,No,Terrestrial-like,ML-Host-2410,1.107172,1.015285,6073.854,1.26394456
0.501496,5522.941,5685.353,4.38927,4.92358,3328.3664,3316.3505,22.34011,21.865606,22.814614,19.710897,82.422181,12.58057,0.02124,170.0914,594.8073,0.0,0.0,No,No,Terrestrial-like,ML-Host-2413,1.143567,1.196858,6281.529,2.00928381
5.179004,12110.567,5568.705,9.42721,10.68498,12.4388,12.9081,197.39451,121.231347,273.557672,601.244636,23.875311,8.52396,0.385842,26.59098,-81.4252,0.0,0.0,No,Yes,Terrestrial-like,ML-Host-2415,0.847854,0.887322,5261.166,0.54348219
3.443135,10990.339,4953.615,7.61023,9.14543,16.4867,16.1432,337.410423,208.2906,466.530246,1301.693537,18.850155,0.12575,0.382679,15.70139,-110.6068,0.00215813,1.0,No,Yes,Terrestrial-like,ML-Host-2419,0.903392,0.791578,5625.624,0.56541232
84.542151,54401.243,1002.878,7.62643,20.36878,-15.3605,14.0452,2259.349873,1996.769323,2521.930423,18598.11541,8.834454,4.89172,0.11622,65.15924,-155.9895,41.07152988,4.0,No,No,Neptune-like,ML-Host-2425,1.328713,1.133363,6516.864,2.08731244
1403.923346,96121.097,3019.177,40.56689,62.44464,19.8291,21.4254,907.862036,668.397372,1147.3267,4679.346579,14.109117,0.5791,0.263768,175.5255,-126.5576,2.29e-05,5.0,Yes,No,Gas-giant-like,ML-Host-2430,1.361782,1.119396,6792.343,2.40292653
7.062116,15154.039,3875.708,8.21001,11.15414,5523.5202,5829.5632,64.494927,61.64702,67.342833,160.870285,29.155124,9.43025,0.044157,163.08828,-71.8786,19.7784734,0.0,No,No,Terrestrial-like,ML-Host-2437,0.413089,0.472621,3917.428,0.04739423
170.05924,58254.234,1642.93,13.37861,27.91703,5.1624,5.7552,2339.612424,1767.315549,2911.909299,16373.62859,10.391163,5.48468,0.244612,60.79047,-149.9883,0.57896652,2.0,Yes,Yes,Neptune-like,ML-Host-2439,1.903533,1.606679,7381.721,6.90531002
3.17404,11047.083,4496.461,6.94357,8.75821,5092.4737,4774.205,150.927814,107.36048,194.495149,505.945313,21.693563,7.39956,0.288663,161.93347,-139.1518,3.58e-05,2.0,No,No,???,ML-Host-2441,0.535204,0.635496,4026.311,0.09562007
757.258872,110921.746,1059.731,16.43148,42.69202,8.2841,7.5292,1153.304716,954.919974,1351.689459,8353.30429,10.040398,3.50434,0.172014,30.22145,-141.6209,19.36549996,5.0,Yes,Yes,Gas-giant-like,ML-Host-2446,0.87606,0.964397,4996.621,0.52229006
1367.18121,168795.253,542.934,12.81066,46.50137,7.5401,7.2937,1961.895923,1599.292603,2324.499243,18861.02819,7.564422,2.71513,0.184823,25.59202,-226.9097,0.00137548,10.0,Yes,Yes,Gas-giant-like,ML-Host-2450,0.845893,0.848687,6063.134,0.87695827
0.150358,4547.697,3053.182,1.94092,2.97098,30.4621,28.7969,309.951087,286.705498,333.196675,1197.520317,18.82242,1.59563,0.074998,54.3239,-103.7972,0.00105421,0.0,No,No,Terrestrial-like,ML-Host-2451,0.827432,0.843809,5850.014,0.75129468
3.330933,12953.446,2926.924,5.29982,8.28558,63.463,57.3767,389.338174,320.052731,458.623618,1592.474552,17.779505,7.38291,0.177957,39.16697,-104.401,0.00051973,0.0,No,Yes,Terrestrial-like,ML-Host-2452,0.927373,1.006857,6142.601,1.30028936
0.986578,8128.474,3508.373,3.98638,5.69238,1060.7173,992.8747,287.993132,249.832381,326.153883,1001.270832,20.916824,1.60542,0.132506,172.07922,-61.2798,0.0,0.0,No,No,Terrestrial-like,ML-Host-2457,0.949427,0.898171,5671.907,0.75219233
5607.590824,170591.918,2157.259,51.44286,93.6789,11.8707,13.0529,1325.15824,1252.861657,1397.454822,9515.178884,10.12782,10.33899,0.054557,155.77978,-171.8054,0.0,24.0,No,No,Gas-giant-like,ML-Host-2459,1.024207,0.953229,5520.424,0.76028985
482.337918,115884.119,591.945,9.58891,33.3347,-7.6988,7.6724,943.692876,760.042498,1127.343255,6230.41078,11.014865,8.6019,0.194608,30.34994,-176.3174,0.0,6.0,No,No,Gas-giant-like,ML-Host-2462,0.862734,0.862807,6053.204,0.90045683
49.215911,48914.909,803.125,5.49147,16.38947,66.5698,64.7843,1745.02136,1395.396494,2094.646225,27106.74872,4.681537,10.00398,0.200356,108.31725,-184.025,39.53083952,1.0,No,Yes,Super-Earth-like,ML-Host-2464,0.288181,0.364116,3088.29,0.01086543
3.292242,12456.6,3253.078,5.66446,8.39999,7.9819,8.1853,246.706632,233.447367,259.965897,750.073422,23.918956,9.45256,0.053745,16.95657,-20.3655,1.7e-05,1.0,No,Yes,Terrestrial-like,ML-Host-2472,1.063539,1.011998,5870.14,1.09558895
0.059564,2564.576,6744.368,2.4178,2.49011,2811.2371,2947.8742,50.873459,41.58468,60.162239,60.010544,61.649404,8.36015,0.182586,173.82638,280.2745,0.0,0.0,No,No,Terrestrial-like,ML-Host-2474,1.456925,1.294109,5981.68,1.93165274
439.281981,86404.17,1300.591,15.70868,36.84149,12.6125,12.9494,7539.404359,3091.112746,11987.69597,191584.9177,2.861811,7.7891,0.590006,42.18147,-250.1316,2.99e-05,9.0,No,Yes,Gas-giant-like,ML-Host-2475,0.465272,0.590035,3683.309,0.05773018
0.819598,8464.993,2580.611,3.05361,5.08417,32.3457,32.6332,618.985343,455.442626,782.528059,3483.081528,12.923552,3.02201,0.264211,42.19556,-132.3892,0.0,0.0,No,No,Terrestrial-like,ML-Host-2480,0.778991,0.878051,5004.724,0.43576741
35.986287,41609.935,953.998,5.54892,15.19508,21.3035,20.9987,1586.315424,1391.602672,1781.028175,14654.53115,7.871958,7.59635,0.122745,57.14004,-145.4596,133.1397007,3.0,No,Yes,Super-Earth-like,ML-Host-2481,0.740702,0.750175,4998.315,0.31645706
4.372562,11215.316,5919.744,9.28066,10.20223,-7175.6609,6732.7827,60.235827,39.521712,80.949942,82.060311,53.381023,6.6891,0.343884,164.35879,320.4075,0.01220049,1.0,No,No,Terrestrial-like,ML-Host-2490,1.293352,1.26685,6662.486,2.84898699
3.428684,10392.815,5833.5,8.47475,9.38491,-26.8417,25.7829,461.825807,301.402165,622.249449,2121.330176,15.831975,6.1838,0.347368,20.19803,-87.768,3.47e-05,0.0,No,Yes,Terrestrial-like,ML-Host-2491,0.872241,1.088207,5602.597,1.05117488
5351.395467,235320.694,784.311,25.79957,77.91774,17.0009,16.7775,1458.860455,1326.545266,1591.175644,11851.81045,8.951467,6.37059,0.090698,42.3215,-195.2244,0.49186019,15.0,Yes,No,Gas-giant-like,ML-Host-2492,0.880826,1.022706,6004.688,1.22506288
4.473069,13523.781,3453.922,6.52943,9.39694,22.6963,20.8794,795.442575,759.220853,831.664297,3520.707575,16.430246,0.0216,0.045537,11.64092,-57.0472,0.00204637,0.0,No,No,Terrestrial-like,ML-Host-2494,1.618024,1.55944,7156.447,5.74674211
9.579843,16178.526,4320.589,9.77116,12.57311,-3913.9862,3149.5392,108.162217,90.757189,125.567245,263.379986,29.864688,2.79303,0.160916,175.76412,-7.8349,0.9299955,0.0,No,No,Terrestrial-like,ML-Host-2495,0.726908,0.809767,4747.899,0.30020687
0.014011,1998.206,3354.015,0.93685,1.36822,-170.6092,175.931,1386.734578,1113.888547,1659.580608,12838.5765,7.854918,5.51795,0.196754,110.83534,-187.345,0.0,0.0,No,No,Terrestrial-like,ML-Host-2496,0.644711,0.705575,4542.924,0.19103944
2.303748,invalid,6180.226,7.714,8.29937,80.9062,84.4173,517.041425,495.009836,539.073015,2839.406338,13.242286,2.39897,0.042611,173.55879,-154.247,0.0,0.0,No,No,Terrestrial-like,ML-Host-2503,0.683187,0.753107,5401.328,0.43492095
15.538336,17639.616,5406.777,13.3319,15.33524,17.656,18.4146,939.150677,754.378546,1123.922809,5649.478596,12.089048,4.30942,0.196744,23.64054,-178.1862,2.08e-05,0.0,No,No,Super-Earth-like,ML-Host-2506,1.034207,1.133029,5623.715,1.15683006
38.521527,37745.211,1368.105,7.21848,16.50645,41.5039,35.0573,1051.900722,908.953259,1194.848186,8293.309491,9.223846,4.2916,0.135894,97.56829,-145.1931,155.4187443,3.0,No,Yes,Super-Earth-like,ML-Host-2507,0.674353,0.783092,4458.88,0.21838555
2.727617,9706.525,5696.306,7.72897,8.66149,6016.4256,7036.2107,239.712299,178.752494,300.672105,696.92225,25.01331,8.78641,0.254304,2.06705,-39.9376,0.0,1.0,No,No,Terrestrial-like,ML-Host-2510,1.13011,0.992217,6100.811,1.22873609
5.638408,12162.52,5985.317,10.17595,11.12498,38.8128,44.5435,33.089589,not_available,50.13338,40.757293,59.040662,8.5437,0.51508,17.83624,194.1323,0.0,0.0,No,Yes,Terrestrial-like,ML-Host-2512,0.869124,0.823209,5288.531,0.47759006
538.976129,113031.927,712.8,11.26245,35.67936,5.5972,5.6723,1322.04431,1187.551266,1456.537355,9704.913613,9.906483,6.74465,0.101731,27.57737,-192.9665,0.0,4.0,Yes,Yes,Gas-giant-like,ML-Host-2514,0.977627,0.96857,5553.96,0.80420649
1.689812,8655.698,4976.608,6.02143,7.2194,3401.2545,3344.8727,60.305032,41.819024,78.79104,129.723327,33.806534,5.90408,0.306542,1.80804,-18.3298,0.44089569,1.0,No,No,Terrestrial-like,ML-Host-2516,0.519329,0.52662,4403.889,0.09397987
0.040235,3203.726,2336.892,1.04655,1.83108,74.6816,73.9749,5034.356388,4707.28463,5361.428145,99465.11761,3.680767,4.02824,0.064968,124.54485,-202.9232,16.27996141,0.0,No,No,Terrestrial-like,ML-Host-2518,0.513936,0.530868,3492.724,0.0377855
45.959942,21655.015,8643.814,26.16545,23.80364,-2698.6572,2600.1302,159.206807,142.878017,175.535596,452.660249,25.577285,14.21321,0.102563,161.78335,-25.8016,0.0,2.0,No,No,Super-Earth-like,ML-Host-2522,0.784799,0.881666,5387.419,0.58996426
0.808204,7594.198,3524.332,3.7413,5.33031,45.993,39.6875,236.897886,209.914515,263.881258,784.084721,21.971685,2.88889,0.113903,166.51032,-60.9997,0.4593873,0.0,No,No,Terrestrial-like,ML-Host-2526,0.86174,0.85351,5604.792,0.64766462
162.451214,56940.408,1680.593,13.37666,27.59841,6.5991,6.1243,11967.82966,10036.04447,13899.61484,257728.5405,3.376899,0.1404,0.161415,18.47114,-238.9429,0.00031728,4.0,No,No,Neptune-like,ML-Host-2536,1.028347,0.949632,6212.676,1.21037597
16.185209,13860.464,11608.774,22.49202,17.65644,-8237.7799,8028.7483,410.863792,380.796404,440.93118,1970.237742,15.16507,5.23212,0.073181,5.48514,-145.7927,0.00051717,1.0,No,No,Super-Earth-like,ML-Host-2537,0.711992,0.76658,5099.819,0.35812048
2.194615,9502.339,4885.041,6.48878,7.8523,17.6686,20.4488,984.613836,666.890962,1302.336711,6427.343538,11.14037,10.58619,0.322688,19.70267,-204.9665,5.39e-05,0.0,No,No,Terrestrial-like,ML-Host-2541,0.920774,0.952043,5536.945,0.76751813
0.963189,6819.238,5801.033,5.52975,6.14074,6144.0172,6003.5351,11.196432,6.215347,16.177517,5.965872,136.480596,3.21562,0.444881,1.1959,1061.0252,0.0,0.0,No,No,Terrestrial-like,ML-Host-2543,1.571483,1.336005,6646.333,3.13790193
2286.14141,163296.334,1002.71,22.88843,61.13588,-15.1591,16.0371,296.262187,271.534227,320.990148,809.593431,26.611811,5.73618,0.083466,24.37843,37.4145,0.00023385,7.0,Yes,Yes,Gas-giant-like,ML-Host-2545,1.580932,1.720752,6894.348,6.0270375
8.514746,14971.546,4845.886,10.14155,12.32212,9524.4527,10518.9619,271.151187,220.042755,322.259618,826.34529,23.862455,8.76473,0.188487,16.95764,-12.9885,0.0,0.0,Yes,No,Terrestrial-like,ML-Host-2547,1.163402,1.188635,6416.838,2.15812363
11.471682,17458.776,4117.059,10.04767,13.24462,4560.1206,4643.9043,72.801007,64.12807,81.473944,91.644008,57.769484,8.94746,0.119132,15.15669,452.1086,0.03090388,1.0,Yes,No,Terrestrial-like,ML-Host-2551,1.830722,1.669313,7720.469,8.91959076
0.00613,1727.606,2270.613,0.54834,0.9733,208.6579,231.9592,1163.1719,844.662301,1481.6815,7939.205822,10.654474,2.30278,0.273828,147.06559,-152.4406,4.76040818,0.0,No,No,Terrestrial-like,ML-Host-2554,0.994938,0.868627,5693.178,0.71413566
0.373963,5142.159,5252.839,3.77576,4.40631,2988.0059,2895.9474,22.955376,20.89297,25.017781,22.598958,73.868822,6.16487,0.089844,152.23638,380.4286,0.05799733,1.0,No,No,Terrestrial-like,ML-Host-2567,0.943832,0.918118,5620.802,0.75802779
1421.446721,179144.28,472.197,11.82471,46.02531,17.8535,16.926,355.511507,348.972744,362.050271,1533.826876,16.855533,8.338,0.018393,12.48652,-87.4728,22.69306712,12.0,Yes,Yes,Gas-giant-like,ML-Host-2569,0.761074,0.776045,5005.712,0.34066816
0.349531,4448.967,7580.709,4.71448,4.5798,1474.4404,1533.8366,40.77933,28.521674,53.036986,58.269183,50.893971,0.09521,0.300585,173.31658,179.8228,0.00032863,0.0,No,No,Terrestrial-like,ML-Host-2576,0.795904,0.962049,4992.579,0.51807097
0.090933,3936.754,2846.477,1.56643,2.48327,214.8405,252.3502,6839.75733,3567.580036,10111.93463,86762.89467,5.732867,3.94865,0.478405,125.70297,-184.1577,0.01953321,0.0,No,No,Terrestrial-like,ML-Host-2584,1.69384,1.694558,6855.652,5.71482385
0.030991,2583.002,3434.536,1.2401,1.78974,50.1125,51.7434,2477.397486,2353.989075,2600.805898,25957.06035,6.940733,8.25086,0.049814,130.53693,-196.662,0.01121397,0.0,No,No,Terrestrial-like,ML-Host-2587,0.899279,0.947481,5773.846,0.8988693
3.086139,10092.736,5733.107,8.08841,9.03517,13137.7023,12373.6113,93.890426,75.499913,112.280939,185.009803,36.905555,1.55784,0.195872,12.28507,67.8938,0.06683529,0.0,No,No,Terrestrial-like,ML-Host-2593,0.963591,0.995514,5549.917,0.8471021
129.767337,53150.28,1650.631,12.26366,25.5307,12.8695,13.168,11967.82966,11131.222,12804.43731,321947.2876,2.70331,2.06849,0.069905,81.24591,-245.188,0.0,2.0,No,Yes,Neptune-like,ML-Host-2597,0.659015,0.618373,5005.512,0.21626709
0.460907,6218.379,3660.857,3.18218,4.44837,1001.6363,890.2077,320.534292,244.763484,396.3051,1567.113137,14.874395,10.83683,0.236389,11.43718,-140.7042,0.00038355,0.0,No,No,Terrestrial-like,ML-Host-2602,0.534369,0.547006,4285.495,0.09092504
211.062487,61284.66,1751.286,15.00283,30.32232,35.5951,33.7172,2883.952502,2702.401595,3065.50341,29781.5582,7.04216,4.53362,0.062952,22.20547,-170.6868,0.0030382,3.0,No,No,Neptune-like,ML-Host-2603,1.077675,1.063646,6118.308,1.42828295
125.524619,55038.1,1437.937,11.06287,24.67548,13.0157,13.4881,159.062341,116.69854,201.426143,461.996568,25.037663,0.96332,0.266335,92.3668,-90.9328,0.0,1.0,Yes,Yes,Neptune-like,ML-Host-2604,0.751351,0.588392,4992.439,0.19376682
73.748278,40632.355,2099.603,11.92542,22.01267,26.3109,25.1384,3836.324795,3446.845909,4225.803681,47522.64391,5.870566,0.51316,0.101524,118.04733,-187.3369,0.47215488,4.0,No,No,Neptune-like,ML-Host-2605,0.996239,1.185479,5702.764,1.33913433
73.424745,60154.155,644.239,5.41723,18.05183,9.235,10.0801,11967.82966,6929.338033,17006.32128,233828.7731,3.722054,3.15791,0.421003,136.50523,-250.1741,0.00287723,0.0,Yes,No,Neptune-like,ML-Host-2611,1.249306,1.151012,6617.732,2.2892368
2301.315267,185143.44,692.552,17.9236,57.60587,14.9126,12.8669,2978.432888,2438.883318,3517.982459,30939.96396,7.000567,3.40044,0.181152,57.21352,-160.7847,29.37780202,15.0,No,Yes,Gas-giant-like,ML-Host-2612,1.099872,0.920934,6183.122,1.1168199
779.073041,96907.163,1634.978,22.14788,46.32805,24.6263,23.4192,7248.100159,6355.465568,8140.734749,199274.5762,2.645072,2.57931,0.123154,69.34195,-255.4684,0.00370012,8.0,Yes,No,Gas-giant-like,ML-Host-2618,0.382109,0.455805,4064.065,0.05106174
113.533352,56258.649,1217.747,9.57658,23.21133,8.6827,8.5889,781.765696,598.17701,965.354382,3694.70118,15.387302,0.95236,0.234839,11.70655,-92.0206,3.46e-05,4.0,No,No,Neptune-like,ML-Host-2620,1.394728,1.192499,6780.085,2.70739211
523.145139,74738.934,2393.221,25.00311,43.22853,11.5143,13.0302,1690.488648,1387.873864,1993.103431,15342.10529,8.012951,0.36458,0.17901,174.62743,-176.1235,0.24707061,5.0,No,Yes,Gas-giant-like,ML-Host-2624,0.817872,0.811963,4726.729,0.29648997
0.001769,1163.511,2145.025,0.34887,0.63712,475.8079,509.0169,11967.82966,9508.898722,14426.76059,268712.5643,3.238863,9.78321,0.205462,112.72191,-229.0884,4.69742643,0.0,No,No,Terrestrial-like,ML-Host-2627,0.945995,0.996266,6287.574,1.39758351
41.097017,39210.93,1301.938,7.13611,16.72763,12.2703,12.3203,2677.400169,1995.395744,3359.404594,22085.46595,8.816006,6.80656,0.254726,34.90573,-166.4708,4.41e-05,1.0,No,No,Super-Earth-like,ML-Host-2629,1.567997,1.64894,7302.659,6.96671784
0.025988,2731.02,2436.727,0.93024,1.5939,205.9912,194.1668,1965.235808,1546.67548,2383.796136,17688.60314,8.079534,0.35975,0.212982,106.14671,-186.0857,0.07666504,0.0,No,No,Terrestrial-like,ML-Host-2630,0.966664,1.049202,5559.785,0.94764273
0.291362,4219.503,7407.142,4.36894,4.29357,35.9796,40.855,84.194735,69.534778,98.854691,109.269691,56.033841,15.25512,0.17412,35.97449,353.6261,0.0,0.0,No,No,Terrestrial-like,ML-Host-2632,1.991929,1.59249,7571.927,7.51058711
4309.012396,164349.427,1853.85,42.58994,83.66381,7.822,8.1561,765.110834,611.629211,918.592458,5825.196195,9.551663,5.35389,0.200601,29.13107,-127.1431,1.0188736,16.0,Yes,Yes,Gas-giant-like,ML-Host-2633,0.525981,0.565054,4366.068,0.10452887
0.004791,1513.171,2641.077,0.55864,0.91941,148.5143,148.4727,3629.867612,2881.643322,4378.091902,43282.7748,6.098751,9.45164,0.20613,121.23677,-235.1473,1.01e-05,0.0,No,No,Terrestrial-like,ML-Host-2635,1.017327,1.149617,6420.415,2.02326855
563.026929,114716.692,712.28,11.42199,36.19796,invalid,13.6961,2276.491093,1932.618953,2620.363232,35788.3572,4.625827,2.01822,0.151054,12.23125,-257.9706,0.03603723,3.0,Yes,Yes,Gas-giant-like,ML-Host-2636,0.367056,0.382989,3486.075,0.01951701
733.423796,109091.926,1078.893,16.45264,42.36567,4.5785,4.278,1355.506321,1175.927801,1535.084841,14164.50333,6.959297,0.99554,0.132481,164.33079,-186.1357,31.78366022,5.0,No,Yes,Gas-giant-like,ML-Host-2641,0.494676,0.604728,3930.986,0.07867215
44.086479,43447.842,1026.602,6.23497,16.45892,20.5042,19.4068,11967.82966,5883.114208,18052.5451,234424.9869,3.712587,18.85312,0.508423,101.4916,-153.7391,11.44696212,1.0,No,Yes,Super-Earth-like,ML-Host-2643,1.242959,1.093877,6688.353,2.1572893
1.397513,10112.319,2581.1,3.64855,6.07415,33.4218,33.9352,445.364705,364.24404,526.485371,1899.187634,17.053483,0.59831,0.182144,45.65701,-119.5347,0.0,0.0,No,No,Terrestrial-like,ML-Host-2644,0.975956,0.961748,6001.882,1.08135172
6.410607,22420.061,1086.401,3.4048,8.73703,14.9865,15.3847,3996.00848,3854.558447,4137.458513,58119.6582,4.999983,9.09082,0.035398,100.69823,-207.8875,5.78e-05,1.0,No,Yes,Terrestrial-like,ML-Host-2648,0.752751,0.869997,5658.485,0.69908691
0.372457,5644.489,3955.516,3.12099,4.19719,17.6921,17.5457,61.400306,61.064305,61.736307,87.295308,51.149903,8.32883,0.005472,10.01778,161.1285,1.12e-05,0.0,No,No,Terrestrial-like,ML-Host-2650,1.210454,1.136653,5573.789,1.12344746
349.298134,77399.739,1438.73,15.56621,34.71053,8.9852,7.8026,8213.135175,5318.546393,11107.72396,147482.2304,4.049808,6.14603,not_available,51.6092,-240.6666,0.00036235,3.0,Yes,Yes,Gas-giant-like,ML-Host-2652,1.015,0.993138,5712.521,0.94629134
0.321755,4175.3,8442.366,4.92738,4.53578,2111.4029,2000.9817,302.056388,127.545343,476.567433,1067.747401,20.572387,9.30327,0.577743,12.44492,-92.0616,0.00646776,1.0,No,No,Terrestrial-like,ML-Host-2657,0.963264,0.883753,6276.428,1.09195899
4.318058,10380.671,7372.479,10.69802,10.53815,5384.0826,5421.9913,97.902526,88.299111,107.505941,210.026239,33.898893,11.10319,0.098092,175.86725,77.9388,76.56954272,0.0,No,No,Terrestrial-like,ML-Host-2660,0.847721,0.940733,5354.564,0.65542573
52.514788,36071.273,2136.971,10.77518,19.71483,32.7051,34.8516,11967.82966,11892.64995,12043.00937,316080.6194,2.753485,5.30869,0.006282,41.98406,-245.8807,0.0,3.0,No,Yes,Super-Earth-like,ML-Host-2661,0.683705,0.749737,4461.018,0.20056207
0.523285,7015.111,2894.919,2.8388,4.46257,9.6878,9.415,72.991398,62.146165,83.836631,173.240723,30.639867,4.01214,0.148582,45.18613,-49.6577,0.00022624,0.0,No,No,Terrestrial-like,ML-Host-2662,0.516337,0.582266,4536.286,0.12934192
102.98876,51937.07,1403.973,10.19297,23.00854,29.2863,29.9263,4505.32217,3998.135961,5012.50838,69595.03687,4.707743,1.68078,0.112575,78.84848,-266.2206,9.5e-05,2.0,No,Yes,Neptune-like,ML-Host-2665,0.752384,0.763474,4748.432,0.26698367
250.871586,64859.009,1756.07,15.92123,32.13464,4.2943,4.2924,2742.905656,2193.524806,3292.286506,44559.59054,4.476462,0.08361,0.200292,11.19398,-248.5581,0.00188022,1.0,No,Yes,Neptune-like,ML-Host-2666,0.414161,0.432875,3979.229,0.0423268
0.262596,4664.507,4941.65,3.22212,3.8768,1717.6307,1583.5709,26.174073,25.378475,26.969671,44.543196,42.732186,3.79079,0.030396,176.80372,-4.5872,0.09178375,0.0,No,No,Terrestrial-like,ML-Host-2667,0.360139,0.442653,3435.646,0.0245955
5.800042,14596.692,3561.797,7.26755,10.29962,1593.1214,1681.203,12.099837,9.397455,14.802219,9.89116,88.960547,7.27693,0.22334,13.76303,427.7136,0.00016378,0.0,No,No,Terrestrial-like,ML-Host-2670,0.721544,0.774974,4802.167,0.2877518
4.644184,10349.035,8002.233,11.57645,10.94555,19.8544,20.5905,1037.799814,881.450969,1194.148659,7294.457429,10.346317,2.60166,0.150654,54.55713,-159.8186,1.17545218,0.0,No,Yes,Terrestrial-like,ML-Host-2672,0.837092,0.73924,5336.296,0.39923172
51.527106,41756.171,1351.684,7.88969,18.15058,21.675,25.6256,4572.006846,4453.57895,4690.434741,64798.45905,5.131063,6.23501,0.025903,90.38573,-166.9909,7.36e-05,4.0,No,No,Super-Earth-like,ML-Host-2675,0.907005,0.983039,5831.35,1.00673008
2.636308,8671.756,7721.052,9.3594,9.00902,-17.1971,16.2821,265.676246,186.210714,345.141777,1269.374125,15.220477,3.40002,0.299107,5.95884,-172.0195,4.63487175,0.0,No,No,Terrestrial-like,ML-Host-2676,0.463764,0.604601,3873.256,0.07412036
1166.07972,107923.012,1771.689,26.72796,53.70812,-4.1976,4.2851,4767.331762,1656.983811,7877.679712,52880.28685,6.556118,7.65212,0.65243,6.16844,-188.6463,0.22403447,11.0,Yes,No,Gas-giant-like,ML-Host-2678,1.544035,1.254289,7328.322,4.08797536
0.567581,5478.034,6594.088,5.04945,5.25938,667.368,607.1208,15.788379,13.366412,18.210345,13.076058,87.806337,2.23596,0.153402,20.1076,644.2119,0.03638955,0.0,No,No,Terrestrial-like,ML-Host-2681,0.917228,1.185707,5550.878,1.20253149
0.023594,3137.264,1459.3,0.63997,1.41695,376.4583,349.2061,11967.82966,8822.432448,15113.22686,363162.3039,2.396513,1.27492,0.262821,102.78865,-219.3456,4.32210302,1.0,No,No,Terrestrial-like,ML-Host-2685,0.517921,0.51569,4203.244,0.07478433
0.037702,3538.83,1624.763,0.80374,1.6865,184.0791,193.6833,4897.113568,3716.497258,6077.729878,48345.5486,7.366291,2.31105,0.241084,105.3341,-159.8706,7.41e-05,0.0,No,No,Terrestrial-like,ML-Host-2687,2.002286,1.713068,8357.217,12.89704848
0.005636,1785.165,1892.151,0.47217,0.9181,217.9535,211.57,6271.032701,3321.885958,9220.179444,108609.6725,4.198902,9.01621,0.470281,160.57251,-191.1854,4.11305797,0.0,No,No,Terrestrial-like,ML-Host-2689,0.833103,0.860556,4800.006,0.35417657
0.381584,4858.773,6353.481,4.31522,4.57894,1645.4226,1661.9026,60.451303,35.261993,85.640612,84.361027,52.110949,3.69715,0.416688,161.81601,328.2477,0.32085457,1.0,No,No,Terrestrial-like,ML-Host-2702,1.236949,1.271555,6737.451,3.00156498
502.961073,82139.647,1733.314,19.90189,40.43185,20.2151,22.2077,10951.03148,9862.653235,12039.40972,240075.8142,3.317201,1.28129,0.099386,15.41262,-192.9482,6.46908624,6.0,Yes,No,Gas-giant-like,ML-Host-2703,0.908002,0.902677,5830.854,0.84857167
5.681214,13661.211,4255.739,8.12697,10.5368,7476.7982,7729.5727,87.511305,66.914523,108.108087,146.882739,43.326996,11.8409,0.235361,16.30434,141.4017,0.0238792,1.0,No,No,Terrestrial-like,ML-Host-2705,1.237854,0.977419,6564.421,1.59824115
0.017321,2385.206,2437.74,0.81279,1.39236,159.6429,141.8391,9420.066652,8527.491193,10312.64211,226253.4868,3.027777,2.7487,0.094753,129.29756,-237.3235,1.14e-05,0.0,No,No,Terrestrial-like,ML-Host-2709,0.650714,0.74482,4851.153,0.27680711
1266.793508,116307.766,1537.733,25.00081,53.92391,-12.4604,11.9358,856.795144,609.815676,1103.774612,5561.649386,11.203109,17.16032,0.28826,157.81447,-151.3005,24.01713102,10.0,Yes,Yes,Gas-giant-like,ML-Host-2715,0.810293,0.901867,5412.537,0.62890301
100.471003,62145.951,799.473,6.94514,20.77528,34.1071,34.3696,655.538485,600.381423,710.695547,3456.461304,13.79214,5.70957,0.08414,91.94463,-93.2697,0.84441243,1.0,No,Yes,Neptune-like,ML-Host-2719,0.939614,0.945776,6137.329,1.14337697
0.078572,3385.068,3868.719,1.83062,2.48933,102.6313,93.486,11967.82966,5847.567447,18088.09187,281598.052,3.090658,18.82489,0.511393,114.06967,-258.5206,0.04342739,0.0,Yes,No,Terrestrial-like,ML-Host-2721,0.861401,0.931716,5471.589,0.70099628
0.182458,4236.205,4583.872,2.7144,3.39098,22.7362,21.4799,81.528798,73.118091,89.939506,118.81157,49.901946,6.2883,0.103162,38.52263,229.3881,0.0007556,0.0,No,No,Terrestrial-like,ML-Host-2724,1.529798,1.329442,6846.169,3.49803059
0.031212,3089.556,2021.295,0.87295,1.64226,378.8444,341.4668,672.623518,497.510596,847.73644,3421.16668,14.297595,4.36923,0.260343,147.95185,-111.1916,invalid,0.0,No,No,Terrestrial-like,ML-Host-2725,1.036063,0.965413,6854.63,1.85377319
0.270674,4251.876,6725.209,3.99715,4.12255,2610.9248,2495.0788,159.743324,144.138484,175.348163,299.782733,38.750854,7.63041,0.097687,31.4014,235.3361,0.23344341,0.0,No,No,Terrestrial-like,ML-Host-2726,1.80748,1.948329,7641.382,11.66022569
83.286165,48391.529,1403.674,9.49511,21.43555,15.2614,14.8174,1045.137615,975.412041,1114.863188,6925.993327,10.973789,1.08515,0.066714,9.40091,-119.8802,162.6830141,2.0,No,Yes,Neptune-like,ML-Host-2727,0.948363,0.882496,5387.823,0.5912539
0.024845,3235.779,1400.557,0.6335,1.43173,239.7005,245.4428,2309.171609,2047.805412,2570.537805,24436.56006,6.871971,4.79045,0.113186,124.83265,-182.4937,0.00845529,0.0,No,No,Terrestrial-like,ML-Host-2730,0.821688,0.683576,5616.559,0.41893765
11677.54624,216822.625,2187.959,66.31444,119.91026,-9.2105,9.1725,1697.899594,996.174209,2399.624978,14333.9736,8.614113,6.22915,0.41329,1.34802,-198.4768,0.03067807,26.0,Yes,No,Gas-giant-like,ML-Host-2731,0.949339,0.931099,5689.809,0.81861103
8.24641,16397.258,3572.339,8.1882,11.58723,46.6877,47.0745,467.144854,285.01041,649.279298,2700.75241,12.57859,17.72499,0.389889,157.74842,-167.6462,0.01499504,2.0,No,No,Terrestrial-like,ML-Host-2744,0.556934,0.623476,4552.284,0.15040147
0.763906,5941.768,6954.95,5.77662,5.85861,6107.5041,6520.5166,58.224719,47.587527,68.861911,79.849107,53.027666,17.0925,0.182692,6.79544,398.824,117.6289027,0.0,No,No,Terrestrial-like,ML-Host-2745,1.233674,1.346527,6740.41,3.37186443
5.984273,11009.469,8564.731,13.18088,12.04635,27.4491,25.4154,67.212581,64.236649,70.188512,110.011448,44.430159,13.14229,0.044276,179.59726,133.9984,0.0,0.0,No,No,Terrestrial-like,ML-Host-2759,0.999757,1.162264,5722.491,1.30510299
0.323316,5020.486,abc,3.42453,4.14642,684.7997,649.1828,53.3896,27.425403,79.353798,59.488083,65.266733,3.43014,0.486316,153.77532,399.8876,0.00030796,0.0,No,No,Terrestrial-like,ML-Host-2761,1.713675,1.28789,7300.375,4.24456114
0.392025,5318.761,4976.035,3.69963,4.43593,631.6951,616.9213,174.993505,116.547815,233.439195,303.255538,41.964144,1.87943,0.333988,177.93238,305.7605,0.0,0.0,No,No,Terrestrial-like,ML-Host-2766,2.322024,2.213546,8825.042,26.77559225
47.307048,26286.18,4974.447,18.27833,21.91957,11739.0221,12249.4718,130.966103,118.038506,143.893699,292.221362,32.592083,1.22144,0.098709,4.92501,27.1858,0.0,2.0,No,No,Super-Earth-like,ML-Host-2769,1.048265,0.928315,6176.134,1.1296718
0.101602,3420.558,4848.543,2.31832,2.81601,2156.8133,2052.0103,100.406732,54.46951,146.343954,226.607508,32.22209,5.08379,0.457511,165.18598,23.7327,2.66567633,0.0,No,No,Terrestrial-like,ML-Host-2774,0.785522,0.759202,4849.808,0.28728111
3.629562,11831.674,4185.207,6.92193,9.04976,36.6192,32.2061,84.601722,45.262019,123.941425,183.159098,33.590455,4.78804,0.464999,42.76499,20.4311,0.0,0.0,No,Yes,Terrestrial-like,ML-Host-2776,0.719282,0.769509,5259.839,0.40833084
288.504268,77016.593,1206.148,12.98522,31.624,7.9922,7.9742,4292.639188,2730.031082,5855.247294,88823.51711,3.514484,12.78374,0.36402,10.87558,-214.569,0.19484808,3.0,No,No,Neptune-like,ML-Host-2780,0.399517,0.518342,3909.332,0.05653762
6.630806,11216.277,8974.733,14.07131,12.56295,77.3416,79.4115,887.314716,682.46284,1092.166591,7598.748161,8.491821,6.2217,0.230867,19.34228,-233.3921,0.0,1.0,No,No,Terrestrial-like,ML-Host-2784,0.482134,0.60961,3736.714,0.06527672
154.113221,55391.631,1731.844,13.40965,27.25403,18.4741,17.9275,1525.67797,1348.082543,1703.273397,15136.16167,7.33014,15.55983,0.116404,79.55236,-202.1684,0.00012831,3.0,Yes,No,Neptune-like,ML-Host-2790,0.617697,0.685951,4435.553,0.16408626
0.031055,3275.183,1688.186,0.77289,1.59103,343.0128,381.7339,622.795105,445.922664,799.667547,3976.376914,11.389976,7.74348,0.283998,101.88161,-144.1435,2.69e-05,0.0,No,No,Terrestrial-like,ML-Host-2793,0.608806,0.6557,4243.392,0.12559066
110.121409,60370.651,955.863,8.06651,22.06764,11.1542,10.5951,5173.756853,4991.862007,5355.651698,59168.56455,6.358873,1.64337,0.035157,35.52444,-216.0729,0.0,1.0,No,Yes,Neptune-like,ML-Host-2797,1.576357,1.445283,7347.464,5.48466756
0.664041,6840.872,3961.52,3.78824,5.09066,944.1599,957.8567,316.89889,141.835587,491.962194,1311.210837,17.57573,5.08692,0.552426,23.29073,-98.7209,2.8827601,0.0,No,No,Terrestrial-like,ML-Host-2801,0.737625,0.690953,4926.906,0.2534476
0.776256,7336.642,3754.173,3.85013,5.3148,21.9026,22.5962,162.55412,126.831249,198.276991,378.801931,31.206925,10.63521,0.21976,25.93171,18.8992,5.25e-05,0.0,No,No,Terrestrial-like,ML-Host-2802,1.192856,0.955732,6654.722,1.61393794
26.387775,32747.123,1435.108,6.56935,14.66722,19.9599,22.0697,1984.721928,1618.054196,2351.389659,24366.81432,5.923332,1.88372,0.184745,120.044,-230.3999,0.0,0.0,No,Yes,Super-Earth-like,ML-Host-2806,0.524711,0.584987,4064.153,0.08411393
0.652009,6319.509,4934.068,4.35866,5.24829,1022.5536,1058.1506,173.880745,134.050179,213.71131,529.299427,23.88995,10.50703,0.229068,3.68932,-94.0039,4.07e-05,0.0,No,No,Terrestrial-like,ML-Host-2807,0.747774,0.732865,5292.352,0.37960962
10.229675,17538.555,3621.444,8.87851,12.47863,9223.8804,8874.2258,23.332431,21.086078,25.578784,16.044199,105.756516,0.63841,0.096276,174.78784,1110.3916,34.22935437,2.0,No,No,Terrestrial-like,ML-Host-2808,1.966357,1.558481,8670.852,12.36929057
1.296089,8139.896,4589.65,5.22231,6.5199,4380.0277,4117.1644,27.751734,18.630951,36.872516,42.842659,47.106287,8.46101,0.328656,11.81396,99.4525,68.38678513,0.0,No,No,Terrestrial-like,ML-Host-2809,0.464019,0.603418,3743.737,0.06443965
0.005617,1981.257,1379.492,0.38205,0.87003,198.0151,214.9133,2627.931885,2151.534408,3104.329363,20135.61216,9.491054,6.06515,0.181282,120.06062,-80.7617,155.8218146,0.0,No,No,Terrestrial-like,ML-Host-2810,1.783738,1.763563,7695.163,9.82535291
0.645705,5547.72,7222.572,5.60107,5.57433,4293.2882,4293.1944,19.832547,9.560079,30.105015,19.728772,73.104416,4.35749,0.51796,3.7594,341.8176,0.00201883,0.0,No,No,Terrestrial-like,ML-Host-2811,0.798645,0.807926,5077.19,0.39077935
0.028333,3190.895,1665.533,0.7429,1.53965,274.595,281.5487,11967.82966,9784.553309,14151.106,330850.2155,2.630566,9.52434,0.182429,154.1602,-175.9695,239.0469585,0.0,No,No,Terrestrial-like,ML-Host-2817,0.624025,0.698726,4267.479,0.14587946
238.380826,86176.131,711.397,8.56965,27.17534,16.2292,16.3207,9263.33753,9233.900342,9292.774718,198436.7374,3.394772,9.78561,0.003178,38.48448,-260.8182,0.0,5.0,No,Yes,Neptune-like,ML-Host-2818,0.804409,0.911538,5280.131,0.58186617
0.008839,1764.116,3074.741,0.75823,1.15655,70.1419,74.5797,2864.767741,2785.689679,2943.845802,28435.93118,7.326341,0.88213,0.027604,143.05144,-189.0614,17.41852171,0.0,No,No,Terrestrial-like,ML-Host-2823,1.158649,0.991073,6543.309,1.62216695
3.945729,12301.238,4048.388,6.96138,9.25384,17.3068,18.5993,49.216146,29.923776,68.508515,64.917333,55.133061,4.84702,0.391993,20.36394,256.2685,10.39945285,0.0,No,Yes,Terrestrial-like,ML-Host-2828,1.127249,0.995459,5970.822,1.13469117
2.584237,9621.523,5541.181,7.45265,8.46793,2192.5877,2049.0536,54.531675,48.667477,60.395872,81.899486,48.420897,5.11284,0.107537,177.04844,179.3065,0.00092356,1.0,No,No,Terrestrial-like,ML-Host-2833,0.963391,0.988346,5834.253,1.01965635
15.54587,18428.705,4743.861,12.22056,15.00697,7.2779,7.0926,141.787172,128.330071,155.244273,334.279353,30.845553,1.06082,0.094911,27.80754,13.6483,0.0,1.0,No,Yes,Super-Earth-like,ML-Host-2839,1.016507,0.860849,5890.078,0.80358639
32.463959,34685.378,1485.811,7.20401,15.8074,14.7131,14.5533,1190.477187,1133.744337,1247.210036,9250.498698,9.35882,4.40979,0.047656,16.69169,-214.2432,0.0097885,1.0,No,No,Super-Earth-like,ML-Host-2841,0.78569,0.793478,5185.411,0.41010735
1742.476077,136196.857,1317.246,25.07832,58.44303,25.1876,23.4451,451.315043,301.096291,601.533795,1517.14023,21.633125,9.82907,0.332847,147.22682,-1.9152,1.57e-05,13.0,Yes,Yes,Gas-giant-like,ML-Host-2842,1.591499,1.584401,7244.785,6.2305576
0.281666,5361.089,3491.219,2.61634,3.74519,1024.5212,1031.3533,291.29702,202.912288,379.681751,630.475728,33.599502,1.26752,0.303418,10.06145,128.2305,3.84e-05,0.0,No,No,Terrestrial-like,ML-Host-2844,2.477935,1.716624,9050.265,17.81107683
27.287429,28907.208,2157.474,8.71798,15.8749,18.9158,20.224,11632.65617,11122.63789,12142.67445,253473.0856,3.33743,6.98573,0.043844,18.96488,-226.6536,0.0,0.0,No,Yes,Super-Earth-like,ML-Host-2846,0.976318,0.894357,5968.218,0.91431368
0.119453,4780.637,2088.057,1.39538,2.58279,95.3274,103.6465,10957.11654,9552.069876,12362.16321,265102.6565,3.005712,2.12895,0.128231,146.22621,-260.7978,0.0,0.0,Yes,No,Terrestrial-like,ML-Host-2848,0.745898,0.775439,5008.383,0.3408635
13.850096,16613.251,5768.864,13.39705,14.91873,6135.1671,6180.1778,49.942365,42.404894,57.479837,92.455305,39.282801,6.42414,0.150923,20.06269,31.6257,2.24714343,1.0,No,No,Super-Earth-like,ML-Host-2851,0.580714,0.651112,4584.529,0.16872702
61.227063,50105.692,929.573,6.51081,18.0618,49.2807,49.0077,140.718007,128.657416,152.778598,492.028559,20.798142,12.99903,0.085708,98.82485,-135.7387,1.42e-05,0.0,No,Yes,Neptune-like,ML-Host-2855,0.458656,0.622034,3991.223,0.0884599
0.011873,2198.937,2132.622,0.65553,1.20061,47.3165,43.2174,11967.82966,8759.168029,15176.49128,314639.7962,2.766094,4.87288,0.268107,152.0735,-260.6093,0.0,0.0,No,No,Terrestrial-like,ML-Host-2859,0.689981,0.645331,4330.553,0.13195739
38.424498,36379.751,1524.159,7.75094,16.79218,13.1038,13.7614,1234.910777,1062.456608,1407.364945,11578.462,7.756216,0.62651,0.139649,71.34999,-191.3992,0.00236342,1.0,No,Yes,Super-Earth-like,ML-Host-2860,0.559788,0.658422,4422.762,0.14944368
98.428289,48053.961,1694.079,11.37961,23.38451,13.7415,13.8018,11967.82966,10422.67593,13512.98339,296491.0515,2.935411,1.18129,0.129109,41.95758,-234.1757,1.81e-05,5.0,No,No,Neptune-like,ML-Host-2863,0.777037,0.909186,4817.45,0.40111491
9.66705,12858.694,8683.699,15.60867,14.16711,1961.908,2160.9121,1522.683773,606.896291,2438.471255,10703.97646,10.344982,3.80184,0.60143,14.73534,-139.4571,0.00213541,1.0,No,No,Terrestrial-like,ML-Host-2864,1.227884,1.100092,6029.721,1.44125824
0.106926,3185.933,6315.037,2.8124,2.99334,1040.4352,1142.797,194.394878,175.692511,213.097245,545.414963,25.919281,5.8198,0.096208,10.71709,-11.4019,0.0,0.0,No,No,Terrestrial-like,ML-Host-2865,0.984054,1.086155,5997.542,1.3752191
667.73693,97156.199,1390.578,18.88557,42.83515,22.3727,24.0916,1836.918724,1245.672442,2428.165005,14870.34483,8.983262,11.26397,0.321869,81.98749,-147.8582,47.53132507,5.0,Yes,Yes,Gas-giant-like,ML-Host-2866,1.116982,1.066613,5259.377,0.78423408
1733.663148,111506.502,2388.172,37.2246,64.42659,-10.5023,10.8438,1773.585531,1391.428638,2155.742424,11699.53738,11.024239,0.22041,0.215471,32.2946,-144.9555,0.21651304,7.0,No,No,Gas-giant-like,ML-Host-2867,1.624193,1.466868,6853.379,4.27657049
47.754615,56701.228,500.31,3.96548,14.99493,26.7214,31.347,769.024472,706.382587,831.666358,3752.072426,14.905074,3.83999,0.081456,111.80751,-97.8163,0.0,1.0,No,No,Super-Earth-like,ML-Host-2868,1.28735,1.343975,6752.023,3.38230619
1596.114317,173786.044,580.792,14.10912,49.51735,14.8929,14.0505,916.093869,743.859144,1088.328595,4644.473267,14.343947,13.36204,0.18801,17.25304,-139.8074,2.91e-05,11.0,Yes,Yes,Gas-giant-like,ML-Host-2874,1.420252,1.370943,6525.129,3.06965728
0.787635,6451.956,5600.825,5.05135,5.70886,1102.1177,1245.6605,63.701465,49.781326,77.621604,111.19114,41.662412,6.11108,0.218521,14.37453,163.7683,50.24638978,0.0,No,No,Terrestrial-like,ML-Host-2875,0.833156,0.922319,5453.906,0.67809013
1.362858,8255.201,4626.675,5.33901,6.63887,7.979,7.3866,549.502806,419.433065,679.572548,2384.884001,16.755903,2.40182,0.236704,43.36016,-90.0555,7.83e-05,0.0,No,No,Terrestrial-like,ML-Host-2881,1.162502,1.286572,6100.628,2.06566932
568.865516,108338.797,854.396,12.9392,37.44085,9.5383,9.5454,2310.992734,2250.687812,2371.297657,26067.1106,6.447196,5.69671,0.026095,60.91296,-220.9752,0.0,4.0,Yes,No,Gas-giant-like,ML-Host-2882,0.723816,0.712446,4664.6,0.2164989
0.335097,4420.137,7410.793,4.57894,4.49884,2688.3701,2193.6202,27.286516,13.059622,41.513409,29.165529,68.036725,7.79582,0.521389,0.73868,421.3483,3.45668834,0.0,No,No,Terrestrial-like,ML-Host-2883,0.95175,1.007097,6027.64,1.20622042
237.777062,108356.026,356.954,5.40667,24.20423,3.8724,4.0206,8046.300722,5871.026231,10221.57521,119940.524,4.878603,0.05349,0.270345,17.21029,-240.6813,5.66e-05,2.0,No,Yes,Neptune-like,ML-Host-2884,1.44303,1.513025,7088.557,5.20736864
4651.19087,171148.849,1771.918,42.39181,85.1781,20.2744,21.5781,156.369517,155.109419,157.629614,444.296056,25.594392,11.61348,0.008058,165.90567,-53.4885,1.13e-05,15.0,Yes,Yes,Gas-giant-like,ML-Host-2887,0.771845,0.725912,5172.157,0.33974215
150.160147,63687.502,1110.18,9.88353,25.08899,33.4709,37.263,6305.331608,6136.72496,6473.938257,100616.7116,4.557251,2.59215,0.02674,86.05546,-209.8017,0.00128783,1.0,Yes,No,Neptune-like,ML-Host-2889,0.986738,1.03819,5832.391,1.12365989
10.297703,14895.186,5951.191,12.39122,13.58564,6616.5938,6597.1033,73.471625,63.333671,83.609579,116.326411,45.931063,4.28229,0.137985,154.25422,238.4393,0.00011374,0.0,No,No,Terrestrial-like,ML-Host-2890,1.167941,1.044656,6908.187,2.2392257
3.138012,11106.76,4374.151,6.79118,8.68493,23.9552,24.3319,323.989608,231.797746,416.18147,888.127755,26.528996,1.71773,0.284552,23.88993,56.9113,0.01723922,1.0,No,No,Terrestrial-like,ML-Host-2893,1.718149,1.336918,7688.466,5.62682209
27.027763,19959.198,6492.056,18.11297,19.01369,7078.7231,7842.2324,29.346789,20.847806,37.845772,34.347743,62.133749,0.36242,0.289605,155.54765,249.668,2.67e-05,1.0,No,No,Super-Earth-like,ML-Host-2900,0.853697,0.82812,4990.319,0.3831722
1.148913,8254.643,3901.158,4.50149,6.09575,8245.7815,7171.0319,123.92388,110.41181,137.43595,262.936011,34.27442,2.34737,0.109035,166.48745,67.7567,0.22628806,0.0,No,No,Terrestrial-like,ML-Host-2902,1.096941,1.145692,5642.514,1.1987288
408.829785,65219.612,2814.552,25.65971,40.90864,9.6257,9.0785,2811.683301,2215.230565,3408.136037,18822.99985,10.862824,2.57184,0.212134,24.53133,-102.1984,6.71093994,3.0,No,Yes,Gas-giant-like,ML-Host-2909,2.5,1.981324,8358.337,17.26176142
168.035495,83599.871,549.27,6.41882,23.16491,9.5758,8.9215,1764.891731,1464.750914,2065.032547,18010.1816,7.126317,0.66324,0.170062,31.26624,-220.5892,0.01331925,3.0,No,Yes,Neptune-like,ML-Host-2912,0.675362,0.708487,4730.274,0.22641446
0.164571,3261.566,9058.891,--,3.67025,4139.6715,4349.9287,100.166523,88.204799,112.128247,194.189809,37.511233,1.4917,0.119418,18.09116,130.6194,14.84449282,0.0,No,No,Terrestrial-like,ML-Host-2914,1.062022,1.114383,5711.38,1.19049648
19.683077,18344.425,6089.506,15.61531,16.92495,6935.5449,8062.0616,43.924865,28.012204,59.837525,65.642459,48.662091,abc,0.36227,11.54402,172.106,0.0,0.0,No,No,Super-Earth-like,ML-Host-2915,0.783755,0.718419,5684.332,0.48547652
6.729512,11295.572,8917.853,14.08098,12.61161,9.1501,8.5824,1098.458311,748.800545,1448.116077,8588.298044,9.301257,14.37783,0.318317,29.54194,-172.9338,0.10728186,0.0,No,Yes,Terrestrial-like,ML-Host-2916,0.716069,0.726725,5202.268,0.34850205
54.520468,34169.761,2609.968,12.46641,20.63914,30.7985,32.2755,970.193892,835.971056,1104.416728,7315.236366,9.644847,5.51284,0.138346,47.58781,-162.9579,0.00059005,2.0,No,Yes,Super-Earth-like,ML-Host-2918,0.680045,0.826105,4911.653,0.35782905
7.146332,12385.626,7183.409,12.43692,12.41125,20.6347,20.0904,95.032701,94.519271,95.546132,246.539673,28.031829,5.24762,0.005403,179.32034,-65.3227,0.37091739,0.0,No,Yes,Terrestrial-like,ML-Host-2923,0.562683,0.625679,4185.454,0.10823524
422.927607,103947.912,719.151,10.44961,32.95778,8.2707,9.2271,821.94175,485.987073,1157.896427,4898.952767,12.201212,10.54395,0.408733,28.40852,-137.8314,0.5177326,6.0,No,Yes,Gas-giant-like,ML-Host-2927,0.922009,0.845335,5777.198,0.71716788
1.10084,8499.551,3424.031,4.06816,5.88027,27.1972,27.4493,75.405813,50.479733,100.331894,166.307915,32.972896,0.99145,0.330559,48.63265,20.3738,3.3e-05,0.0,No,No,Terrestrial-like,ML-Host-2931,0.617742,0.760552,4738.896,0.26282164
43.12835,44629.662,926.602,5.78071,16.06211,9.361,9.0523,4375.245586,1692.361505,7058.129667,96490.29293,3.297494,12.20789,0.613196,126.11342,-258.8074,4.46314421,1.0,No,No,Super-Earth-like,ML-Host-2935,0.358475,0.487084,3294.938,0.02519367
107.150316,44605.225,2305.885,14.37764,25.32426,17.9411,18.5242,6964.065038,6133.471949,7794.658126,113972.6747,4.443521,18.94027,0.119268,16.62869,-248.8851,1.41e-05,1.0,No,Yes,Neptune-like,ML-Host-2936,1.036109,1.026174,not_available,1.1465118
0.011727,2185.5,2145.469,0.65545,1.19686,238.6274,250.8625,10194.99165,10127.45426,10262.52905,190619.6511,3.889416,7.37733,0.006625,147.40504,-242.5323,0.11319831,0.0,No,No,Terrestrial-like,ML-Host-2942,1.162101,1.16634,6122.199,1.72176892
15.976365,15416.284,8327.991,17.94669,16.63344,8.732,9.8867,181.691318,179.729276,183.653361,370.937299,35.620405,8.04191,0.010799,172.48922,169.1687,8.9687605,0.0,No,Yes,Super-Earth-like,ML-Host-2943,1.737081,1.450129,7292.485,5.35809195
2.360198,11019.053,3369.124,5.1895,7.56197,12.4191,11.2319,102.623002,90.15476,115.091244,213.296901,34.988502,10.15846,0.121496,32.61591,65.0969,0.0,0.0,No,No,Terrestrial-like,ML-Host-2945,0.946637,1.123485,5955.641,1.43068385
0.097382,2773.939,8713.448,3.37871,3.06143,1667.9462,1887.8963,64.993224,48.667975,81.318472,113.96984,41.470886,1.7745,0.251184,5.83253,94.1429,0.52566714,0.0,No,No,Terrestrial-like,ML-Host-2952,0.842254,0.835967,5345.781,0.5141832
311.668361,66976.718,1981.174,18.54858,35.2466,9.4491,10.3076,120.699415,89.328623,152.070207,251.002426,34.969742,1.45891,0.259908,43.37259,46.5662,0.00088986,4.0,No,Yes,Gas-giant-like,ML-Host-2954,1.112188,0.978883,5973.428,1.09913467
0.09373,4463.234,2013.405,1.25616,2.36781,120.031,121.5536,2440.037356,1999.989182,2880.085529,22458.58746,7.900948,8.79195,0.180345,122.48541,-190.84,1.52e-05,0.0,No,No,Terrestrial-like,ML-Host-2955,1.147739,1.149016,5760.603,1.30984065
506.798685,103750.272,866.701,12.56964,36.11237,20.0744,20.9176,2438.41452,1383.361358,3493.467682,28376.15142,6.249125,12.33317,0.43268,22.97052,-190.4068,0.06459827,5.0,Yes,Yes,Gas-giant-like,ML-Host-2958,0.71752,0.845148,4901.603,0.37146074
9.856939,14726.292,5894.72,12.13447,13.36772,8090.3818,9177.6354,525.875187,409.022964,642.72741,3155.266561,12.120256,3.91832,0.222205,162.28505,-179.7832,0.0001551,1.0,No,No,Terrestrial-like,ML-Host-2959,0.582096,0.518056,4243.038,0.07837105
1554.242732,141037.872,1058.067,20.85994,54.24059,5.1691,5.6943,531.37549,510.113472,552.637508,2327.332046,16.603833,12.8276,0.040013,14.37436,-89.0236,0.0,8.0,Yes,Yes,Gas-giant-like,ML-Host-2963,1.103841,1.204086,6830.534,2.8433349
5.985132,13085.255,5101.859,9.33201,11.05042,5065.7546,5283.2291,19.527854,17.480263,21.575444,16.991016,83.579608,5.03526,0.104855,0.50589,664.1974,16.06783118,1.0,No,No,Terrestrial-like,ML-Host-2972,1.027882,1.271031,5821.132,1.67123155
0.697726,7966.496,2635.628,2.93505,4.8355,14.5808,15.6675,184.410908,170.374165,198.44765,664.322116,20.18706,7.5997,0.076117,17.09256,-126.602,0.0,0.0,No,No,Terrestrial-like,ML-Host-2973,0.566267,0.688303,4470.397,0.17046652
0.149106,4148.271,3989.289,2.31327,3.09775,107.4237,103.6486,701.833339,544.26605,859.400628,3587.86489,14.225354,11.86664,0.224508,62.14085,-57.7309,105.2461488,0.0,No,No,Terrestrial-like,ML-Host-2975,1.070159,0.952855,6533.527,1.49052575
0.251464,4526.938,5176.821,3.27591,3.85095,477.8713,522.5067,62.605719,53.216992,71.994447,144.458992,31.516255,0.63591,0.149966,42.5589,-98.6622,0.0,0.0,No,No,Terrestrial-like,ML-Host-2977,0.468567,0.444223,4091.444,0.04981995
3.642925,11680.431,4365.913,7.1285,9.12491,6133.7463,6385.1356,102.775989,98.750852,106.801127,229.233092,32.604649,10.61665,0.039164,20.39524,12.7965,1.7141459,1.0,No,No,Terrestrial-like,ML-Host-2979,0.823263,0.892607,5435.866,0.62674442
2505.799465,168754.628,995.819,23.49095,62.96195,15.4095,13.7174,665.823056,584.288167,747.357945,3651.550585,13.260097,5.21811,0.122457,0.10644,-103.9041,0.0096498,16.0,No,No,Gas-giant-like,ML-Host-2982,0.882146,0.908732,5345.684,0.60754676
845.098207,99359.17,1645.45,22.85372,47.65215,13.7575,14.2638,1277.434613,1011.883221,1542.986006,12028.35691,7.723205,14.81807,0.207879,7.40808,-218.5909,0.00786495,8.0,Yes,No,Gas-giant-like,ML-Host-2986,0.574145,0.816122,4620.44,0.27348812
170.467262,65065.392,1181.931,10.74995,26.44712,16.0802,17.354,11967.82966,10986.88516,12948.77415,248906.2462,3.496591,9.2462,0.081965,27.96508,-256.4408,0.00012132,3.0,Yes,Yes,Neptune-like,ML-Host-2994,1.102537,1.025124,5931.75,1.17213772
3.956668,11319.972,5209.487,8.24337,9.65995,4553.332,3930.5885,123.331917,88.782522,157.881312,274.081186,32.723627,6.67772,0.280133,168.634,46.2283,0.01039924,1.0,No,No,Terrestrial-like,ML-Host-2997,0.995145,0.925609,5600.284,0.75925896
0.145605,3766.936,5202.495,2.73946,3.21237,39.1247,36.3265,212.600943,106.901704,318.300183,723.059945,21.382381,7.01624,0.497172,20.44604,-132.4664,0.01730844,0.0,No,No,Terrestrial-like,ML-Host-2998,0.732429,0.757288,4452.404,0.20304651
52.500321,39611.633,1613.226,8.93269,18.81059,20.2704,21.2623,796.403263,468.619214,1124.187313,5298.37479,10.93089,1.7119,0.41158,17.96941,-185.2287,0.00040948,3.0,No,Yes,Super-Earth-like,ML-Host-2999,0.717022,0.75472,5049.73,0.33368727
0.195091,4421.46,4310.633,2.66423,3.43217,1450.5884,1416.7957,14.211843,11.744286,16.6794,8.918407,115.885281,1.2729,0.173627,149.88132,986.9639,0.00025774,0.0,No,No,Terrestrial-like,ML-Host-3001,1.43812,1.316144,7048.382,3.85176228
0.002845,1646.214,1218.032,0.28029,0.67928,116.5398,140.8857,11967.82966,10280.33504,13655.32428,276412.5249,3.148639,2.83944,0.141003,110.99378,-264.0129,3.22120754,0.0,No,No,Terrestrial-like,ML-Host-3010,0.894024,1.003965,5520.455,0.84339603
0.011561,2278.795,1865.875,0.59436,1.1638,87.4807,86.7712,11967.82966,10470.72008,13464.93923,353794.5142,2.459968,7.18854,0.125094,132.61535,-277.1027,6.5e-05,0.0,No,No,Terrestrial-like,ML-Host-3021,0.545711,0.565247,3830.149,0.06194883
0.309167,5730.887,3137.102,2.51313,3.79506,25.7226,24.8273,49.278558,38.547244,60.009871,95.945981,37.350496,1.22883,0.217768,36.20895,19.5049,3.29053798,2.0,No,No,Terrestrial-like,ML-Host-3026,0.518011,0.51491,4106.738,0.06794304
5.020786,13091.965,4273.252,7.82038,10.1185,46.4992,41.2945,77.849842,62.127688,93.571996,135.520504,41.775139,3.8071,0.201955,20.86122,203.3922,14.41862612,1.0,No,Yes,Terrestrial-like,ML-Host-3032,1.023721,1.125647,5487.014,1.03476802
0.175601,3412.714,8437.787,4.02525,3.70635,1037.8596,965.1147,41.681365,34.731167,48.631563,60.373708,50.20642,14.04404,0.166746,179.72054,145.3743,0.30341111,0.0,No,No,Terrestrial-like,ML-Host-3034,0.791678,0.819385,4938.645,0.35983345
0.008071,1778.157,2741.743,0.68149,1.10082,134.3953,149.3431,4192.928167,3488.923459,4896.932875,41216.21374,7.398003,7.16268,0.167903,129.72342,-189.1666,0.00290086,0.0,No,No,Terrestrial-like,ML-Host-3035,1.729158,1.494662,7389.947,6.00269379
312.393899,92479.748,754.335,9.75158,30.03038,14.2761,16.421,invalid,180.655697,511.62019,1358.474467,18.529466,7.35378,0.478082,33.64163,-104.6715,1.17e-05,3.0,No,Yes,Gas-giant-like,ML-Host-3043,0.895495,0.819976,5441.209,0.53098119
0.411378,4195.7,10637.244,6.23875,5.11624,641.5413,593.3779,52.660687,36.464047,68.857327,112.983229,33.895162,0.99041,0.307566,156.45181,17.1888,3.19436785,0.0,No,No,Terrestrial-like,ML-Host-3048,0.45588,0.574259,4024.381,0.0779305
0.953199,8444.007,3023.705,3.56905,5.48972,32.6552,33.9411,103.531649,66.319211,140.744088,194.177673,38.773858,7.2841,0.359431,47.65853,118.7613,5.77e-05,0.0,No,No,Terrestrial-like,ML-Host-3049,1.172841,1.073221,5973.035,1.32084977
0.015295,2373.046,2185.874,0.7251,1.31175,79.6206,87.9436,2288.633121,2216.563964,2360.702277,29583.38649,5.625919,0.65428,0.03149,142.71051,-219.1496,3.45900559,0.0,No,No,Terrestrial-like,ML-Host-3051,0.545822,0.54571,4560.027,0.11600821
80.730972,66569.145,522.664,4.86362,17.99353,10.1058,10.6333,3057.624162,1843.550297,4271.698027,29697.70193,7.487321,14.13373,0.397064,19.77586,-204.3595,0.00012773,3.0,No,Yes,Neptune-like,ML-Host-3053,1.291591,1.085266,7087.599,2.67770915
6.952576,15422.416,3619.844,7.80381,10.97058,8125.8202,8824.6712,363.217664,308.354509,418.080819,1285.542729,20.546868,0.10051,0.151048,158.4314,-76.4709,0.1648265,1.0,No,No,Terrestrial-like,ML-Host-3057,1.155437,0.993058,6050.973,1.19109089
0.136885,3651.095,5371.398,2.74142,3.16373,1525.6034,1302.2416,9.56015,7.940467,11.179833,6.917296,100.50636,0.101,0.16942,abc,596.0949,52.64098944,0.0,No,No,Terrestrial-like,ML-Host-3059,0.727679,0.725574,4904.374,0.27440564
1930.665799,124231.344,1923.158,33.39723,64.4126,6.6305,6.3074,419.90463,275.716303,564.092956,1913.049273,15.962087,10.99377,0.343384,3.78076,-124.037,0.69551357,8.0,No,No,Gas-giant-like,ML-Host-3064,0.806154,0.93929,4981.674,0.48954739
1.054414,8401.752,3395.496,3.98784,5.78833,-42.8869,46.1269,594.142503,524.299252,663.985755,3327.20188,12.986037,4.56183,0.117553,36.1073,-151.2374,0.00634986,0.0,No,No,Terrestrial-like,ML-Host-3065,0.754974,0.79057,4775.448,0.29284125
0.060227,3242.113,3375.243,1.52967,2.22696,115.8294,110.0113,5533.411913,4719.635404,6347.188422,101741.936,3.955106,4.61207,0.147066,92.57471,-244.1328,0.22138234,0.0,No,No,Terrestrial-like,ML-Host-3069,0.652225,0.618771,4393.524,0.12853082
153.729939,60011.992,1358.456,11.39589,26.15129,12.7188,12.8087,325.657281,311.207912,340.10665,1500.272713,15.785406,8.87432,0.04437,132.44392,-146.7436,0.00266389,2.0,Yes,Yes,Neptune-like,ML-Host-3070,0.611449,0.665924,4757.761,0.20471755
1156.719549,124249.84,1151.707,20.00332,49.85388,7.374,8.0732,1449.210124,1040.350656,1858.069592,17050.70767,6.180934,8.4337,0.282126,12.94052,-175.3106,188.5943392,8.0,Yes,Yes,Gas-giant-like,ML-Host-3072,0.417184,0.443125,4059.562,0.04804666
111.72494,32657.695,6126.253,27.96693,30.22144,51.8078,51.947,138.669913,83.33608,194.003746,394.583116,25.556944,3.6645,0.399033,29.54964,-86.9179,0.00081657,6.0,No,Yes,Neptune-like,ML-Host-3075,0.682477,0.688153,4826.706,0.23156264
0.414291,5510.093,4729.666,3.64295,4.48029,1457.9298,1446.6488,30.073191,28.251955,31.894427,36.994139,59.116915,0.44966,0.06056,29.79828,205.4703,0.0,0.0,No,No,Terrestrial-like,ML-Host-3077,0.791938,0.812166,4901.762,0.34307862
0.256486,4482.34,5439.391,3.40816,3.90852,1479.3159,1425.3111,102.608909,96.817209,108.400609,161.282618,46.266078,11.48621,0.056444,17.39368,263.6925,0.16462137,1.0,No,No,Terrestrial-like,ML-Host-3078,1.655002,1.536311,7428.112,6.47391072
179.942076,55153.558,2048.394,15.79252,29.51294,19.1946,20.6293,553.416598,540.578385,566.254812,1792.984307,22.446099,3.81842,0.023198,90.681,-8.3287,4.97145114,3.0,Yes,Yes,Neptune-like,ML-Host-3080,2.100981,1.728786,7742.066,9.67396395
22.303365,21918.029,4045.454,12.39462,16.48228,4718.9145,4782.4125,81.187694,65.610786,96.764601,142.739648,41.362879,5.76529,0.191863,3.62178,112.8933,7.21608227,2.0,No,No,Super-Earth-like,ML-Host-3085,1.046646,1.004962,5571.292,0.87663174
0.430246,5323.205,5447.513,4.05355,4.6452,35.8081,32.8773,667.298095,344.568319,990.027872,5839.857113,8.309652,12.882,0.483637,39.33259,-228.4686,1.34709504,1.0,No,No,Terrestrial-like,ML-Host-3087,0.347195,0.396349,3304.13,0.01686862
0.207773,4019.814,6109.026,3.43275,3.7147,1759.4737,1668.3261,11.225946,9.673845,12.778048,5.972978,136.677553,2.37187,0.13826,157.08473,1215.861,0.24190732,1.0,No,No,Terrestrial-like,ML-Host-3088,1.580176,1.360311,7100.396,4.23741767
0.021209,2366.936,3054.722,1.0107,1.54669,173.1924,164.7445,1331.609727,560.715017,2102.504436,10483.21032,9.237359,7.28604,0.578919,116.84726,-204.184,1.08e-05,0.0,No,No,Terrestrial-like,ML-Host-3091,0.856171,1.060991,4596.666,0.45278291
0.367568,5085.823,5336.493,3.79386,4.3926,483.6829,481.5608,199.230936,166.296298,232.165575,655.843105,22.091337,20.20638,0.165309,179.81992,-59.4464,149.3687989,0.0,No,No,Terrestrial-like,ML-Host-3094,0.732637,0.742786,4729.086,0.24861698
0.522735,7578.539,2293.645,2.42983,4.29122,14.5463,13.0403,59.861029,47.318259,72.4038,78.013198,55.800909,12.74037,0.209531,28.38334,374.3154,161.3453606,0.0,No,No,Terrestrial-like,ML-Host-3095,1.404478,1.545962,6371.928,3.54956708
0.385633,5363.383,4773.745,3.57901,4.38128,18.4552,17.4319,316.677072,244.468077,388.886067,1171.064435,19.665319,1.02294,0.228021,22.99718,-70.5652,0.0,0.0,No,No,Terrestrial-like,ML-Host-3096,0.922798,0.884937,5899.105,0.85440502
28.863864,34242.419,1372.975,6.57191,15.00126,27.5648,27.5816,3280.137332,2890.835079,3669.439584,52842.18642,4.514155,8.98273,0.118685,8.59008,-217.7298,0.06106227,0.0,No,Yes,Super-Earth-like,ML-Host-3103,0.503655,0.642109,4189.586,0.11444479
1320.847868,125952.661,1262.502,22.22818,52.91217,7.5785,7.5595,1051.835006,967.046343,1136.623669,5860.451245,13.05214,2.8234,0.08061,56.44636,-146.1207,3.00402201,6.0,No,Yes,Gas-giant-like,ML-Host-3105,1.350203,1.403998,6905.658,4.03875876
77.719854,60130.109,682.743,5.7387,18.57603,36.8203,35.0625,11610.34998,7967.771127,15252.92882,207422.4201,4.070566,1.41736,0.313735,102.03896,-218.5217,0.01221426,1.0,No,Yes,Neptune-like,ML-Host-3108,1.449583,1.511252,6416.752,3.48842719
6.560051,15680.689,3249.475,7.12267,10.56827,4672.3786,5125.9262,1568.649779,728.315449,2408.98411,15735.81924,7.249396,9.38745,0.535706,167.94778,-148.2897,6.41411655,2.0,No,No,Terrestrial-like,ML-Host-3109,0.62118,0.656104,4748.035,0.19710416
11.901947,16821.95,4775.187,11.22874,13.7437,27.5776,30.5215,68.82147,48.691319,88.951621,130.920504,38.227989,6.88823,0.292498,37.4847,62.252,15.06342629,1.0,No,Yes,Terrestrial-like,ML-Host-3112,0.757836,0.818984,4749.583,0.30751547
3740.8756,200083.435,891.952,24.94691,70.65029,19.0615,21.5496,625.165785,344.89577,905.435799,3618.562357,12.563896,7.03831,0.448313,0.49034,-178.8759,0.00012499,13.0,No,Yes,Gas-giant-like,ML-Host-3113,0.743587,0.856331,5185.824,0.47780361
277.61199,100295.093,525.534,7.36791,27.18392,5.4818,5.0112,1054.545822,991.768791,1117.322853,5040.199824,15.215383,0.09724,0.05953,28.34644,-58.225,0.80990946,7.0,Yes,No,Neptune-like,ML-Host-3114,1.839583,1.420373,7644.894,6.20847942
25000.0,365377.395,978.85,49.99452,135.15497,15.0995,12.9996,3364.456416,2368.574176,4360.338655,32500.57754,7.528163,3.59364,0.296001,154.5471,-163.1551,6.39324785,28.0,Yes,Yes,Gas-giant-like,ML-Host-3115,1.436749,1.251428,7256.953,3.91312415
0.180611,3957.288,5566.106,3.07903,3.49064,886.643,826.6643,17.578396,15.382496,19.774295,15.537327,82.27504,0.55955,0.12492,179.90632,652.3017,6.04171247,1.0,No,No,Terrestrial-like,ML-Host-3116,0.89661,1.13635,5980.851,1.48857628
223.074042,66010.123,1481.217,13.66764,30.03669,9.4069,10.3232,7644.434368,7363.254749,7925.613988,134317.9957,4.138818,4.29324,0.036782,36.03607,-178.9641,28.38981022,0.0,No,No,Neptune-like,ML-Host-3120,0.986702,1.10532,6293.365,1.72664116
0.269971,4705.816,4947.824,3.25472,3.91358,1031.4459,1054.9247,56.537462,36.8773,76.197623,144.761303,28.402005,0.84497,0.347737,176.77792,-85.1824,0.00563968,0.0,No,No,Terrestrial-like,ML-Host-3127,0.343655,0.446464,3436.275,0.02503916
0.568177,6039.066,4926.92,4.1592,5.01175,31.7064,28.443,106.281077,34.137859,178.424295,182.502553,42.34988,9.45598,0.678796,26.7541,180.8042,0.0,1.0,No,No,Terrestrial-like,ML-Host-3128,1.436311,1.418601,7094.976,4.59429369
76.811176,37965.419,2680.78,14.22701,23.24079,15.8178,15.2137,2974.141097,2912.743183,3035.53901,44539.4083,4.856041,3.16715,0.020644,21.65418,-234.8209,0.0,1.0,No,No,Neptune-like,ML-Host-3129,0.528463,0.532612,3948.011,0.06209117
615.015076,107058.45,957.248,14.32549,39.16204,13.1758,11.2098,1771.618643,1611.688856,1931.548429,19120.18743,6.73819,7.38282,0.090273,29.78926,-218.0199,3.13e-05,7.0,No,Yes,Gas-giant-like,ML-Host-3134,0.606101,0.575208,4723.753,0.14842027
0.555819,6486.536,3889.52,3.52674,4.78292,47.591,49.3401,4476.169024,3556.917447,5395.420601,82713.34799,3.935465,5.79656,0.205366,22.20159,-220.8772,0.00015723,0.0,No,No,Terrestrial-like,ML-Host-3136,0.52238,0.689293,4578.868,0.18816326
719.485683,104261.774,1212.406,17.67004,42.92214,25.8285,24.9105,1172.95865,782.654133,1563.263167,10060.1009,8.479018,7.62831,0.332752,175.41403,-218.2352,0.00795522,11.0,Yes,Yes,Gas-giant-like,ML-Host-3137,0.635422,0.830454,4725.066,0.3097115
391.396091,79145.923,1507.76,16.68112,36.33514,11.1878,9.9301,2785.797921,1997.588044,3574.007798,23448.6301,8.639673,15.83951,0.282939,160.83189,-161.4176,5.97e-05,6.0,No,Yes,Gas-giant-like,ML-Host-3141,1.566868,1.670459,7112.389,6.43321932
75.942069,47851.105,1323.756,8.8545,20.58392,30.0162,26.4523,2562.502424,1847.6291,3277.375748,33143.46141,5.622528,12.94457,0.278975,39.67415,-162.0123,100.0579657,4.0,No,Yes,Neptune-like,ML-Host-3144,0.610402,0.700365,4250.211,0.1442065
0.089635,4081.213,2518.324,1.4367,2.42146,215.8257,234.7248,8207.262286,6178.208743,10236.31583,183066.9274,3.26027,1.20951,0.247227,131.70938,-238.5137,1.45e-05,0.0,No,No,Terrestrial-like,ML-Host-3145,0.657345,0.779063,4892.947,0.31341679
0.361583,5345.837,4520.245,3.37786,4.24941,2634.5908,2684.0173,10.579186,6.352533,14.805839,6.583849,116.852374,6.98342,0.399525,162.49203,948.5891,0.40076504,0.0,No,No,Terrestrial-like,ML-Host-3151,1.088467,1.163883,6086.234,1.67458866
0.454555,5165.043,6300.368,4.54888,4.84718,640.8847,632.1353,206.130819,134.918226,277.343412,621.51845,24.11871,7.82348,0.345473,165.37128,6.5553,4.71404841,0.0,No,No,Terrestrial-like,ML-Host-3153,0.903523,0.924203,5397.375,0.65306998
1.208511,8834.362,3347.546,4.13396,6.04325,36.3481,39.1056,67.854485,65.623869,70.085102,155.476609,31.737936,18.22174,0.032874,17.25778,-30.2459,0.04320834,1.0,No,No,Terrestrial-like,ML-Host-3156,0.51502,0.653504,3907.105,0.08966256
122.966286,51994.435,1670.771,12.14334,25.12739,15.1177,16.0739,218.438085,214.90271,221.97346,678.19216,23.422906,12.78661,0.016185,125.06587,-68.0676,3.78e-05,1.0,No,Yes,Neptune-like,ML-Host-3160,0.903021,0.919091,5311.116,0.60555733
27.603934,33495.949,1402.799,6.56829,14.83277,12.7063,14.7526,686.518543,582.310569,790.726516,4014.789874,12.435253,5.09771,0.151792,103.78326,-185.5213,0.0,2.0,No,Yes,Super-Earth-like,ML-Host-3162,0.799926,0.746082,4910.496,0.29158791
178.830616,62410.903,1404.953,12.25707,27.65818,15.1556,17.6476,10586.08333,5347.092708,15825.07396,208267.5594,3.696399,2.88387,0.494894,20.35706,-208.6327,0.03751503,4.0,Yes,No,Neptune-like,ML-Host-3176,1.089886,0.857968,6343.859,1.07411448
9.177536,15805.187,4439.444,9.80827,12.45077,6037.808,5771.7617,626.428489,520.455222,732.401756,3175.962018,14.343706,12.82643,0.169171,164.33587,-103.3127,0.11204651,1.0,No,No,Terrestrial-like,ML-Host-3181,0.971141,1.081152,5735.614,1.13969352
859.002151,100531.43,1614.693,22.69114,47.76162,4.4151,4.5265,441.517229,435.65835,447.376108,2746.177238,11.691878,9.29544,0.01327,2.00201,-197.9686,5.26e-05,3.0,No,Yes,Gas-giant-like,ML-Host-3182,0.454783,0.503567,3854.294,0.05041831
0.026876,2519.504,3209.329,1.1303,1.68754,127.1964,126.5891,11967.82966,11092.38355,12843.27576,296242.7266,2.937872,7.90295,0.07315,123.41904,-233.2353,0.00145166,0.0,No,No,Terrestrial-like,ML-Host-3183,0.77834,0.811116,4711.442,0.29206227
0.36971,5185.903,5062.787,3.6701,4.36266,8.4342,7.1392,190.297716,135.228201,245.367231,331.428309,41.755064,1.70743,0.289386,22.33424,364.8476,31.34932175,0.0,No,No,Terrestrial-like,ML-Host-3184,2.5,2.236261,9354.774,34.50426867
1289.531806,156057.341,648.009,14.13609,46.96851,35.1026,33.3512,307.75331,276.97776,338.52886,909.277438,24.613394,1.83235,0.100001,10.94175,37.5695,1.59371126,3.0,Yes,Yes,Gas-giant-like,ML-Host-3185,1.404863,1.375523,7519.867,5.45093551
8.258293,13374.614,6592.465,12.32519,12.83918,6260.893,5790.0703,166.636481,126.600914,206.672047,337.937451,35.859063,9.72146,0.240257,4.33043,140.5851,0.0072131,0.0,No,No,Terrestrial-like,ML-Host-3191,1.614567,1.694386,6834.336,5.64293213
2.141029,10573.479,3459.158,5.11273,7.3525,5160.0491,5461.5799,112.617371,91.007176,134.227565,237.374746,34.501347,4.35317,0.19189,173.94407,93.3025,0.18138467,0.0,No,No,Terrestrial-like,ML-Host-3195,1.010103,1.139065,5602.766,1.15186495
6.450593,13778.593,4709.626,9.07101,11.1797,2503.2374,2653.3083,71.202843,56.921066,85.48462,119.529745,43.319807,6.83514,0.200579,15.85864,165.9535,38.86690203,0.0,No,No,Terrestrial-like,ML-Host-3197,1.006835,0.981206,5691.751,0.91032964
7.354797,13376.549,5868.672,10.97358,12.11563,46.7263,47.3652,184.31255,124.029811,244.595289,447.853755,29.928425,1.48376,0.327068,176.85994,42.6764,1.33e-05,0.0,No,No,Terrestrial-like,ML-Host-3200,1.243972,1.046799,6585.95,1.857357
0.005727,1629.152,2529.413,0.57603,0.96873,121.7718,127.2344,2600.732702,1695.752132,3505.713272,25247.47629,7.491054,4.9113,0.347971,175.90041,-214.4148,0.00265192,0.0,No,No,Terrestrial-like,ML-Host-3205,1.099689,1.046129,5185.052,0.71265277
18.166881,18468.797,5507.645,14.219,16.20518,50.9341,50.2643,62.303742,51.528693,73.078791,155.645556,29.110025,11.13452,0.172944,37.31595,-25.0932,0.01072494,0.0,No,Yes,Super-Earth-like,ML-Host-3207,0.397821,0.628418,3649.226,0.06309508
47.903045,48945.906,780.217,5.33822,16.16428,36.2782,37.5967,11967.82966,9129.813928,14805.84538,304673.6064,2.856576,2.24085,0.237137,57.75324,-267.8712,0.00119365,1.0,No,Yes,Super-Earth-like,ML-Host-3208,0.73586,0.943931,5252.479,0.61098817
148.507792,69807.882,833.753,8.13591,23.83171,21.1745,19.2176,11967.82966,9138.648211,14797.0111,273048.0396,3.187436,1.56142,0.236399,35.25815,-289.3814,4.59721821,3.0,No,Yes,Neptune-like,ML-Host-3216,0.916192,1.070776,5369.123,0.85843113
7.242656,22970.748,1141.232,3.66449,9.17475,13.7042,13.5787,4644.811689,3584.401925,5705.221453,43788.90906,7.713814,4.5726,0.2283,31.50539,-131.2514,135.9669086,0.0,No,Yes,Terrestrial-like,corrupt,2.082546,1.478359,8162.648,8.74135539
0.575429,5160.856,7995.171,5.76785,5.45592,3900.6888,4011.3182,388.65182,280.803938,496.499703,993.507507,28.448196,2.95849,0.277492,157.65833,97.2923,0.0,0.0,No,No,Terrestrial-like,ML-Host-3221,2.370054,1.827833,9610.684,25.6794141
3.444691,11655.596,4154.781,6.76935,8.88261,2257.534,2375.6751,872.238465,775.873486,968.603443,6489.785789,9.773949,2.7973,0.11048,33.27911,-162.6424,28.41190274,0.0,No,No,Terrestrial-like,ML-Host-3226,0.627861,0.767543,4624.282,0.24270425
79.590523,45098.551,1657.2,10.44725,21.70612,14.3875,14.2359,4294.803848,2961.028787,5628.578908,72681.08382,4.297215,7.98033,0.310556,36.29748,-190.1568,168.1979349,3.0,No,No,Neptune-like,ML-Host-3227,0.597593,0.736921,4180.303,0.14940582
0.118204,4360.982,2721.958,1.65932,2.69003,7.9099,7.2087,249.213075,227.921881,270.504268,835.786717,21.684057,1.85363,0.085434,33.17675,-71.6809,0.0,0.0,No,No,Terrestrial-like,ML-Host-3231,0.882958,0.928407,5750.949,0.84943285
3552.487889,204577.68,792.427,22.66114,68.08792,7.712,8.1797,1514.08295,1455.729594,1572.436306,11500.24321,9.574317,1.80697,0.03854,162.84741,-217.0107,0.0,12.0,No,Yes,Gas-giant-like,ML-Host-3232,1.045812,0.830281,6201.938,0.91887092
0.247149,5037.643,3692.136,2.59998,3.61908,21.9896,22.1121,163.488977,145.203216,181.774737,458.303106,25.941844,10.67666,0.111847,27.95467,-82.0073,0.00557861,1.0,No,No,Terrestrial-like,ML-Host-3233,0.829045,0.71067,5066.59,0.29984324
0.786721,8385.843,2547.898,2.98671,5.00461,26.5983,27.6313,176.609906,125.261203,227.958608,508.373885,25.263703,3.78565,0.290746,6.82759,0.6501,9.72502519,0.0,No,No,Terrestrial-like,ML-Host-3237,0.849371,0.90125,5514.716,0.67682759
2.301791,9436.621,5231.397,6.90079,8.0697,5716.9339,5072.1124,97.885639,88.896483,106.874794,198.307315,35.895947,14.5073,0.091833,163.38803,83.9199,1.41990509,0.0,No,No,Terrestrial-like,ML-Host-3241,0.950381,0.80477,6027.446,0.77014351
104.210397,63374.346,781.937,6.92707,20.9523,36.6783,35.7264,3557.795455,3157.156702,3958.434208,47710.88421,5.422864,10.5874,0.112609,36.82116,-228.0272,0.0,2.0,No,Yes,Neptune-like,ML-Host-3242,0.788363,0.80939,6009.861,0.76995882
5.651876,14678.675,3412.978,7.00301,10.13878,1997.1067,2391.6908,85.894647,80.976994,90.812301,155.954904,40.052741,8.10603,0.057252,21.0617,89.3804,0.0,0.0,No,No,Terrestrial-like,ML-Host-3248,1.03829,1.081738,5538.402,0.99192013
0.004116,1637.187,1791.464,0.40999,0.81928,102.9117,109.2206,11967.82966,9490.508814,14445.1505,291501.2826,2.985658,12.75559,0.206998,141.07429,-210.6476,18.515894,0.0,No,No,Terrestrial-like,ML-Host-3252,0.803866,0.95693,5308.808,0.65530406
2.460564,9837.514,4936.054,6.78781,8.17161,49.7284,47.7544,519.195487,456.494453,581.896521,2433.685527,15.51428,1.86221,0.120766,16.08716,-113.9142,0.0,1.0,No,Yes,Terrestrial-like,ML-Host-3259,0.941634,0.871473,5943.007,0.85354765
567.202606,88322.679,1572.255,19.41152,41.40625,10.7652,11.4311,490.39105,253.18634,727.59576,1794.990336,19.867609,7.74979,0.483705,7.29977,-22.6464,0.29555062,5.0,Yes,No,Gas-giant-like,ML-Host-3260,1.458552,1.39307,7197.251,4.69145426
0.103848,2998.537,7356.514,3.08351,3.04073,1608.7114,1867.1357,8.793307,6.87082,10.715793,4.518533,141.520701,0.13664,0.218631,9.34026,1184.1189,43.98752409,0.0,No,No,Terrestrial-like,ML-Host-3265,1.327029,1.360594,6028.789,2.20329388
0.763323,5795.695,7488.467,6.06684,5.92972,4135.2089,4491.4189,22.614721,18.165211,27.064231,33.97488,48.40592,4.93787,0.196753,0.45188,64.2957,0.0,0.0,No,No,Terrestrial-like,ML-Host-3267,0.399279,0.522773,3454.165,0.03505038
0.00646,1819.049,2049.611,0.52117,0.97367,63.8317,59.9849,7717.809094,7424.883027,8010.73516,190819.1323,2.941286,3.85436,0.037955,137.97384,-236.173,0.00070726,0.0,No,No,Terrestrial-like,ML-Host-3278,0.503103,0.559654,4166.846,0.08506751
6078.816727,209446.84,1263.569,36.9945,88.02489,4.225,4.3887,547.647432,493.36867,601.926195,2238.973773,17.787595,7.29044,0.099113,177.84399,-91.7644,0.17466954,22.0,No,Yes,Gas-giant-like,ML-Host-3282,1.305641,1.197572,6541.789,2.36637567
148.074599,53350.49,1862.373,13.88895,27.22099,9.5578,8.6532,2255.190369,2132.872916,2377.507821,24269.86336,6.757422,1.47311,0.054238,22.01789,-167.4927,3.59694376,3.0,Yes,Yes,Neptune-like,ML-Host-3284,0.775949,0.725648,5037.389,0.30546967
16.524944,17087.781,6325.347,15.10895,16.06793,25.6788,25.2743,175.716927,152.891708,198.542146,657.236049,19.442737,5.34756,0.129898,29.52028,-129.1184,0.00119772,0.0,No,Yes,Super-Earth-like,ML-Host-3285,0.500514,0.649583,4045.08,0.10178238
2.545194,9525.253,5624.613,7.48917,8.44608,3802.3647,3997.5872,80.223022,64.633855,95.812188,131.61247,44.326879,0.13271,0.194323,20.46038,194.5428,238.1592922,1.0,No,No,Terrestrial-like,ML-Host-3286,1.18774,1.128314,5839.452,1.33365302
3.230783,10536.343,5275.207,7.76951,9.04778,2752.453,2987.2806,159.702095,135.808653,183.595537,492.470276,23.582822,0.64235,0.149613,25.44366,-92.8823,5.58e-05,0.0,No,No,Terrestrial-like,ML-Host-3294,0.669253,0.585612,4771.574,0.16016283
4.072592,14799.926,2399.35,4.96384,8.57114,10.3385,10.2627,110.54197,77.555538,143.528402,146.733757,54.785085,2.38186,0.298406,21.26664,531.8754,0.02808938,0.0,No,No,Terrestrial-like,ML-Host-3295,2.5,1.977658,10198.009,38.11174437
0.053012,2812.903,4548.924,1.78866,2.24306,36.6972,33.6991,49.407745,27.049635,71.765856,80.416013,44.680464,14.50255,0.452522,15.92227,119.5822,0.0,0.0,No,No,Terrestrial-like,ML-Host-3300,0.743222,0.76668,5018.774,0.33598051
0.001542,1237.877,1552.668,0.26867,0.5767,126.0596,138.8361,4247.163893,3321.886292,5172.441494,54354.73406,5.682335,6.32536,0.217858,130.90519,-183.5248,208.1742072,0.0,No,No,Terrestrial-like,ML-Host-3302,1.033334,1.064183,5239.394,0.76886773
0.232207,5616.555,2503.035,1.96518,3.32228,7.1662,6.5916,672.96712,603.364285,742.569956,4424.323933,11.061451,0.55645,0.103427,53.94253,-208.42,0.00010535,0.0,No,No,Terrestrial-like,ML-Host-3305,0.620449,0.603774,4044.56,0.08788771
0.160621,3646.046,6329.041,3.2257,3.42944,2051.6527,2071.2193,31.099349,25.437515,36.761183,43.61626,51.852302,6.58627,0.182056,30.35235,176.5461,0.00256567,0.0,No,No,Terrestrial-like,ML-Host-3307,0.630051,0.840263,4683.89,0.30616253
352.831421,74767.296,1612.255,16.85038,35.49447,12.4821,12.7299,1465.089451,1418.427764,1511.751138,8913.293895,11.95339,3.24279,0.031849,24.98727,-131.1716,0.00100262,7.0,Yes,Yes,Gas-giant-like,ML-Host-3312,1.577373,1.300909,7355.005,4.46190875
187.989805,71524.084,981.248,9.8106,26.48951,25.8371,23.8166,11967.82966,8609.89031,15325.769,287978.0948,3.022186,0.79934,0.28058,119.4948,-264.1521,0.0,3.0,Yes,Yes,Neptune-like,ML-Host-3314,0.823656,invalid,5032.654,0.47470016
9.467984,13375.518,7556.61,14.12869,13.74695,15.3247,17.7902,74.772366,62.768874,86.775857,136.474669,39.843203,20.94197,0.160534,33.92643,83.4175,0.00339003,2.0,No,Yes,Terrestrial-like,ML-Host-3316,0.894412,0.937772,5688.293,0.82950172
0.294279,5229.37,3930.186,2.87294,3.87604,22.7703,22.8386,93.19582,91.653171,94.738469,202.044571,33.543967,7.71908,0.016553,67.10878,-32.1737,0.48957502,0.0,No,No,Terrestrial-like,ML-Host-3317,0.790157,0.645626,4734.387,0.18867372
0.00385,1497.306,2190.27,0.45843,0.8285,106.3085,100.0832,11967.82966,7505.276145,16430.38317,214561.2238,4.056293,6.66203,0.372879,135.58061,-212.388,0.00338561,0.0,No,No,Terrestrial-like,ML-Host-3318,1.483755,1.189389,7320.198,3.65960491
32.770136,38026.369,1138.217,6.05026,15.16804,16.1989,14.3331,1625.489145,1138.616788,2112.361502,8273.996764,14.286765,9.2413,0.299524,82.64054,-87.6893,0.00124762,3.0,No,Yes,Super-Earth-like,ML-Host-3319,2.5,2.320215,9362.753,37.27049933
13.364015,16536.812,5643.948,13.04665,14.68843,51.2452,48.8927,628.869973,487.438746,770.3012,5020.837636,9.108563,5.21065,0.224897,154.86456,-171.385,6.48370618,0.0,No,Yes,Super-Earth-like,ML-Host-3329,0.393141,0.52681,3900.423,0.05786956
1767.939192,134630.549,1383.687,26.04029,59.20995,6.9956,7.9956,2112.061812,1339.488214,2884.63541,15171.88763,10.123535,1.20675,0.365791,12.21249,-167.3404,0.06928625,6.0,Yes,Yes,Gas-giant-like,ML-Host-3330,1.631019,1.395302,7179.729,4.66082774
0.239855,4877.556,3947.691,2.6916,3.62331,81.024,87.9708,99.169195,72.497289,125.841101,148.77477,48.474426,0.58252,0.268954,37.5825,316.8835,2.01e-05,0.0,No,No,Terrestrial-like,ML-Host-3334,1.755862,1.617223,7718.728,8.36405979
3.363228,8680.96,9818.711,11.91479,10.17015,1990.0996,2062.2383,241.980613,130.459678,353.501548,770.258246,22.845959,0.67849,0.460867,14.41504,-31.3858,0.17692858,0.0,No,No,Terrestrial-like,ML-Host-3336,0.951672,1.02502,5488.448,0.85892879
0.604276,6804.57,3662.984,3.48418,4.86912,1349.0344,1403.6913,292.102468,288.983293,295.221643,1587.868832,13.377833,0.36704,0.010678,8.92634,-172.2454,0.0,0.0,No,No,Terrestrial-like,ML-Host-3347,0.393908,0.530957,3592.545,0.04230799
2.937621,10095.204,5453.205,7.6954,8.814,19.8862,19.781,777.841825,482.900719,1072.782932,5467.512791,10.345862,8.02148,0.379179,36.07862,-177.189,3.79e-05,1.0,No,Yes,Terrestrial-like,ML-Host-3348,0.627354,0.71334,4392.332,0.17063517
0.01086,2045.237,2424.414,0.69313,1.19064,50.1005,48.1391,5391.010874,4591.572546,6190.449203,86744.43907,4.519535,13.97931,0.148291,135.22498,-207.2835,1.76036697,0.0,No,No,Terrestrial-like,ML-Host-3349,0.829747,0.878472,4757.833,0.35627641
0.007743,1978.954,1908.205,0.52787,1.02207,121.9369,127.9302,11967.82966,9523.475355,14412.18396,306095.9001,2.843302,2.3657,0.204244,120.73445,-230.8687,0.00098296,0.0,No,No,Terrestrial-like,ML-Host-3355,0.729037,0.818212,5043.505,0.39026177
2.157341,9725.9,4478.48,6.0887,7.69533,13893.9717,14847.933,55.130906,52.853181,57.408631,79.555568,50.395264,0.77281,0.041315,176.54447,185.1029,0.00022597,0.0,No,No,Terrestrial-like,ML-Host-3356,1.055025,1.040196,5910.431,1.18960182
2701.410913,128610.61,2425.279,43.60163,74.88413,17.5799,18.6747,1267.72444,1047.315932,1488.132948,7121.03844,12.946331,2.77806,0.173862,30.81165,-106.9397,0.00222988,16.0,Yes,Yes,Gas-giant-like,ML-Host-3358,1.601056,1.288819,6662.966,2.94950303
42.0084,35941.376,1728.039,8.68185,17.66459,19.0836,21.0731,7689.636088,6482.126108,8897.146067,170336.8764,3.282935,1.00436,0.157031,118.51111,-177.5145,61.5574747,3.0,No,Yes,Super-Earth-like,ML-Host-3360,0.62448,0.683358,4856.476,0.23403254
0.018313,2556.519,2093.268,0.74806,1.38291,81.7074,89.8672,4260.330404,3818.939545,4701.721264,71499.83656,4.333147,2.52502,0.103605,131.34107,-240.0385,0.0293159,0.0,No,No,Terrestrial-like,ML-Host-3362,0.602751,0.622848,4018.811,0.09116929
493.682275,113426.593,646.107,10.24433,34.08782,23.7426,21.6511,1959.328249,1308.280477,2610.376022,28220.72978,5.048986,1.15592,0.332281,47.04642,-213.5124,0.0,5.0,Yes,Yes,Gas-giant-like,ML-Host-3363,0.37636,0.508147,3649.62,0.04127278
0.286892,4761.191,5076.599,3.37872,4.01083,32.4724,38.6261,5813.952194,4823.613413,6804.290976,71239.12148,5.934964,1.36407,0.170338,17.20958,-160.8693,4.13995413,1.0,No,No,Terrestrial-like,ML-Host-3364,1.543106,1.625536,6361.044,3.89764
0.0788,4562.655,1584.428,1.01054,2.14727,181.1501,182.8818,5647.914995,5436.161227,5859.668762,75610.888,5.432115,7.46182,0.037492,134.4431,-216.2181,0.01202527,0.0,No,No,Terrestrial-like,ML-Host-3371,1.255782,1.015554,6231.7,1.40128663
8545.328966,226673.539,1401.289,44.40101,100.32215,6.0387,6.2007,2257.12932,2102.452308,2411.806331,20567.22837,7.980789,2.75782,0.068528,179.04643,-204.8566,0.00031461,16.0,No,Yes,Gas-giant-like,ML-Host-3372,1.083269,0.976526,6326.554,1.37635658
161.012381,74766.43,735.768,7.68974,23.97779,12.2074,11.3403,864.889897,829.09349,900.686305,6351.701182,9.902297,9.813,0.041388,36.89606,-191.8113,0.0,3.0,Yes,No,Neptune-like,ML-Host-3377,0.639029,0.742504,4350.778,0.17797554
664.197826,126758.898,622.821,11.03586,37.40179,-15.294,14.7554,1051.200472,665.785574,1436.615369,12875.27536,5.937371,8.20242,0.366643,38.97692,-229.413,0.00499182,6.0,Yes,Yes,Gas-giant-like,ML-Host-3378,0.27923,0.333758,3204.055,0.01057686
2.545661,12345.554,2583.867,4.45908,7.41955,31.1342,32.5312,171.295293,161.688625,180.901961,339.6215,36.678826,8.95484,0.056082,18.99113,181.3203,5.99877852,1.0,No,No,Terrestrial-like,ML-Host-3381,1.736459,1.511647,7863.506,7.871556
60.32944,43760.791,1374.913,8.41056,19.1847,19.6276,21.4319,5614.871142,5495.529032,5734.213252,93640.63733,4.360543,1.18798,0.021255,69.06073,-150.8422,188.2646616,1.0,No,No,Neptune-like,ML-Host-3382,0.804469,0.774986,5799.03,0.61193274
0.482105,5548.782,5389.519,4.18034,4.8162,35.9962,33.3148,108.41608,88.464439,128.367721,224.129401,35.177101,16.22956,0.184028,65.92366,7.3431,0.0,0.0,No,No,Terrestrial-like,ML-Host-3384,1.010885,0.978337,5519.061,0.8000779
5134.308709,198469.887,1254.294,34.79833,83.10488,13.9291,13.4931,195.915767,162.883495,228.948038,432.865044,32.914105,9.32628,0.168604,156.49208,88.3317,0.0,14.0,No,Yes,Gas-giant-like,ML-Host-3385,1.599269,1.218121,7393.633,3.99491075
274.308188,77810.145,1112.068,12.09573,30.6785,32.6621,31.0392,269.506179,235.765041,303.247317,749.495691,26.149583,3.98039,0.125196,172.01526,35.6383,0.00012107,4.0,No,No,Neptune-like,ML-Host-3387,1.388629,1.496204,6648.857,3.94152558
0.294995,4957.243,4624.824,3.20479,3.98584,1147.136,1088.9902,120.861387,116.424377,125.298396,252.894555,34.754678,3.2015,0.036712,5.96103,73.5771,0.00120965,0.0,No,No,Terrestrial-like,ML-Host-3389,1.100024,0.909973,5931.557,0.92347777
16.094341,18320.765,4998.547,12.80123,15.31432,-15.712,17.0256,110.119546,79.447906,140.791186,264.788061,30.24344,1.57514,0.27853,17.97795,-41.2515,0.02842981,2.0,No,No,Super-Earth-like,ML-Host-3392,0.758953,0.884484,4800.789,0.37439121
2.300894,9268.926,5518.356,7.14996,8.14079,13.2749,14.9241,198.019529,195.436444,200.602614,646.004591,22.291413,3.93357,0.013045,18.89679,-67.3373,0.00326169,0.0,No,No,Terrestrial-like,ML-Host-3394,0.741432,0.835002,5001.133,0.39295549
48.751244,40832.131,1367.669,7.80634,17.85355,17.7773,17.5803,1508.055058,1498.604915,1517.505202,13358.92811,8.209388,7.92109,0.006266,80.44916,-214.7795,0.00826627,2.0,No,Yes,Super-Earth-like,ML-Host-3400,0.76582,0.796215,5452.316,0.50475344
8.65582,14184.252,5792.823,11.48579,12.76391,3361.4315,3808.7745,42.805844,32.34501,53.266679,70.999241,43.844441,18.45261,0.244379,169.45725,88.5981,0.08575629,0.0,No,No,Terrestrial-like,ML-Host-3401,0.620041,0.744913,4357.534,0.18024711
34.789412,26869.827,3424.947,12.86421,18.59191,-3117.7925,2940.7678,96.999149,85.61734,108.380958,140.40006,50.241871,4.13341,0.117339,162.35074,346.0787,0.00120556,1.0,No,No,Super-Earth-like,ML-Host-3403,1.844963,1.691672,8021.587,10.67500303
0.009413,1926.13,2515.83,0.67738,1.14224,108.7475,115.1438,3456.502208,3079.346238,3833.658178,37128.66569,6.770062,4.28963,0.109115,126.31328,-138.3176,150.5727643,0.0,No,No,Terrestrial-like,ML-Host-3409,1.193742,1.126184,7230.511,3.1231233
5.186491,11931.237,5832.014,9.72676,10.77276,40.6879,42.0217,101.415343,86.208636,116.62205,286.912553,25.7051,1.57336,0.149945,43.27128,11.4909,14.17053646,0.0,No,Yes,Terrestrial-like,ML-Host-3420,0.504929,0.696941,4076.885,0.12089273
???,60221.781,1046.754,8.81176,23.03605,11.0219,11.0541,7634.801468,5453.884485,9815.71845,128819.8624,4.310028,5.42172,0.285655,24.78425,-205.4354,4.40017452,2.0,Yes,No,Neptune-like,ML-Host-3424,1.068676,1.049379,5713.401,1.05715414
1902.177354,159735.801,891.345,19.90271,56.38417,-9.7043,10.1966,8598.671438,7788.895689,9408.447187,165380.7956,3.781042,0.35178,0.094175,36.83822,-259.1171,1.35e-05,14.0,Yes,Yes,Gas-giant-like,ML-Host-3427,0.92628,0.949536,5450.273,0.71678774
818.492302,126370.828,774.596,13.68317,41.58309,35.5396,31.8603,3471.067312,2617.020058,4325.114567,36410.75562,6.932638,9.69626,0.246047,24.55308,-202.0682,0.00049474,4.0,No,Yes,Gas-giant-like,ML-Host-3431,1.257037,1.084035,6890.283,2.38632619
4341.75995,192041.626,1170.796,31.42974,77.69053,9.2955,8.5333,240.283101,214.212654,266.353548,821.125799,21.280347,3.22904,0.108499,7.12344,-48.3598,49.87915251,17.0,Yes,No,Gas-giant-like,ML-Host-3433,0.819915,0.752163,4923.362,0.29947842
7.354813,13342.618,5913.572,11.02949,12.13104,36.4012,37.4513,227.207889,170.384714,284.031063,1039.982685,15.887753,3.3169,0.250093,31.78431,-108.0689,28.81565934,0.0,No,Yes,Terrestrial-like,ML-Host-3441,0.432152,0.504431,3628.06,0.03971882
958.218022,122024.442,1007.222,17.18052,45.78694,9.7484,9.9291,331.317325,324.369765,338.264885,769.98505,31.291547,6.3961,0.02097,13.88268,182.4627,0.00651194,10.0,No,No,Gas-giant-like,ML-Host-3442,2.444479,2.07265,9828.103,36.10981377
0.150316,3837.656,5079.351,2.72483,3.23372,510.0177,452.3792,127.122649,110.058734,144.186563,279.232399,33.107189,18.04116,0.134232,162.53653,96.0594,3.39e-05,0.0,No,No,Terrestrial-like,ML-Host-3449,1.049919,1.11779,6207.709,1.67163309
15.189984,18444.149,4623.627,11.92081,14.82799,6227.8844,6069.1105,56.388565,30.403025,82.374104,75.131995,54.579719,6.56991,0.46083,149.90821,305.9346,32.02044389,0.0,No,No,Super-Earth-like,ML-Host-3451,1.265732,1.249131,6344.746,2.27807205
0.027777,2887.642,2203.199,0.88933,1.60252,200.2863,234.8652,11967.82966,4906.374436,19029.28488,317149.1325,2.744208,5.58586,0.590036,128.96866,-243.4168,0.12108132,0.0,No,No,Terrestrial-like,ML-Host-3456,0.679106,0.750332,4641.354,0.23538571
1.086661,5926.141,9971.941,8.26068,6.99671,750.873,746.7336,48.498808,37.368031,59.629585,109.897581,32.092837,11.64766,0.229506,12.32334,-40.7923,0.00022875,0.0,No,No,Terrestrial-like,ML-Host-3457,0.376388,0.486161,3804.825,0.04462654
1237.324251,150681.286,690.728,14.54891,46.82146,4.651,4.5966,695.778616,531.260017,860.297215,4855.764037,10.420263,12.05902,0.236453,19.41697,-200.1031,0.0,9.0,Yes,Yes,Gas-giant-like,ML-Host-3460,0.569268,0.626184,4572.874,0.15447398
55.023669,43977.295,1235.564,7.59553,18.27651,22.029,22.8829,271.390074,240.517098,302.263049,938.012929,21.040222,1.5054,0.113759,64.79286,-23.4743,13.35902567,2.0,No,Yes,Super-Earth-like,ML-Host-3461,0.90528,1.07163,5584.87,1.00655327
45.279714,39073.32,1449.653,7.91788,17.58914,54.5669,57.884,3328.726208,1828.687347,4828.765068,47957.5098,5.04762,8.29878,0.450634,117.34045,-233.8567,1.86841575,1.0,No,Yes,Super-Earth-like,ML-Host-3462,0.639057,0.771117,4769.274,0.27716887
419.583879,72691.136,2086.295,21.1993,39.25559,14.6437,14.6148,678.420459,634.479219,722.361698,2898.558929,17.020879,2.43302,0.06477,27.81051,-65.5401,8.94348934,3.0,Yes,Yes,Gas-giant-like,ML-Host-3463,1.480986,1.278033,6781.012,3.11140772
73.062048,43792.816,1661.44,10.17072,21.10461,7.336,7.5357,2778.714605,1408.530554,4148.898657,27521.14319,7.342478,8.18663,0.4931,105.39666,-184.9189,4.13818485,3.0,No,Yes,Neptune-like,ML-Host-3466,1.128801,1.238265,6594.448,2.61237821
119.833937,54559.672,1409.178,10.74737,24.21514,18.907,20.8657,2802.876538,2660.544491,2945.208585,32519.30451,6.267984,6.5535,0.050781,66.23478,-219.3305,0.0,1.0,No,No,Neptune-like,ML-Host-3467,0.829751,0.942567,5426.195,0.69390597
0.102506,3007.003,7200.261,3.02654,3.01676,2193.4889,1943.7122,13.648524,5.536886,21.760163,8.91003,111.396539,5.06342,0.594323,154.40165,803.9989,0.00105222,0.0,No,No,Terrestrial-like,ML-Host-3483,1.276196,1.106775,6352.569,1.79726041
0.614819,5956.97,5554.851,4.62554,5.24921,2313.0521,2386.2644,56.335858,37.993298,74.678419,112.086772,36.550703,3.72743,0.325593,33.23759,16.8708,0.00382529,0.0,No,No,Terrestrial-like,ML-Host-3484,0.567106,0.605828,4768.571,0.1709804
4.880697,12946.694,4295.429,7.77374,10.03216,12655.5927,12253.9457,64.80634,49.977018,79.635662,134.091663,35.146404,5.19147,0.228825,24.83354,-24.2374,0.00325149,1.0,No,No,Terrestrial-like,ML-Host-3485,0.603208,0.668624,4640.66,0.18680049
19.868726,18595.998,5900.828,15.33899,16.88916,21.0392,20.7125,195.177406,147.241586,243.113226,665.56375,21.325787,11.38063,0.245601,58.00691,-107.8071,0.03202502,2.0,No,Yes,Super-Earth-like,ML-Host-3489,0.668849,0.762541,4849.46,0.28973073
1931.223696,128153.565,1752.435,31.3933,63.42841,15.7415,16.7313,2637.994676,2269.755088,3006.234264,33576.41594,5.713533,1.56368,0.139591,11.10088,-258.5974,0.0,10.0,Yes,###,Gas-giant-like,ML-Host-3491,0.648891,0.702025,4898.633,0.25568179
96.932235,47066.143,1775.594,11.68199,23.44837,12.5729,11.8012,11967.82966,11737.167,12198.49231,245110.8784,3.550733,0.74314,0.019274,105.76652,-250.0076,0.00021981,3.0,No,No,Neptune-like,ML-Host-3492,1.136945,1.132978,5853.808,1.35797426
2.694899,8944.667,7192.026,8.99249,8.96854,10.0037,9.2749,152.470515,142.714056,162.226974,327.571067,33.848974,2.32565,0.063989,32.14069,52.648,0.00012093,0.0,No,Yes,Terrestrial-like,ML-Host-3498,1.316331,1.309024,6257.273,2.36663089
0.022246,2744.745,2054.708,0.78835,1.47099,134.5073,116.1219,11967.82966,10898.23268,13037.42663,325437.1939,2.67432,8.99312,0.089373,119.6889,-263.5412,0.0,0.0,No,No,Terrestrial-like,ML-Host-3500,0.644956,0.626963,5012.6,0.2235788
1440.933526,156269.966,721.139,15.75283,49.61547,21.1027,19.5152,2394.495864,1708.345457,3080.64627,25476.61152,6.834986,1.60748,0.286553,163.5415,-224.3526,5.59e-05,10.0,No,No,Gas-giant-like,ML-Host-3501,0.842903,0.966297,4675.177,0.40189064
9.404458,13578.325,7174.58,13.6178,13.59805,21.7298,19.4649,112.178984,72.96194,151.396027,280.930581,29.038733,10.90262,0.349593,2.97295,-5.4026,9.43730485,2.0,No,No,Terrestrial-like,ML-Host-3504,0.712779,0.820594,5085.748,0.40585479
6.303397,14307.857,4110.098,8.22037,10.84508,7806.8346,9342.3827,131.192667,89.484412,172.900922,398.183863,23.960235,9.15657,0.317916,166.57979,-5.1771,66.61030212,0.0,No,No,Terrestrial-like,ML-Host-3512,0.567518,0.658449,4655.526,0.18349043
0.149651,3968.032,4574.624,2.53744,3.17311,1653.9856,1454.0085,144.830776,135.115049,154.546502,301.693414,34.910832,0.57036,0.067083,148.84583,149.6271,0.0015192,0.0,No,No,Terrestrial-like,ML-Host-3516,1.330054,1.565496,6879.905,4.94684478
24.821372,20098.197,5839.234,16.40504,18.15797,28.1047,26.5372,2314.169348,2055.151695,2573.187002,19774.35106,8.510559,14.38506,0.111927,40.12178,-163.9637,10.21014507,2.0,No,Yes,Super-Earth-like,ML-Host-3521,1.262989,1.225423,6343.544,2.19076082
134.453776,70046.056,747.177,7.31596,22.63745,11.5709,12.3455,433.686688,288.648291,578.725084,1405.639201,22.437135,0.5686,0.334431,179.76167,-28.055,1.54810781,4.0,Yes,Yes,Neptune-like,ML-Host-3524,1.645126,1.221396,7952.364,5.37517365
0.081763,3875.884,2681.908,1.45304,2.37315,214.3478,209.9809,11422.74502,8951.292305,13894.19773,198080.4769,4.193667,8.94132,0.216362,109.10057,-188.7826,50.79151341,0.0,No,No,Terrestrial-like,ML-Host-3525,1.513724,1.359551,7145.243,4.34064284
3.707071,13746.561,2725.524,5.23731,8.48499,20.4107,20.3547,3637.238835,2637.188057,4637.289613,71434.70367,3.702779,6.17436,0.274948,53.15413,-248.3406,4.18336801,1.0,No,Yes,Terrestrial-like,ML-Host-3536,0.375764,0.454973,3542.783,0.02937954
0.08001,3275.013,4350.146,1.9915,2.55386,14.7733,15.5654,395.354532,384.01825,406.690814,2219.907089,12.951411,9.5388,0.028674,41.62063,-184.4692,0.00346029,0.0,No,No,Terrestrial-like,ML-Host-3537,0.4997,0.571303,4225.527,0.09374581
0.011571,1913.468,3154.414,0.84373,1.27061,116.506,111.4541,11967.82966,10539.66873,13395.99058,245011.3725,3.552175,12.02334,0.119333,144.9551,-213.1595,0.44672364,0.0,No,No,Terrestrial-like,ML-Host-3538,1.137869,1.25235,6219.192,2.11388817
12.82141,18499.339,3867.84,10.00205,13.60262,20814.7137,20007.3039,30.019999,21.768069,38.271928,31.517745,69.266095,7.6646,0.274881,12.20947,412.1311,0.0,0.0,No,No,Super-Earth-like,ML-Host-3543,1.085276,1.137181,6134.025,1.64943799
51.29653,40142.613,1514.511,8.4985,18.4703,30.4826,32.0713,1390.833508,1345.635027,1436.031988,13187.28847,7.669814,5.26517,0.032497,96.24641,-188.407,0.00727021,1.0,No,Yes,Super-Earth-like,ML-Host-3546,0.6165,0.610729,4210.03,0.10556821
0.007836,1954.089,2005.67,0.54786,1.03468,173.9372,192.4832,1929.65655,1921.02303,1938.29007,19899.68229,7.051785,11.00034,0.004474,119.59321,-206.0364,9.51e-05,0.0,No,No,Terrestrial-like,ML-Host-3549,0.723047,0.828611,5228.329,0.46221923
0.092336,3843.826,3105.149,1.66844,2.53243,914.8922,1011.3466,59.666481,--,73.22141,114.506816,37.89346,5.33664,0.227178,164.11864,50.1953,0.00473084,0.0,No,No,Terrestrial-like,ML-Host-3554,0.645576,0.763316,4785.534,0.2753121
1.97797,12663.228,1860.321,3.29304,6.45759,39.7098,37.6308,119.189201,110.030611,128.34779,309.06336,28.044943,4.61012,0.076841,19.98795,17.784,0.00069971,2.0,No,No,Terrestrial-like,ML-Host-3555,0.706373,0.780897,5293.928,0.4315133
64.017312,43797.459,1455.298,8.90975,19.75409,-57.792,58.7357,325.954192,236.188029,415.720355,1025.665147,23.110862,0.4449,0.275395,62.26721,-10.338,0.00019171,0.0,Yes,Yes,Neptune-like,ML-Host-3556,1.311828,1.237269,7057.735,3.42203442
31.026685,39653.097,950.398,5.26801,14.45313,5.9689,6.1221,1439.12872,1073.00277,1805.254669,13070.07119,8.007314,11.35366,0.254408,81.53804,-244.3865,0.00347922,2.0,No,Yes,Super-Earth-like,ML-Host-3558,0.695283,0.787588,4785.247,0.29302873
100.423204,54705.083,1171.527,8.95869,22.13788,18.8731,17.6693,1932.172411,1537.946506,2326.398316,21009.5783,6.687961,1.62735,0.204032,79.05196,-223.784,0.00049996,0.0,No,Yes,Neptune-like,ML-Host-3559,0.651211,0.738604,4919.251,0.2878156
4.745141,11949.885,5310.791,8.8713,10.29617,3492.5544,4234.2444,410.592281,317.757055,503.427507,1800.850559,16.580525,0.67492,0.226101,157.96894,-125.2013,0.00287585,0.0,No,No,Terrestrial-like,ML-Host-3561,0.850541,0.893826,5476.274,0.64735393
1549.66439,121447.092,1652.257,28.04976,58.36576,11.9092,11.9672,2164.301432,1482.115641,2846.487222,18946.85104,8.307032,6.57596,0.315199,7.12683,-126.8327,22.23424175,8.0,Yes,Yes,Gas-giant-like,ML-Host-3564,1.125376,1.157353,6742.319,2.49380954
0.023385,2766.127,2110.193,0.81594,1.50233,-100.8819,108.9613,6769.526647,6082.556542,7456.496753,118922.2372,4.139619,5.35513,0.10148,106.94158,-209.2762,0.12188254,0.0,No,No,Terrestrial-like,ML-Host-3576,0.874112,0.790174,5711.849,0.59875231
364.03865,82658.674,1231.072,14.22448,34.2896,19.7341,20.7631,4824.248175,4004.050709,5644.445641,65018.77914,5.395802,9.98099,0.170016,115.56962,-173.3008,0.51651177,5.0,No,Yes,Gas-giant-like,ML-Host-3578,1.058351,1.224888,6193.665,1.98919997
0.00482,1622.226,2156.532,0.48903,0.89068,157.2676,153.4531,11967.82966,9353.052128,14582.60718,199748.2142,4.357101,13.49307,0.218484,105.76712,-223.6135,7.45e-05,0.0,No,No,Terrestrial-like,ML-Host-3579,1.711981,1.672935,8010.667,10.38311445
21.805731,30570.833,1457.64,6.22905,13.79954,68.0754,70.0353,4063.019272,3248.612665,4877.42588,60564.79168,4.878584,4.35719,0.200444,168.4438,-195.8897,0.0,1.0,No,Yes,Super-Earth-like,ML-Host-3582,0.72866,0.794473,5142.815,0.39779264
8.780418,15130.935,4840.824,10.23881,12.4468,-33.3891,31.2607,94.346703,43.249826,145.44358,259.094345,26.480975,10.9004,0.541586,17.85959,-51.9677,0.0,2.0,No,Yes,Terrestrial-like,ML-Host-3583,0.49852,0.647652,4365.518,0.13725297
0.025935,2484.306,3230.555,1.12188,1.66946,228.95,249.9443,11967.82966,9566.813465,14368.84585,272696.9945,3.19154,4.5268,0.200623,122.36649,-203.1665,0.30744933,0.0,No,No,Terrestrial-like,ML-Host-3592,0.918552,1.065995,4876.831,0.5791028
1273.480731,124089.905,1272.871,22.07929,52.34327,18.1351,18.2662,632.314684,497.57087,767.058498,2412.913512,19.057095,6.08787,0.213096,164.96906,-78.9854,7.86e-05,6.0,No,Yes,Gas-giant-like,ML-Host-3594,1.730353,1.425501,7068.954,4.57141455
12.213358,16312.295,5373.921,12.2538,14.13816,12.7143,12.8776,50.017174,37.369282,62.665066,78.477033,46.349148,6.4918,0.252871,28.19448,181.85,5.56576184,0.0,No,No,Super-Earth-like,ML-Host-3596,0.809638,0.936041,5085.579,0.52801466
0.01827,2397.675,2531.458,0.84845,1.42629,309.936,307.7714,2605.98394,2396.147647,2815.820234,33550.10713,5.648628,5.12629,0.080521,124.08727,-244.2894,0.00335823,0.0,No,No,Terrestrial-like,ML-Host-3598,0.626536,0.666727,5043.974,0.25922783
3.741379,12328.543,3813.273,6.57164,9.00104,7482.2254,7143.5064,1303.007115,1000.579171,1605.435059,13058.18086,7.256535,4.44844,0.2321,41.83825,-170.8832,16.26124822,2.0,No,No,Terrestrial-like,ML-Host-3600,0.517004,0.595186,4443.933,0.12447148
86.130082,55947.365,939.328,7.34618,20.27311,8.1888,7.6885,1766.815123,1445.210634,2088.419613,18200.74889,7.059388,10.12137,0.182025,--,-221.8262,5.3e-05,2.0,No,Yes,Neptune-like,ML-Host-3610,0.663458,0.71851,4494.972,0.18987527
0.224489,5869.724,2120.036,1.7395,3.19537,113.0396,110.2211,6396.68099,4999.164933,7794.197048,90127.8904,5.161319,0.52316,0.218475,128.5696,-237.6188,0.00020016,0.0,No,No,Terrestrial-like,ML-Host-3611,1.283997,1.489786,6495.49,3.55950793
0.128057,4049.083,3684.119,2.08523,2.90573,1829.2118,1784.0197,99.854181,62.765191,136.943171,181.823561,39.937536,2.13196,0.371432,7.69387,135.0008,0.40796141,1.0,No,No,Terrestrial-like,ML-Host-3612,1.200099,1.198552,5963.998,1.63741247
330.140062,71641.19,1714.791,17.17269,35.07523,37.8285,36.0537,7022.513357,4064.219842,9980.806873,194886.5783,2.62045,1.68213,0.421259,55.31423,-247.2737,1.24e-05,3.0,Yes,No,Gas-giant-like,ML-Host-3613,0.363356,0.537569,3770.719,0.05263326
0.585363,6623.951,3846.584,3.56169,4.85721,16.1564,14.9424,196.28097,191.256828,201.305112,601.588991,23.727036,4.96616,0.025597,25.10096,-61.0009,0.00027071,0.0,No,No,Terrestrial-like,ML-Host-3616,0.832632,0.913925,4891.515,0.43081403
168.310506,57081.352,1728.343,13.79077,28.05701,17.9025,19.0313,926.282768,905.790133,946.775403,7220.915628,9.3286,13.81067,0.022124,88.51012,-211.9625,0.00976564,1.0,Yes,Yes,Neptune-like,ML-Host-3617,0.607386,0.556959,5099.953,0.18906258
5.284008,13736.288,3893.648,7.47636,10.13398,18.3612,16.4953,180.183126,135.550981,224.815271,716.800155,18.280211,1.93883,0.247704,55.07436,-80.3298,3.73987766,0.0,No,Yes,Terrestrial-like,ML-Host-3619,0.453696,0.645221,3945.632,0.09090286
1.233393,6603.68,8179.837,7.55084,7.0614,7.8694,8.2981,39.459459,16.572877,62.346042,60.351769,47.547348,11.55564,0.580002,17.29448,117.1299,1.96674962,0.0,No,No,Terrestrial-like,ML-Host-3621,0.67219,0.750346,4713.788,0.25043671
81.930302,49463.457,1292.982,8.94008,21.02872,37.6423,40.2588,2735.314932,2264.478625,3206.151239,30280.03987,6.569254,2.71111,0.172132,93.62057,-202.5927,1.97e-05,4.0,No,Yes,Neptune-like,ML-Host-3622,0.889462,0.789016,5361.552,0.46347717
1063.528243,133091.836,861.581,16.0292,46.18827,4.5207,5.7907,3033.796751,2611.308167,3456.285335,30457.7085,7.2436,1.07446,0.139261,42.5839,-193.0047,1.624455,8.0,Yes,Yes,Gas-giant-like,ML-Host-3632,1.199454,1.037432,6704.023,1.95864482
3.543367,11458.408,4498.261,7.20499,9.08613,2917.7113,2771.2927,118.487821,105.632205,131.343437,269.952114,31.919212,9.82921,0.108497,177.85986,59.2566,239.0461391,0.0,No,No,Terrestrial-like,ML-Host-3634,0.909633,0.917866,5205.26,0.55721494
162.000378,78689.623,634.987,6.98468,23.44402,17.2445,15.0447,10017.96508,6781.797225,13254.13294,207934.3321,3.503632,1.79699,0.323036,164.66808,-198.2949,1.61122989,2.0,Yes,No,Neptune-like,ML-Host-3639,0.926626,1.043677,5110.591,0.6694399
105.098254,56438.559,1116.527,8.80865,22.29681,17.4692,16.8123,1548.249137,616.075281,2480.422992,12882.53533,8.739864,5.58522,0.602083,97.31648,-197.8349,0.02087182,2.0,No,Yes,Neptune-like,ML-Host-3640,0.891124,1.003004,5557.737,0.86475249
657.200357,120471.967,717.862,12.08903,38.16267,???,6.5229,1219.095696,1090.103351,1348.088042,9781.514097,9.06352,0.06234,0.10581,41.63289,-147.4724,18.8720275,8.0,Yes,No,Gas-giant-like,ML-Host-3641,0.754605,0.889273,5421.125,0.6153502
32.261145,34662.781,1479.418,7.16834,15.76308,9.5569,8.5598,2278.717819,1829.696137,2727.739502,21291.39204,7.783083,11.63109,0.19705,131.53979,-192.2026,0.0,1.0,No,Yes,Super-Earth-like,ML-Host-3647,1.040117,1.108467,5615.726,1.10094068
252.035073,84262.829,804.552,9.47665,28.25825,18.4617,17.4309,1231.624935,1116.878683,1346.371187,10859.38585,8.247805,2.41736,0.093167,11.98548,-190.535,0.0131697,2.0,Yes,No,Neptune-like,ML-Host-3650,0.631311,0.706129,4410.309,0.16995678
108.888558,53419.925,1364.187,10.18689,23.32772,8.5988,10.0651,8083.22267,7690.564735,8475.880605,205908.2043,2.854802,0.69924,0.048577,56.98063,-250.1117,0.00010994,6.0,No,No,Neptune-like,ML-Host-3652,0.496392,0.612871,4184.021,0.1037071
0.030828,3282.047,1665.383,0.76405,1.58356,103.9403,99.1584,11967.82966,9737.407066,14198.25225,358059.1303,2.430669,4.16413,0.186368,166.20918,-197.5544,30.06090944,0.0,No,No,Terrestrial-like,ML-Host-3653,0.532789,0.558048,4355.13,0.10093509
1694.971998,130776.283,1447.361,26.45881,58.82333,17.2403,17.102,832.769151,657.968252,1007.57005,4809.779322,12.591128,4.80329,0.209903,14.17027,-52.0106,216.4121138,16.0,Yes,Yes,Gas-giant-like,ML-Host-3658,0.994814,0.940936,5928.212,0.9851676
6618.719646,241627.685,896.056,30.26539,85.51583,22.4633,21.8358,1244.863858,1160.339554,1329.388161,10001.20616,9.051794,8.8285,0.067898,169.35756,-153.616,82.90608075,17.0,Yes,Yes,Gas-giant-like,ML-Host-3660,0.768563,0.724873,5088.372,0.31734672
0.019401,2465.718,2471.64,0.85191,1.44933,86.4622,86.9826,2532.124537,2245.168941,2819.080132,28950.30091,6.360586,9.33942,0.113326,124.93851,-205.8599,0.00049494,0.0,No,No,Terrestrial-like,ML-Host-3661,0.771911,0.837299,5032.35,0.40507872
152.139504,67524.54,943.753,8.90809,24.52579,-14.0356,14.1051,2322.2143,2223.978433,2420.450167,23771.6721,7.104078,0.93581,0.042303,80.99316,-142.5138,164.690362,3.0,No,No,Neptune-like,ML-Host-3663,0.883092,0.850703,5040.541,0.42088067
307.573769,78946.315,1193.865,13.17502,32.25088,15.5928,15.0919,772.790714,482.872237,1062.709191,4283.498867,13.119836,2.81587,0.375158,8.04779,-157.9513,0.02639051,2.0,No,Yes,Gas-giant-like,ML-Host-3665,1.002321,0.913086,5760.878,0.82731831
3.352494,11507.843,4201.339,6.75843,8.81901,36.007,35.797,128.700426,94.470808,162.930043,331.224892,28.256749,5.44939,0.265964,17.6371,-50.5218,0.00961767,0.0,No,Yes,Terrestrial-like,ML-Host-3668,0.774306,0.82481,4862.547,0.34265599
12.553976,18919.252,3540.551,9.36352,13.3098,28.7881,30.9809,591.329795,305.367377,877.292214,2367.137021,18.166512,12.06109,0.483592,7.11855,-78.0417,0.00019376,1.0,No,Yes,Super-Earth-like,ML-Host-3669,1.470486,1.618942,6169.747,3.42158053
0.13569,4128.934,3681.581,2.12489,2.96201,27.6891,27.29,6782.598871,5514.393517,8050.804224,155013.6832,3.181935,6.42995,0.186979,57.07292,-265.825,0.0,0.0,No,No,Terrestrial-like,ML-Host-3672,0.517448,0.580883,4128.442,0.08831128
2.097834,8682.985,6120.197,7.42846,8.03126,3963.9614,4157.82,448.804482,386.314474,511.29449,2133.566407,15.29735,12.3578,0.139237,27.68277,-172.945,0.00022547,0.0,No,No,Terrestrial-like,ML-Host-3673,0.791367,0.761426,5031.663,0.33480851
20.601893,33957.6,1004.841,4.76979,12.72676,32.7142,29.8016,644.953731,447.64347,842.263993,4063.178656,11.543242,8.4893,0.305929,70.20565,-144.1708,5.07922491,1.0,No,No,Super-Earth-like,ML-Host-3674,0.647549,0.690002,4683.945,0.20646307
1.39112,8637.862,4122.371,4.97757,6.5571,6184.4191,7595.0396,866.712403,857.876249,875.548557,4797.606466,13.137586,0.94986,0.010195,173.92495,-95.3453,0.770883,0.0,No,No,Terrestrial-like,ML-Host-3678,1.127183,1.304042,6497.464,2.73057112
0.021715,2878.311,1739.232,0.69978,1.41922,319.6037,280.8889,2570.763674,1809.67666,3331.850689,29261.50266,6.388968,11.42956,0.296055,139.83643,-243.2332,0.03707423,0.0,No,No,Terrestrial-like,ML-Host-3682,0.7907,0.804067,5519.138,0.54046091
2328.191434,184392.833,709.231,18.28085,58.05908,3.6794,4.027,869.026115,452.197556,1285.854674,6562.850799,9.629538,6.79169,0.47965,21.29411,-207.1354,0.04994378,11.0,Yes,Yes,Gas-giant-like,ML-Host-3684,0.6072,0.670458,4644.902,0.18851434
12.824729,18282.669,4008.028,10.24318,13.68476,24.4621,26.9607,75.997486,46.550114,105.444858,146.770782,37.655186,3.24016,0.387478,22.18912,79.7566,0.05540017,2.0,No,Yes,Super-Earth-like,ML-Host-3685,0.811964,0.863195,5237.783,0.50524497
0.00307,1502.879,1727.151,0.36284,0.73845,67.3234,74.114,4529.435958,3263.577795,???,86660.34595,3.800921,10.66075,0.279474,130.76543,-271.4494,0.00029225,0.0,No,No,Terrestrial-like,ML-Host-3686,0.493072,0.441018,4106.012,0.04980669
11.003465,15329.437,5833.809,12.50094,13.84314,1351.8709,1342.8751,47.23724,45.350287,49.124193,50.870778,67.527599,3.30878,0.039946,157.87454,604.2985,128.2306604,0.0,No,No,Terrestrial-like,ML-Host-3689,1.623063,1.521627,7675.515,7.2400416
367.033583,100199.371,696.807,9.75981,31.27183,14.8131,15.3097,157.500136,123.445631,191.554641,399.19676,28.691886,1.05007,0.216219,27.24797,-0.9392,85.48651799,6.0,Yes,Yes,Gas-giant-like,ML-Host-3690,0.976984,0.97461,4851.488,0.47408552
0.038805,3945.563,1206.594,0.66548,1.6204,108.5013,121.8529,11967.82966,8715.598592,15220.06072,300848.9955,2.892891,3.75707,0.271748,126.01119,-159.7304,225.461118,0.0,No,No,Terrestrial-like,ML-Host-3695,0.754688,0.777891,4684.769,0.26259396
13.206021,14730.439,7890.896,16.24824,15.47074,50.4637,55.6741,836.930902,486.968918,1186.892886,4702.388777,12.943039,2.60034,0.418149,16.71421,-145.9354,0.00122389,1.0,No,Yes,Super-Earth-like,ML-Host-3696,1.056453,1.002049,6309.751,1.43390975
0.309538,5250.465,4084.343,2.99767,3.96726,1268.2833,1283.8315,136.841649,129.85553,143.827767,432.167338,23.026691,1.47231,0.051053,12.33551,-78.1876,1.13e-05,0.0,No,No,Terrestrial-like,ML-Host-3698,0.546726,0.650707,4367.679,0.13882535
120.497989,80076.477,448.194,5.0169,20.04335,30.2348,31.8248,3610.103248,1658.601089,5561.605408,46833.76235,5.605647,8.55315,0.540567,6.78729,-234.355,0.01067042,2.0,Yes,Yes,Neptune-like,ML-Host-3701,0.85479,0.813846,4833.568,0.32572425
668.236873,124216.626,665.875,11.5621,37.89729,19.7595,18.5431,266.505047,252.388949,280.621144,711.280012,27.24771,14.00421,0.052967,12.95411,25.514,0.0,12.0,Yes,Yes,Gas-giant-like,ML-Host-3703,1.490917,1.481459,6331.574,3.17775759
0.76367,7989.556,2859.821,3.19393,5.05155,2363.2132,2306.9614,--,16.632198,35.960777,17.212836,111.099085,6.85098,0.367513,155.40766,1193.4556,0.21660002,0.0,No,No,Terrestrial-like,ML-Host-3705,2.445721,2.268926,8532.874,24.58763306
10.800783,13366.435,8637.934,16.13949,--,13.4661,14.9543,14.577483,9.868991,19.285974,10.985323,96.501685,2.98839,0.322998,178.71557,736.3176,188.1922797,2.0,No,Yes,Terrestrial-like,ML-Host-3706,1.022917,1.02093,5970.357,1.19313162
265.920993,64669.052,1877.866,16.97561,33.13301,10.3577,11.8432,399.967101,328.116771,471.817432,2297.009226,12.662711,1.81656,0.179641,51.23197,-168.2597,2.95268174,4.0,Yes,No,Neptune-like,ML-Host-3707,0.483243,0.532866,4210.357,0.0803909
0.11386,3859.683,3781.952,2.04048,2.80635,1510.3685,1695.0661,28.226183,21.654789,34.797576,43.859467,46.800875,3.0503,0.232812,161.0341,99.2093,0.71230869,0.0,No,No,Terrestrial-like,ML-Host-3716,0.465852,0.55056,4116.222,0.07839703
0.374246,6181.597,3025.913,2.6147,4.02032,853.1332,863.4633,87.873801,63.226362,112.52124,181.280028,35.251259,12.64021,0.280487,7.06462,17.3795,24.65202027,1.0,Yes,No,Terrestrial-like,ML-Host-3722,0.822805,0.71448,5100.386,0.31123372
0.006042,1705.448,2326.255,0.55457,0.97252,163.4446,146.7278,5796.867416,3631.152605,7962.582226,102276.1138,4.121775,6.5756,0.373601,122.83201,-228.6515,4.91e-05,0.0,No,No,Terrestrial-like,ML-Host-3723,0.742079,0.803363,5475.057,0.52248435
0.006467,1770.126,2226.929,0.55103,0.98762,174.825,205.8002,11967.82966,9954.736435,13980.92288,192001.5225,4.532898,4.64996,0.168209,128.00695,-201.4633,0.00494775,0.0,No,No,Terrestrial-like,ML-Host-3728,1.852914,1.985421,8247.575,16.43254822
211.703077,65816.824,1418.136,13.04725,29.30407,36.8788,41.3846,11967.82966,11089.25505,12846.40427,213513.78,4.076192,2.98299,0.073411,11.76333,-197.1474,2.63e-05,5.0,No,No,Neptune-like,ML-Host-3734,1.498349,1.578808,7232.073,6.14333695
0.014553,2536.064,1703.973,0.60407,1.23772,262.872,262.9103,11967.82966,9875.572018,14060.08729,362447.9886,2.401236,11.10595,0.174823,112.80062,-252.5002,0.0,0.0,No,No,Terrestrial-like,ML-Host-3735,0.519964,0.539523,3870.984,0.05888431
7.056619,12162.425,7490.961,12.73568,12.44575,4027.0787,4298.1265,321.588574,239.37441,403.802737,1196.024803,19.553549,18.31238,0.25565,177.24477,-93.5032,0.16768541,1.0,No,No,Terrestrial-like,ML-Host-3737,0.926488,0.86314,6057.279,0.90358148
6.439846,12840.128,5809.902,10.42804,11.5714,11613.6098,12027.1348,68.41265,50.153836,86.671465,115.431217,43.100104,5.60846,0.266892,176.35929,115.8011,2.29e-05,0.0,No,No,Terrestrial-like,ML-Host-3739,0.957593,0.945106,5870.882,0.95602552
0.00841,2090.61,1757.799,0.5137,1.03631,119.7465,123.3903,1038.511204,905.892412,1171.129996,5072.47594,14.888686,6.48689,0.127701,127.86752,-74.8602,0.0,0.0,No,No,Terrestrial-like,ML-Host-3748,1.734651,1.42527,8075.683,7.7840593
54.834845,41980.319,1415.536,8.30674,18.67404,21.3512,21.458,4881.733942,3947.718342,5815.749541,95744.27593,3.707887,2.64942,0.191329,111.72403,-252.0182,0.0001234,0.0,No,Yes,Super-Earth-like,ML-Host-3753,0.505726,0.617873,4114.508,0.09857445
0.005075,1542.22,2642.145,0.5696,0.93725,70.9211,77.3904,11967.82966,9910.817696,14024.84162,319312.9646,2.725612,0.65651,0.171878,110.54711,-266.5815,0.00198712,0.0,No,No,Terrestrial-like,ML-Host-3755,0.669933,0.755136,4478.616,0.20669043
163.749834,58466.849,1564.78,12.78872,27.3444,16.6085,16.0978,3387.594891,1487.436951,5287.752832,34817.67743,7.075495,4.71208,0.560917,3.24458,-236.1636,2.43e-05,2.0,Yes,Yes,Neptune-like,ML-Host-3760,1.277889,1.434414,6608.57,3.53568776
4426.559632,172155.099,1656.945,39.87422,82.85259,20.6048,22.2832,128.651427,109.092751,148.210103,239.811881,39.012977,2.69136,0.152028,7.19414,122.4414,0.0,15.0,No,No,Gas-giant-like,ML-Host-3761,1.475438,1.378798,6682.402,3.41528265
22.022486,18558.55,6580.147,17.07041,17.79893,5160.3814,5233.2112,131.856064,128.559852,135.152275,293.849052,32.631797,7.6212,0.024999,4.3548,83.498,2.5572364,4.0,No,No,Super-Earth-like,ML-Host-3764,1.057962,1.11919,6239.834,1.71078183
0.019028,2618.872,2023.241,0.74067,1.39274,113.1288,118.077,633.240491,589.741143,676.73984,3723.075798,12.368926,9.69369,0.068693,128.60726,-137.8888,186.3075323,0.0,No,No,Terrestrial-like,ML-Host-3767,0.729996,0.741394,5054.188,0.32314615
1.938291,9323.509,4567.537,5.95286,7.44994,14.7164,13.1432,218.377717,166.806779,269.948655,512.339852,30.996693,16.12417,0.236155,7.74215,82.9846,196.1765885,0.0,No,No,Terrestrial-like,ML-Host-3768,1.580983,1.154227,7249.16,3.31457396
0.009961,2157.992,1893.01,0.57104,1.11009,99.0783,102.5632,1449.45562,1389.763508,1509.147732,9526.790615,11.064288,17.29014,0.041182,117.52724,-127.4794,0.03972223,0.0,No,No,Terrestrial-like,ML-Host-3775,1.337026,1.460773,6483.814,3.3976803
0.101223,3538.965,4361.645,2.1577,2.76334,3814.5165,4446.5419,19.04072,18.698628,19.382812,19.543564,70.850804,13.96922,0.017966,21.47322,231.2497,1.34732656,0.0,No,No,Terrestrial-like,UNKNOWN_VALUE,0.720213,0.68938,4544.406,0.18260819
0.750516,7825.86,2990.646,3.27161,5.05996,52.9802,51.692,671.45744,602.922989,739.991891,3579.379724,13.641932,0.42777,0.102068,18.29854,-109.8094,2.78566986,0.0,No,No,Terrestrial-like,ML-Host-3783,0.941583,1.051412,5911.382,1.21617602
67.803697,52370.325,901.569,6.60007,18.59161,14.0693,15.6342,1408.704768,1286.320806,1531.088731,12894.31322,7.944873,1.84373,0.086877,125.56917,-179.9132,6.32202504,2.0,No,Yes,Neptune-like,ML-Host-3785,0.670011,0.75548,4482.461,0.20759008
60.426808,48905.182,986.657,6.74506,18.16227,11.949,11.2933,6173.689123,4600.040092,7747.338155,70589.7619,6.360163,4.06442,0.254896,125.02633,-177.2745,0.0,1.0,No,Yes,Neptune-like,ML-Host-3787,1.881782,1.625947,8418.06,11.96066857
0.001824,1069.346,2848.682,0.42582,0.6748,-274.5133,286.8951,4714.162119,4032.034391,5396.289848,52768.36459,6.496749,3.92086,0.144698,119.49088,-212.9629,0.0,0.0,No,No,Terrestrial-like,ML-Host-3794,1.499287,1.296258,6466.334,2.64673233
57.032061,38709.031,1877.948,10.16156,19.8329,9.7094,9.3617,5289.287894,2542.629543,8035.946244,67436.89281,5.703807,18.41924,0.519287,7.18488,-142.4429,108.1015227,2.0,No,Yes,Super-Earth-like,ML-Host-3795,1.296627,1.030319,6844.334,2.09876246
248.667854,88783.703,678.612,8.42207,27.34488,17.5426,16.0949,1269.524082,542.500255,1996.54791,7294.142616,12.657032,3.02324,0.572674,42.28296,-125.8352,0.0,7.0,Yes,No,Neptune-like,ML-Host-3798,1.532473,1.650942,6194.38,3.61534636
0.013012,2137.201,2545.698,0.76053,1.27491,65.3356,67.1443,2644.334261,1738.206018,3550.462503,41542.49074,4.629019,7.58105,0.342668,102.44053,-244.7584,0.03289355,0.0,No,No,Terrestrial-like,ML-Host-3804,0.426955,0.548706,3834.594,0.05864785
65.428809,42082.384,1676.754,9.86357,20.37357,15.2847,14.6141,3266.478712,1799.325134,4733.632291,42427.29372,5.598861,1.35653,0.449154,51.48338,-214.1841,0.0909711,2.0,No,Yes,Neptune-like,ML-Host-3806,0.771556,0.842369,5103.335,0.43362626
65.88473,36182.934,2656.286,13.43516,22.04821,25.3021,26.2074,9940.249214,9903.625473,9976.872955,262163.6855,2.757337,7.54073,0.003684,38.1283,-282.9621,3.34e-05,2.0,No,No,Neptune-like,ML-Host-3807,0.569463,0.592442,4238.287,0.10203489
2.401949,9396.24,5529.717,7.26309,8.2611,17.272,16.5297,478.582206,263.73653,693.427883,2100.639439,16.568005,0.34547,0.448921,36.56042,-174.2491,0.0142654,0.0,No,Yes,Terrestrial-like,ML-Host-3811,0.989886,0.891111,5138.372,0.49872465
397.213768,67664.428,2448.75,23.16163,39.58811,10.6376,10.9902,5279.285913,4494.888457,6063.683369,100055.8536,3.837054,1.7182,0.14858,10.21165,-277.5857,0.00401726,6.0,No,Yes,Gas-giant-like,ML-Host-3815,0.585678,0.635286,5074.675,0.24113813
1.855386,9125.474,4663.042,5.94825,7.36754,10.4804,9.9216,68.059069,46.175652,89.942487,99.689976,49.647764,12.48969,0.321536,40.11276,203.9372,2e-05,0.0,No,No,Terrestrial-like,ML-Host-3817,1.264077,1.150278,6309.087,1.88871455
0.252947,5201.989,3431.808,2.4955,3.60299,12.9941,13.5056,385.890032,367.398901,404.381164,2008.25561,13.973646,7.87859,0.047918,23.9955,-160.8361,8.79e-05,0.0,No,No,Terrestrial-like,ML-Host-3824,0.567768,0.615017,4524.106,0.14275785
2168.737462,174588.854,778.321,18.99502,57.58748,23.0547,26.499,11967.82966,11460.2488,12475.41051,243880.709,3.568643,--,0.042412,20.57151,-240.2355,2.13e-05,10.0,Yes,Yes,Gas-giant-like,ML-Host-3825,1.148444,0.920875,5828.997,0.88200533
5427.150731,184586.176,1648.07,42.5245,88.59704,8.6042,8.7589,268.475559,259.159555,277.791563,1392.815378,14.017688,8.90726,0.0347,161.78618,-128.4863,2.46146112,20.0,Yes,Yes,Gas-giant-like,ML-Host-3827,0.397508,0.542744,4215.054,0.0837716
34.673156,35033.67,1540.061,7.54202,16.25499,11.5836,12.3411,701.801501,470.067953,933.535048,3778.879472,13.505679,0.11805,0.330198,88.28193,-175.0671,5.58e-05,0.0,No,Yes,Super-Earth-like,ML-Host-3831,0.964573,1.081031,5590.77,1.02862617
1810.026415,199808.046,433.359,12.10388,49.17777,34.6697,33.9942,292.902932,249.720759,336.085104,984.527802,21.6352,1.65583,0.147428,16.47304,-83.3129,0.00017332,14.0,Yes,No,Gas-giant-like,ML-Host-3832,1.033079,0.957379,6270.281,1.27647029
1.746608,9436.467,3969.8,5.23652,7.02952,7.3732,7.0639,279.57672,244.148893,315.004546,1172.909888,17.334109,2.73231,0.12672,36.72044,-146.6769,0.00051535,0.0,No,No,Terrestrial-like,ML-Host-3834,0.632983,0.65245,4459.972,0.15174599
2.846234,10370.036,4874.513,7.06604,8.56008,2465.0634,2480.9247,85.727629,74.032338,97.42292,214.055743,29.124542,7.37983,0.136424,169.66846,-74.0433,0.0007597,0.0,No,No,Terrestrial-like,ML-Host-3835,0.547933,0.605813,3844.277,0.07221565
8.334846,15469.779,4299.784,9.29812,11.99332,28.607,28.7059,29.723544,21.91037,37.536718,24.31844,88.885324,5.82502,0.262861,6.40303,720.1069,8.65115514,1.0,No,No,Terrestrial-like,ML-Host-3839,1.769493,1.610225,7102.097,5.94311379
39.99158,36520.011,1568.113,8.00521,17.09825,14.2844,13.0926,11967.82966,11369.8138,12565.84552,247993.9132,3.509454,3.48149,0.049969,66.80091,-255.7319,0.0,2.0,No,Yes,Super-Earth-like,ML-Host-3841,1.110664,1.119075,5305.747,0.8941272
1.227604,8301.377,4098.354,4.7558,6.28329,6676.2416,7292.1271,204.937924,138.680387,271.19546,1041.309179,14.312247,9.22633,0.323305,16.19873,-193.9709,0.0,0.0,No,No,Terrestrial-like,ML-Host-3851,0.31632,0.43986,3428.49,0.02408436
1474.450224,128918.826,1314.264,23.68444,55.25731,5.2095,5.2403,369.985972,323.000792,416.971151,1539.510207,17.477039,7.3647,0.126992,173.56319,-137.2757,0.0,7.0,Yes,Yes,Gas-giant-like,ML-Host-3856,0.851548,0.704275,5171.3,0.31957886
60.628908,46990.126,1115.993,7.33048,18.55963,7.6073,7.2841,1217.135052,1106.638308,1327.631796,8251.9862,10.726189,5.33987,0.090784,69.20573,-158.4732,0.16479351,1.0,No,Yes,Neptune-like,ML-Host-3861,1.055159,0.956974,5726.009,0.88695721
262.960895,87053.563,761.26,9.26369,28.39783,9.2868,9.7644,1320.173387,930.251519,1710.095255,10890.23085,8.815746,10.40013,0.295357,29.81188,-196.9942,0.52124448,6.0,No,No,Neptune-like,ML-Host-3868,0.773103,0.756421,4731.643,0.25838606
265.815762,93083.633,629.451,8.1903,27.61128,4.7323,4.8338,1317.819327,944.743148,1690.895507,9699.573212,9.880261,5.44991,0.283101,18.72626,-155.2768,0.00101991,3.0,No,No,Neptune-like,ML-Host-3869,0.969351,0.886343,5974.278,0.90165427
114.8784,49573.137,1800.945,12.47991,24.87304,7.7132,error,8647.449863,8304.201437,8990.698289,165910.0587,3.79036,7.03451,0.039694,41.28445,-262.6832,0.20976494,2.0,No,Yes,Neptune-like,ML-Host-3879,0.936132,1.016785,5674.996,0.96608487
0.012699,1906.18,3501.726,0.93306,1.33364,197.0503,201.0908,6066.719173,3290.003148,8843.435198,99169.79091,4.448767,3.16884,0.457696,124.28644,-268.3587,0.0,0.0,No,No,Terrestrial-like,ML-Host-3880,0.904735,0.771374,6067.603,0.726597
0.011022,2291.943,1748.435,0.56017,1.13308,133.5762,142.3806,2875.699626,2824.801272,2926.59798,37315.6964,5.604245,9.22804,0.017699,117.20341,-258.1123,2.83e-05,0.0,No,No,Terrestrial-like,ML-Host-3886,0.680559,0.945405,4630.39,0.37016953
1289.937263,171062.356,492.16,11.76862,44.86833,7.9323,7.6484,2248.447171,2146.232626,2350.661716,24785.1022,6.597162,0.37052,0.04546,170.90554,-205.494,1.82e-05,8.0,12345,No,Gas-giant-like,ML-Host-3887,0.737369,0.817238,4482.892,0.2430108
8151.290112,239083.109,1139.15,38.071,95.4051,10.2055,9.8792,739.49223,345.443162,1133.541297,4072.915804,13.20363,6.19552,0.532864,171.11187,-116.1973,1.59690666,11.0,No,Yes,Gas-giant-like,ML-Host-3889,0.971423,1.086877,5350.137,0.87199679
55.595848,43874.995,1257.166,7.71035,18.3927,26.4483,28.1763,4535.024092,4169.909466,4900.138717,53239.94913,6.194513,10.75314,0.08051,95.27797,-185.3934,19.91876264,2.0,Yes,Yes,Super-Earth-like,ML-Host-3892,1.311239,abc,6386.63,2.20049268
1055.688733,132047.799,875.677,16.16364,46.19928,9.4001,10.3541,198.49944,179.062465,217.936416,481.731041,29.965383,7.53986,0.09792,157.46701,43.3897,16.88998185,7.0,No,Yes,Gas-giant-like,ML-Host-3895,1.343034,1.150074,6458.731,2.07364946
2525.350736,179336.82,836.209,20.96276,61.31391,11.6338,11.4006,317.948656,272.465189,363.432124,1048.219243,22.058199,1.15013,0.143053,33.06383,-37.9669,5.63e-05,12.0,Yes,Yes,Gas-giant-like,ML-Host-3896,1.165696,1.258888,6094.62,1.96995132
3.696342,10481.229,6131.077,8.98283,9.70315,3042.7653,2948.3329,16.562424,10.473484,22.651364,19.227192,62.643094,3.26243,0.367636,25.2445,197.086,0.0,3.0,No,No,Terrestrial-like,ML-Host-3900,0.489732,0.606673,4026.392,0.08715029
0.009231,2087.26,1938.818,0.56569,1.08662,61.1897,55.7907,3050.29544,2854.09913,3246.491749,36911.8369,6.009543,8.319,0.06432,5.85763,-251.9889,0.07166387,0.0,No,No,Terrestrial-like,ML-Host-3901,0.830066,0.83527,5530.234,0.58792574
84.723312,54231.571,1014.49,7.69067,20.42247,26.4347,30.8459,1031.62438,886.903816,1176.344944,8258.783343,9.083866,12.56904,0.140284,125.49042,-197.865,2.0054992,5.0,No,Yes,Neptune-like,ML-Host-3904,0.641433,0.679277,4571.126,0.18150215
344.144583,110900.77,481.88,7.47029,28.783,12.2071,12.2687,6680.119398,4697.061051,8663.177745,116725.0322,4.16184,3.28747,0.29686,178.97684,-209.2772,0.00343539,4.0,Yes,Yes,Gas-giant-like,ML-Host-3915,0.871853,0.937929,4827.999,0.43062912
7.525553,12672.991,7061.589,12.50967,12.59107,22.268,19.847,30.825437,24.780094,36.870779,31.904914,70.261405,11.69148,0.196115,21.10013,449.1922,0.0,2.0,No,No,Terrestrial-like,ML-Host-3916,1.14665,1.0446,6554.548,1.81453626
8.032499,12227.739,8390.997,14.34247,13.24296,8093.3455,8283.8282,105.862001,77.416641,134.307361,159.275525,48.334389,5.32652,0.268702,158.40722,312.4861,2.91e-05,1.0,No,No,Terrestrial-like,ML-Host-3919,1.863548,1.705112,7854.674,9.97041247
2.946598,10186.933,5323.435,7.58053,8.78763,6.7407,7.5259,583.193729,489.251833,677.135625,2994.97846,14.160687,16.84713,0.161082,172.34519,-180.6602,0.0031798,0.0,No,Yes,Terrestrial-like,ML-Host-3920,0.88119,0.749352,5142.247,0.35373544
0.019056,2466.46,2425.504,0.83626,1.43617,-69.9571,68.1403,11967.82966,7607.564621,16328.09469,452248.9893,1.924434,4.15019,0.364332,112.61866,-256.9097,5.94e-05,0.0,No,No,Terrestrial-like,ML-Host-3925,0.333972,0.382485,3649.535,0.02338158
0.806992,6070.973,6888.039,5.84545,5.95715,2620.4374,3079.1994,65.325205,58.883486,71.766924,94.39261,50.327802,0.79759,0.09861,160.49008,143.8418,0.07128092,0.0,No,No,Terrestrial-like,ML-Host-3927,1.246766,0.940965,5951.156,1.00056938
78.944129,47451.956,1411.104,9.36003,21.07491,4.4276,4.1325,169.273567,148.021796,190.525338,300.069028,41.023542,6.23998,0.125547,101.38401,289.0358,0.16967113,3.0,No,Yes,Neptune-like,ML-Host-3928,2.146563,1.911232,8627.996,18.2373274
36.857491,48524.257,616.099,4.17901,14.24021,3.8222,4.2721,646.265849,586.183996,706.347701,3019.745751,15.563455,1.96366,0.092968,88.69353,-78.777,1.63565264,2.0,No,Yes,Super-Earth-like,ML-Host-3932,1.179536,1.114387,6640.754,2.17588878
37.445395,22352.196,6403.822,20.00892,21.14813,16.6712,15.6663,44.237796,23.750175,64.725417,72.847726,44.161382,10.00117,0.463125,22.32543,140.7961,62.26218332,1.0,No,Yes,Super-Earth-like,ML-Host-3936,0.65008,0.785773,4602.644,0.24964243
146.222806,62640.47,1136.191,9.9488,24.96393,21.1673,18.6093,2995.450886,2958.306767,3032.595006,37730.61697,5.773424,4.09813,0.0124,84.10213,-242.9209,0.00085792,3.0,Yes,Yes,Neptune-like,ML-Host-3939,0.752345,0.783673,5221.43,0.41126536
0.024382,2520.777,2907.14,1.02439,1.60694,215.2392,225.0927,4107.038262,4088.912443,4125.16408,81224.40094,3.677117,5.66183,0.004413,114.30933,-258.606,0.0,0.0,No,No,Terrestrial-like,ML-Host-3940,invalid,0.570094,3408.844,0.03953812
1439.946823,132629.924,1178.754,21.85391,53.83755,32.7829,31.9392,737.270082,628.050677,846.489487,3341.691433,16.044472,5.81284,0.14814,2.01204,-84.2852,56.9092076,5.0,Yes,No,Gas-giant-like,ML-Host-3943,1.430097,1.41315,5904.583,2.18689683
419.021876,82807.604,1409.378,16.31406,36.75497,50.5444,62.3802,3118.13824,2213.639026,4022.637454,42965.62224,5.277636,7.53941,0.290077,27.66899,-228.8908,0.00613405,3.0,No,Yes,Gas-giant-like,ML-Host-3946,0.654429,0.706242,4738.517,0.22655385
4.019856,12186.311,4242.239,7.22656,9.3843,11142.6766,9666.8352,96.481636,63.546303,129.416968,142.078071,49.383604,6.45738,0.341364,11.59041,352.7459,0.0,0.0,No,No,Terrestrial-like,ML-Host-3947,1.772958,1.624227,8149.103,10.48159378
128.975757,53600.764,1599.545,11.98483,25.34553,30.6042,27.6977,2485.042382,2340.390488,2629.694276,22802.97571,7.925149,2.98935,0.058209,100.4375,-203.494,0.00122787,0.0,Yes,Yes,Neptune-like,ML-Host-3948,1.17608,1.138256,6601.906,2.21744079
8794.70285,257407.778,984.822,35.43591,95.50643,8.1957,9.208,1214.767821,701.746874,1727.788768,13027.37771,6.78112,8.53885,0.42232,3.98735,-209.4516,0.0,20.0,No,No,Gas-giant-like,ML-Host-3949,0.420905,0.48608,3830.089,0.04580843
23.172109,19741.172,5752.388,15.87397,17.70228,24.9376,26.719,288.982374,255.1697,322.795049,705.32836,29.795123,7.52433,0.117006,48.23115,99.3562,0.00021419,1.0,No,Yes,Super-Earth-like,ML-Host-3952,1.93308,???,8485.765,13.32831912
3224.304666,151660.79,1765.296,37.42443,75.33803,9.7927,9.4766,470.24189,439.727657,500.756122,2277.245542,15.016774,11.36322,0.064891,156.00797,-157.6797,0.00204954,17.0,Yes,No,Gas-giant-like,ML-Host-3953,0.799029,0.773232,5604.461,0.53143466
852.123119,143475.921,551.019,11.05121,39.81938,11.0703,9.6396,5282.994793,4343.931393,6222.058193,76572.8364,5.017306,6.5816,0.177752,8.80339,-199.9133,0.50689892,6.0,No,No,Gas-giant-like,ML-Host-3954,1.002097,1.018665,5482.312,0.84452498
7.359535,16020.019,3418.714,7.65579,11.07456,54.8413,54.7267,102.771573,94.135778,111.407369,208.972004,35.764328,3.33829,0.084029,9.61255,85.7226,5.47e-05,0.0,No,Yes,Terrestrial-like,ML-Host-3956,0.990516,1.142054,5719.646,1.25760674
135.738726,56048.004,1472.396,11.53584,25.42756,2.0668,2.4063,1653.99596,1159.28733,2148.70459,21610.23929,5.56596,8.26022,0.299099,25.23485,-202.0471,6.91065529,6.0,No,Yes,Neptune-like,ML-Host-3958,0.386103,0.497816,3440.7,0.03129098
0.204466,3764.081,7322.27,3.85273,3.80815,3387.2629,3326.8059,18.471989,13.735796,23.208182,16.48512,81.486699,1.04879,0.256399,160.95892,401.8485,0.00023587,0.0,No,No,Terrestrial-like,ML-Host-3965,0.92422,0.927971,5356.809,0.63883488
2.077362,8120.923,7407.938,8.40944,8.26392,-10034.5634,9177.6737,358.242318,350.412023,366.072612,1391.725336,18.719254,8.25126,0.021858,147.93031,-125.1335,0.00176696,1.0,No,No,Terrestrial-like,ML-Host-3966,0.945893,0.87525,5189.883,0.50071308
396.643311,112075.088,538.114,8.43039,30.7382,15.2546,14.4029,1412.798082,1151.993371,1673.602792,10743.67457,9.562962,10.42279,0.184602,15.06768,-208.5328,0.0,6.0,Yes,Yes,Gas-giant-like,ML-Host-3967,0.973538,0.899785,5393.985,0.6174631
299.561586,82735.748,1010.201,11.6833,31.09062,-28.2481,29.8328,306.647775,264.294807,349.000742,967.361954,23.052392,1.2073,0.138116,47.55218,-54.2154,0.0,6.0,Yes,Yes,Gas-giant-like,ML-Host-3968,1.227891,1.195804,6435.533,2.20979838
12.11262,28322.349,1018.244,4.0313,10.68531,17.2861,16.0226,412.415161,313.716099,511.114223,1851.990176,16.19426,8.72675,0.23932,114.3386,-72.2961,11.36949089,1.0,No,Yes,Super-Earth-like,ML-Host-3971,0.814976,1.022804,5926.137,1.16242928
0.005411,1745.983,1941.625,0.47388,0.90961,152.943,168.0503,3359.476132,2696.423958,4022.528306,27588.3921,8.855444,5.73905,0.197368,141.11017,-149.4586,0.00022162,0.0,No,No,Terrestrial-like,ML-Host-3972,1.985091,1.887764,7912.136,12.58244315
--,16736.092,7513.601,17.57788,17.15182,13.1227,12.2808,197.907042,180.444426,215.369657,409.382288,35.155832,1.33791,0.088236,16.81539,188.6569,3.47152975,1.0,No,Yes,Super-Earth-like,ML-Host-3977,1.84308,1.741866,7775.829,9.9933505
1.818745,8570.377,5517.894,6.61055,7.52695,7173.3107,7954.1653,265.600059,229.623314,301.576804,734.62804,26.292134,0.43603,0.135455,32.83001,25.2309,0.0,0.0,No,No,Terrestrial-like,ML-Host-3979,1.383464,1.334108,6591.79,3.02754203
0.395653,5428.052,4724.804,3.58503,4.41132,18.5315,18.572,155.323082,84.450423,226.195741,473.89006,23.835462,0.48181,0.456292,33.13766,-30.0123,23.75383801,0.0,No,No,Terrestrial-like,ML-Host-3981,0.664923,0.769771,5047.569,0.34653472
1.178917,7933.349,4509.361,5.00076,6.29863,58.3858,56.7476,20.90464,16.184567,25.624713,19.548156,77.768204,17.99329,0.225791,20.48912,426.6748,14.68169098,0.0,No,No,Terrestrial-like,ML-Host-3982,0.952653,0.902999,5414.736,0.63150692
1206.918522,114401.068,1539.533,24.61974,53.07094,-9.4585,8.6188,2397.331114,2032.124147,2762.538081,24215.47265,7.199465,5.21927,0.152339,177.3983,-189.623,2.45323209,10.0,No,Yes,Gas-giant-like,ML-Host-3983,0.936303,0.928274,6339.647,1.2540285
279.957426,86903.555,814.668,9.89652,29.32649,13.8796,13.9033,1019.70491,612.229893,1427.179926,7134.763022,10.39346,15.26948,0.399601,17.97551,-182.4309,2.94e-05,3.0,Yes,Yes,Neptune-like,ML-Host-3990,0.830009,0.960779,5007.061,0.52272486
0.029628,2878.439,2372.641,0.95467,1.6577,198.4057,188.4248,5786.419319,4958.995557,6613.843081,75525.21737,5.571641,11.37785,0.142994,116.75075,-200.0834,3.28e-05,0.0,No,No,Terrestrial-like,ML-Host-3991,1.353519,1.19491,6799.95,2.75035094
25000.0,299638.383,1774.799,74.33799,149.24649,7.1162,8.0852,619.338806,552.274507,686.403105,4603.482873,9.783786,12.04625,0.108284,12.07778,-205.1252,0.85910083,45.0,No,Yes,Gas-giant-like,ML-Host-3992,0.446715,0.449336,4197.969,0.056493
49.676178,45616.037,999.532,6.37351,17.05093,14.2055,13.5517,2518.724906,1984.718761,3052.731052,36243.86943,5.053722,3.01884,0.212014,97.90341,-198.5197,0.00015127,2.0,No,Yes,Super-Earth-like,ML-Host-3997,0.484721,0.564592,3894.511,0.06606567
0.560564,6439.348,4009.602,3.60917,4.82086,13.1855,14.2774,709.582245,636.812282,782.352207,4717.253968,10.939026,6.50578,0.102553,39.86216,-133.4801,53.91100945,1.0,No,No,Terrestrial-like,ML-Host-4005,0.639806,0.641286,5001.879,0.23191602
8406.415038,225783.993,1394.867,44.02408,99.69921,8.2653,7.987,1307.953407,1207.379739,1408.527075,12341.65228,7.706978,2.78221,0.076894,22.372,-191.6376,1.64012305,21.0,No,Yes,Gas-giant-like,ML-Host-4007,0.585395,0.712696,4748.263,0.23261756
4388.658111,162905.425,1938.771,44.14956,84.80686,12.883,12.7474,483.331043,429.951358,536.710727,2921.777018,12.029922,10.14906,0.110441,41.09856,-169.8861,0.05622884,14.0,Yes,Yes,Gas-giant-like,ML-Host-4008,0.527058,0.572924,4272.594,0.09854963
489.772727,77567.473,2004.274,21.73207,41.0573,5.2028,5.6192,11967.82966,11058.45984,12877.19947,283296.5901,3.072127,10.42863,0.075985,21.54052,-202.088,32.43390207,5.0,Yes,Yes,Gas-giant-like,ML-Host-4010,0.851103,0.931901,4989.54,0.48492695
0.009616,2366.089,1386.466,0.45857,not_available,328.4416,414.1626,4204.124293,4128.492806,4279.75578,40561.04343,7.537574,5.14592,0.01799,138.9457,-179.3313,0.00529425,0.0,No,No,Terrestrial-like,ML-Host-4012,1.799811,1.855529,7972.377,12.53087269
0.010497,2421.387,1412.15,0.47798,1.07581,58.1596,53.5885,2928.913503,2774.165438,3083.661569,31408.52899,6.781474,6.50678,0.052835,133.52977,-204.0243,1.73e-05,0.0,No,No,Terrestrial-like,ML-Host-4017,1.014946,1.193435,4356.129,0.462057
26.203948,22316.353,4502.964,14.04708,17.70535,-26.1905,26.8227,114.791878,113.419529,116.164227,297.110049,28.096938,3.14716,0.011955,26.4444,-41.7805,0.05145646,0.0,No,Yes,Super-Earth-like,ML-Host-4019,0.682837,0.726944,4879.18,0.26982585
909.254603,123139.751,930.02,16.00865,44.39934,6.474,6.6662,208.454002,108.97893,307.929073,700.411967,21.643219,0.12869,0.477204,0.22127,-83.0956,7.54e-05,10.0,Yes,Yes,Gas-giant-like,ML-Host-4025,0.73577,1.005553,4759.573,0.46749415
204.627744,84534.527,646.939,7.64473,25.42132,13.5756,13.0177,3190.488196,1974.030031,4406.946361,48616.20679,4.772448,5.6987,0.381276,23.39205,-261.9209,0.00032354,4.0,Yes,Yes,Neptune-like,ML-Host-4027,0.547555,0.551014,4313.684,0.09471394
172.497576,81104.652,617.514,7.00095,23.82876,23.3853,21.3486,303.632974,293.746142,313.519807,1673.491792,13.194427,4.14253,0.032562,28.1252,-183.8218,1.14694127,2.0,Yes,Yes,Neptune-like,ML-Host-4029,0.398307,0.458093,3926.136,0.04492246
44.144545,40155.936,1302.055,7.30875,17.13154,24.4398,24.4121,1897.570465,1493.236926,2301.904004,19019.95612,7.25527,3.95783,0.21308,101.15375,-165.5578,29.89088812,1.0,No,No,Super-Earth-like,ML-Host-4033,0.75265,0.829971,5219.481,0.46060597
6.692462,13402.346,5309.393,9.94695,11.5461,4724.0764,4851.8147,67.164661,65.896033,68.43329,107.947399,45.24742,1.29088,0.018888,7.2554,128.4785,0.00082819,1.0,No,No,Terrestrial-like,ML-Host-4037,1.036136,0.897841,5944.498,0.90688965
68.251351,42210.093,1733.26,10.22691,20.77688,49.9746,55.6022,2770.103146,2283.082523,3257.123769,21021.60887,9.58286,0.68344,0.175813,56.00605,-109.7861,11.05307617,2.0,No,Yes,Neptune-like,ML-Host-4041,1.916789,1.821602,8070.988,12.68553235
2457.419226,187058.916,717.043,18.74943,59.22203,24.7485,23.7658,461.902837,417.128642,506.677031,2242.563848,14.978592,5.49435,0.096934,173.80365,-165.2395,0.00029084,20.0,Yes,No,Gas-giant-like,ML-Host-4042,0.780874,0.725257,5162.662,0.33664605
4.356508,10248.953,7728.61,11.07249,10.65277,12.9982,12.5127,276.249193,251.521275,300.977111,1221.422418,16.447516,4.83374,0.089513,22.62755,-162.4073,0.00018481,0.0,No,Yes,Terrestrial-like,ML-Host-4048,0.563105,0.729157,4597.162,0.21394217
0.249637,4523.198,5151.969,3.25749,3.83852,566.6859,585.6283,7.822128,6.441221,9.203035,2.959712,192.194389,22.40072,0.176539,23.14865,2174.2518,4.45225177,0.0,No,No,Terrestrial-like,ML-Host-4050,2.177181,1.639621,8998.402,15.87973714
1477.303223,148919.454,854.312,17.78412,51.46263,11.7221,11.3932,174.341179,170.142478,178.539881,336.394652,37.689127,15.0717,0.024083,23.27865,198.5548,0.0,8.0,Yes,No,Gas-giant-like,ML-Host-4051,1.866037,1.616313,8319.485,11.27539023
221.46386,64778.874,1555.98,14.0897,30.21117,12.3272,13.0175,431.941458,313.257252,550.625664,3104.679622,10.117501,14.88321,0.274769,10.46931,-240.2746,0.03625566,7.0,Yes,No,Neptune-like,ML-Host-4055,0.333165,0.424048,3043.24,0.01389534
0.134839,3604.032,5501.118,2.77143,3.16043,5916.1806,6546.5293,34.150668,31.443112,36.858223,31.937493,77.761307,10.12053,0.079283,5.75447,610.0774,0.0,0.0,No,No,Terrestrial-like,ML-Host-4057,1.556017,1.480906,7223.104,5.37830256
53.306216,44281.424,1172.504,7.25772,17.92714,19.8469,20.8276,8834.501639,7732.42516,9936.578118,204317.3503,3.14443,0.21968,0.124747,87.77128,-209.6016,68.6176868,1.0,No,No,Super-Earth-like,ML-Host-4060,0.658194,0.815641,4273.886,0.1999789
3627.582655,174710.228,1299.163,31.72827,74.45303,5.1781,5.3928,2967.849114,2022.522514,3913.175713,22340.8221,9.660683,10.84014,0.318522,145.56733,-157.2807,0.02524263,13.0,No,No,Gas-giant-like,ML-Host-4063,2.087111,1.912855,7383.905,9.79948645
0.634797,9963.793,1225.638,1.70707,4.12418,69.0029,77.0054,9354.650227,8619.342372,10089.95808,193101.0886,3.522962,11.77173,0.078603,126.01335,-256.7642,0.0,0.0,No,No,Terrestrial-like,ML-Host-4064,0.874846,0.849724,5366.644,0.53958659
5075.434016,188842.613,1439.377,37.99609,84.70703,22.0504,19.5549,203.182906,188.289011,218.0768,685.289507,21.561465,1.14371,0.073303,171.59937,-80.2153,0.00691014,18.0,Yes,Yes,Gas-giant-like,ML-Host-4065,0.711757,0.840719,???,0.39994911
56.888909,43013.088,1365.297,8.20903,18.79085,11.7965,12.267,3174.698028,2221.446768,4127.949287,49033.61952,4.708403,8.56938,0.300265,82.97866,-268.5305,0.19206011,1.0,No,Yes,Super-Earth-like,ML-Host-4067,0.53032,0.503676,4203.859,0.07138234
0.002382,1279.944,2169.528,0.38817,0.70486,175.2618,188.9582,8056.907386,4737.159418,11376.65535,267039.8424,2.194105,16.7168,0.412037,101.98328,-283.2517,0.02229378,0.0,No,No,Terrestrial-like,ML-Host-4070,0.292261,0.401099,3042.582,0.01242132
0.964355,8076.95,3495.393,3.94646,5.64583,32.0336,35.5332,126.19161,99.233971,153.149248,309.343605,29.665694,12.36823,0.213625,6.99471,-39.7201,0.22093228,1.0,No,No,Terrestrial-like,ML-Host-4071,0.836811,0.732982,4953.418,0.29140784
3.213545,10444.412,5386.836,7.8647,9.06323,28.8984,30.6315,264.053594,183.055499,345.051689,1189.309121,16.145909,11.75478,0.306749,44.49067,-167.8957,0.0,1.0,No,No,Terrestrial-like,ML-Host-4073,0.518687,0.571512,4294.276,0.1000702
0.836834,7821.099,3340.701,3.65233,5.34464,22.8346,23.3423,1747.632884,996.967409,2498.29836,21866.62902,5.812106,10.83397,0.429533,25.22389,-227.6551,0.06171453,0.0,No,No,Terrestrial-like,ML-Host-4077,0.444842,0.503663,4013.741,0.05931601
0.146346,5385.068,1789.816,1.3473,2.69357,157.8439,157.6164,3695.033647,2458.449227,4931.618067,41194.35558,6.522977,1.19335,0.334661,131.78242,-205.6684,0.00418583,0.0,No,No,Terrestrial-like,ML-Host-4078,1.184672,1.091273,5930.906,1.32753443
1970.665418,131215.94,1665.921,30.55663,63.32074,24.086,23.6345,289.928076,256.460864,323.395287,1266.448182,16.648228,4.64731,0.115433,165.49658,-66.8353,176.1464747,10.0,Yes,Yes,Gas-giant-like,ML-Host-4079,0.6055,0.601517,4578.196,0.14320812
86.076322,56640.383,904.704,7.16303,20.14242,24.6902,25.755,11967.82966,9933.770851,14001.88846,201612.6414,4.316809,0.07071,0.169961,43.50386,-179.3863,41.71039988,1.0,No,Yes,Neptune-like,ML-Host-4081,1.680464,1.513013,7612.687,6.92678673
0.78338,7864.12,3076.264,3.38172,5.15696,2590.0964,2342.3723,91.173699,87.615911,94.731488,129.69842,51.121086,6.55866,0.039022,4.35221,300.9601,0.0,0.0,No,No,Terrestrial-like,ML-Host-4082,1.795386,1.516261,7437.158,6.33680664
897.530197,116091.152,1095.603,17.77938,45.43158,18.4177,18.6698,3122.413572,2841.757559,3403.069585,35051.79842,6.478065,0.49445,0.089884,109.46055,-204.7987,0.0,6.0,No,No,Gas-giant-like,ML-Host-4084,0.987345,0.909731,6133.737,1.05541155
19.153055,26616.275,1939.982,7.21787,13.86048,19.945,18.5104,5108.098743,3365.934042,6850.263445,71172.31188,5.219314,4.45849,0.341059,23.77582,-219.8187,0.42662976,0.0,No,Yes,Super-Earth-like,ML-Host-4087,1.048514,1.155277,5512.499,1.11035266
25.519517,21510.933,4896.617,14.72379,17.7967,7835.9034,7780.6947,87.655064,68.610612,106.699515,147.106608,43.332127,1.71527,0.217266,7.54953,200.4056,0.0,1.0,No,No,Super-Earth-like,ML-Host-4092,1.240181,1.193588,6566.046,2.38571774
1.497752,8675.519,4380.815,5.31269,6.78899,20211.1736,23329.5509,52.603524,47.865237,57.34181,66.552049,57.480241,4.43311,0.090075,12.85049,338.8,140.9517204,0.0,No,No,UNKNOWN_VALUE,ML-Host-4098,1.309604,1.238364,6211.56,2.05680946
12.193927,16394.792,5284.783,12.11149,14.09132,24.4857,24.5301,97.457922,70.819601,124.096244,223.082112,31.770027,7.73769,0.273332,0.91093,-26.2749,1.27e-05,1.0,No,No,Super-Earth-like,ML-Host-4099,0.741209,0.776458,5009.616,0.3420961
108.449473,48596.827,1804.7,12.25963,24.40859,26.6332,29.2047,770.243005,629.107974,911.378036,4920.419108,11.383894,13.57334,0.183234,80.78581,-144.7985,5.13113075,1.0,No,Yes,Neptune-like,ML-Host-4101,0.752138,0.98384,5126.154,0.60215807
0.543785,5526.566,6152.655,4.75316,5.12529,25.9815,27.3825,1037.558916,851.460047,1223.657784,7470.416764,10.100273,2.49337,0.179362,40.25324,-182.4803,0.0,0.0,No,No,Terrestrial-like,ML-Host-4102,0.797567,1.002875,4978.617,0.55670271
6.10807,12160.803,6486.621,11.02669,11.57987,6144.5727,6736.5689,15.665854,12.479918,18.851789,11.366743,100.226647,5.36983,0.203368,2.76799,689.7,0.74467752,1.0,No,No,Terrestrial-like,ML-Host-4108,1.185792,1.112817,6010.663,1.45623503
0.002773,1456.684,1713.332,0.34888,0.71288,123.9399,116.4539,7495.764869,7343.610557,7647.919182,108848.5464,5.007933,6.46115,0.020299,106.72804,-160.9814,101.5118061,0.0,No,No,Terrestrial-like,ML-Host-4109,1.416515,1.693559,7649.931,8.84964141
0.306955,4915.73,4935.276,3.39128,4.08297,-1869.0377,2094.4748,17.631361,13.453116,21.809607,21.570515,59.441602,0.84266,0.236978,165.19532,136.9375,0.00603362,0.0,No,No,Terrestrial-like,ML-Host-4112,0.469413,0.549633,3938.684,0.06550054
431.409216,108580.156,643.635,9.76909,32.56884,14.6746,15.8093,1049.500753,795.410051,1303.591455,5739.772322,13.296988,3.45344,0.242106,13.95529,-110.6088,0.01191141,7.0,Yes,Yes,Gas-giant-like,ML-Host-4118,1.398226,1.38163,6973.239,4.06646211
1.446356,7339.089,6987.957,7.16897,7.25353,16556.6076,17231.6759,29.014661,26.246427,31.782894,37.237583,56.663211,10.89039,0.095408,158.33044,307.1404,134.2269271,1.0,No,No,Terrestrial-like,ML-Host-4119,0.701953,0.890333,4932.523,0.42274235
848.328271,108596.088,1265.094,19.20442,45.66755,10.9759,10.4849,358.481888,241.699564,475.264211,1590.745777,16.388214,2.39414,0.325769,148.3906,-105.478,0.0,6.0,No,Yes,Gas-giant-like,ML-Host-4123,0.725469,1.005231,5011.254,0.57413183
35.589304,35303.459,1544.789,7.62343,16.40529,-12.8951,12.3777,2885.206536,1755.812914,4014.600158,43798.33816,4.79054,0.28296,0.391443,30.0346,-235.4695,0.00606281,1.0,No,Yes,Super-Earth-like,ML-Host-4126,0.498923,0.63888,4416.949,0.13996604
179.126377,69391.374,1023.869,9.93149,26.25185,21.3986,18.7275,3582.902338,1250.888971,5914.915704,53220.5632,4.895766,3.31266,0.650873,94.78072,-167.6326,175.9029769,2.0,Yes,No,Neptune-like,ML-Host-4128,0.64709,0.77925,4466.948,0.21781696
0.37711,5427.084,4505.783,3.41823,4.30709,-43.7636,44.0703,188.533188,178.814065,198.25231,552.587099,24.811456,6.55751,0.051551,10.55945,-36.8675,0.0,0.0,No,No,Terrestrial-like,ML-Host-4129,0.874542,1.227078,5583.994,1.318921
0.033484,2835.088,2806.362,1.11218,1.7757,185.7163,181.6807,11967.82966,10446.25373,13489.40558,238666.6632,3.646606,2.16029,0.127139,129.87375,-184.5469,177.3816477,0.0,No,No,Terrestrial-like,ML-Host-4130,1.199171,1.249509,6654.446,2.75817063
50.026586,34618.532,2302.906,11.14421,19.6417,42.9843,45.1191,5135.928253,3244.223941,7027.632564,73251.91117,5.098767,8.53524,0.368328,42.94933,-206.9578,0.157321,0.0,No,Yes,Super-Earth-like,ML-Host-4132,1.006091,0.99945,5831.051,1.04041015
1.288636,8451.782,4076.495,4.81615,6.38005,57.6466,53.0667,1036.99321,393.106547,1680.879872,6401.908599,11.779629,1.91161,0.620917,17.76612,-162.467,0.28746386,1.0,No,No,Terrestrial-like,ML-Host-4133,1.084245,1.081154,6092.819,1.45125159
14.401324,18773.04,4157.191,10.90935,14.31089,-26.6923,27.1081,1205.943133,1027.484204,1384.402063,8090.315623,10.839932,2.83581,0.147983,15.31287,-71.4417,87.23935131,0.0,No,Yes,Super-Earth-like,ML-Host-4135,1.067746,1.122357,6147.715,1.62110683
2.124972,7617.269,9182.408,9.77733,8.62998,59.3784,63.2445,129.893813,108.629766,151.157859,262.91649,35.928229,10.36836,0.163703,15.26299,73.2006,0.0,0.0,No,No,Terrestrial-like,ML-Host-4142,1.263421,1.210164,6212.623,1.96554679
0.182549,4701.211,3355.463,2.20509,3.21972,23.4893,21.1728,690.514508,414.555558,966.473458,4039.469521,12.431217,6.84472,0.399643,29.07679,-147.4236,0.0,0.0,No,No,Terrestrial-like,ML-Host-4143,0.80406,0.879339,5240.355,0.52535228
1.364502,8374.974,4436.342,5.19365,6.5952,47.4508,52.2429,482.416025,421.190254,543.641795,3946.069071,8.890419,5.08187,0.126915,46.52239,-208.5903,0.0,1.0,No,No,Terrestrial-like,ML-Host-4145,0.287312,0.369446,3463.689,0.01769916
1647.73708,184313.785,502.592,12.94905,48.85375,4.956,4.5511,1505.640548,829.142842,2182.138254,18634.16984,5.875928,0.46425,0.449309,28.00067,-244.7778,0.0408163,6.0,Yes,Yes,Gas-giant-like,ML-Host-4149,0.391708,0.508895,3707.337,0.04407564
0.255438,4560.537,5143.267,3.27883,3.86694,1040.5832,989.1528,120.043175,109.96534,130.121009,314.061477,27.796363,3.97029,0.083952,157.63217,-23.7299,0.4988104,1.0,No,No,Terrestrial-like,ML-Host-4157,0.698878,0.818258,4797.961,0.3196704
8.279898,12835.753,7477.601,13.41677,13.12305,10.057,9.6893,24.085495,17.660499,30.510491,21.179281,82.700768,11.1487,0.266758,30.55203,685.4271,54.0072336,0.0,No,Yes,Terrestrial-like,ML-Host-4160,1.24126,1.258341,6567.134,2.65335065
685.926481,131675.677,573.802,10.56166,37.29227,-12.6782,14.9701,758.665132,543.916738,973.413526,3301.957805,16.708743,6.40101,0.283061,42.32998,-83.3237,0.00030688,8.0,No,Yes,Gas-giant-like,ML-Host-4165,1.595974,1.356856,7667.094,5.73172658
0.001644,1078.913,2500.076,0.37705,0.63782,115.54,118.7528,11967.82966,4865.66316,19069.99615,391386.2171,2.223694,3.05526,0.593438,143.79286,-237.4447,4.74827696,0.0,No,No,Terrestrial-like,ML-Host-4170,0.445917,0.662345,3768.712,0.07973249
2.46992,8536.509,7583.04,9.04874,8.78889,-2432.9344,2372.4263,301.311174,292.539834,310.082514,1028.899128,21.29647,4.89635,0.029111,164.24534,-41.5326,1.93657435,0.0,No,No,Terrestrial-like,ML-Host-4171,1.029719,1.070646,5477.235,0.9294626
0.007126,1983.93,1742.762,0.48331,0.97921,703.4029,688.0378,11967.82966,10543.7069,13391.95241,275017.3341,3.164612,0.95312,0.118996,108.53351,-246.6193,0.0,0.0,No,No,Terrestrial-like,ML-Host-4175,0.903118,0.882816,6217.544,1.04932743
1.513448,7447.132,6998.448,7.28543,7.36584,40.2553,33.6132,131.802867,85.994068,177.611666,263.396839,36.389784,7.3181,0.347555,42.98789,102.2078,0.16439847,1.0,No,No,Terrestrial-like,ML-Host-4178,1.31514,1.312127,6554.535,2.86295396
120.059917,45835.452,2381.194,15.2567,26.44424,8.3769,8.1153,1448.234726,843.798779,2052.670672,9030.24127,11.662852,2.08621,0.41736,24.02921,-82.0673,202.5941642,5.0,Yes,Yes,Neptune-like,ML-Host-4185,1.484351,1.449064,7479.032,5.91904502
829.031663,97873.461,1688.798,23.10505,47.55388,19.8375,19.3954,11967.82966,9142.237601,14793.42171,257088.4382,3.385307,22.00101,0.236099,113.30336,-242.5533,4.04e-05,5.0,Yes,Yes,Gas-giant-like,ML-Host-4187,1.033474,0.914919,5654.999,0.77124182
99.165282,53967.777,1204.918,9.08984,22.14856,27.8368,27.4445,274.836622,183.717054,365.95619,643.696081,31.049808,4.50286,0.331541,87.63848,129.1953,0.0,3.0,No,Yes,Neptune-like,ML-Host-4191,1.996552,1.601839,8889.002,14.43259173
0.015205,2322.849,2316.923,0.75231,1.32193,359.9965,371.1597,2002.90818,1882.157723,2123.658638,19307.02174,7.544161,6.25266,0.060288,113.15377,-248.4726,1.45e-05,0.0,No,No,Terrestrial-like,ML-Host-4194,0.858956,0.820924,5186.773,0.43942967
2830.802807,162419.109,1261.826,28.64845,68.21331,14.1781,13.7563,331.091189,291.367548,370.81483,1353.051899,17.795014,5.65326,0.119978,34.06628,-154.6335,0.06750008,12.0,Yes,Yes,Gas-giant-like,ML-Host-4197,0.79001,0.862259,5097.865,0.45240116
115.973488,51546.64,1617.182,11.65262,24.50823,5.7619,5.7889,9520.842981,5945.281085,13096.40488,202898.8099,3.412409,7.9741,0.375551,22.0548,-234.9004,0.00027724,1.0,No,Yes,Neptune-like,ML-Host-4199,0.835383,0.912112,5464.729,0.6684447
10.992692,14939.379,6296.625,13.14936,14.01582,12.9651,12.6924,34.209584,34.007502,34.411665,39.049613,63.708332,2.98225,0.005907,1.84608,293.657,4.81770682,0.0,No,Yes,Terrestrial-like,ML-Host-4202,1.046233,0.909999,5506.714,0.68603612
488.085816,92759.629,1167.94,15.14412,37.48016,3.5764,3.5282,2513.72069,2134.928498,2892.512881,24600.99639,7.430696,9.46177,0.15069,167.27843,-133.014,63.50433555,4.0,No,Yes,Gas-giant-like,ML-Host-4203,1.045837,1.09337,5634.782,1.08576867
0.058608,2827.492,4951.679,1.95712,2.35239,1261.8419,1217.6608,28.277006,26.619928,29.934084,29.181336,70.468243,5.38369,0.058602,10.59267,404.9123,0.00518157,0.0,No,No,Terrestrial-like,ML-Host-4205,1.058055,1.111272,5651.498,1.13498362
0.346954,5582.465,3808.862,2.97225,4.07339,13.854,12.7898,1284.150257,773.2354,1795.065115,11830.83484,7.893428,0.07541,0.397862,31.23223,-235.991,0.0,0.0,No,No,Terrestrial-like,ML-Host-4218,0.602886,0.751764,4693.135,0.24700756
2.613907,9216.642,6376.366,8.21505,8.70145,7592.974,7793.377,75.497682,68.43436,82.561003,170.622302,32.178293,8.15297,0.093557,177.3569,-1.3936,0.00855372,0.0,No,No,Terrestrial-like,ML-Host-4221,0.589044,0.677432,4605.669,0.18603619
881.708648,102299.348,1572.925,22.49288,47.96881,-22.7555,25.3321,5877.650115,3841.39319,7913.907039,abc,4.397014,3.61145,0.346441,97.2768,-250.9181,0.00084406,10.0,Yes,No,Gas-giant-like,ML-Host-4224,0.856264,0.871423,5366.777,0.56755387
372.582224,97265.891,773.289,10.51397,31.97891,29.9958,30.4653,694.185809,635.312755,753.058863,3641.168037,13.864371,1.26474,0.084809,39.1935,-118.3665,0.01147515,3.0,Yes,Yes,Gas-giant-like,ML-Host-4230,1.005459,1.075224,5642.666,1.05591775
384.285366,69680.001,2169.356,21.13018,38.37123,20.96,22.2491,6761.574019,2131.689636,11391.4584,85981.684,5.718828,8.7887,0.684735,27.61125,-155.3932,1.58899018,7.0,Yes,Yes,Gas-giant-like,ML-Host-4232,1.666288,1.681389,7426.342,7.74694781
88.181966,32027.407,5126.439,22.95102,27.11202,28.7643,28.7528,82.676987,43.56487,121.789104,140.418362,42.817955,0.58112,0.473071,18.01437,170.786,1.33581785,0.0,Yes,No,Neptune-like,ML-Host-4238,1.142154,1.035674,6090.469,1.32967053
9.444894,19107.495,2585.754,6.90646,11.48761,3982.4222,4455.5562,147.437844,99.959102,194.916586,483.766898,22.163482,1.55744,0.322025,21.81861,-114.6576,0.42703923,0.0,No,No,Terrestrial-like,ML-Host-4240,0.545724,0.575135,3963.558,0.07354866
64.061137,41380.773,1726.634,9.98765,20.3297,14.6654,15.2418,2648.937284,2053.151278,3244.72329,53514.22201,3.599711,1.16702,0.224915,109.46333,-232.9903,0.0,2.0,No,Yes,Neptune-like,ML-Host-4242,0.25864,0.401494,2950.845,0.0110113
0.005517,1661.938,2295.281,0.53323,0.94138,146.0073,138.7151,11967.82966,11538.72967,12396.92965,244805.7872,3.555158,0.73727,0.035854,131.00736,-200.8867,28.04765078,0.0,No,No,Terrestrial-like,ML-Host-4243,1.139781,1.085031,5434.232,0.92497953
3879.483292,228840.304,618.269,19.77764,67.27497,8.3105,8.9226,1922.698681,1186.833418,2658.563943,20670.57216,6.764316,7.43928,0.382725,53.22973,-214.0687,2.53929904,11.0,Yes,Yes,Gas-giant-like,ML-Host-4246,0.662899,0.812959,4864.106,0.3333069
0.05478,3686.724,2087.854,1.07598,1.9917,170.7836,193.1632,11967.82966,9126.075819,14809.58349,353647.066,2.460994,5.7272,0.237449,119.79611,-266.65,3.97e-05,0.0,No,No,Terrestrial-like,ML-Host-4247,0.546166,0.644227,4140.358,0.10988142
0.841519,9414.396,1926.14,2.53481,4.88505,58.9448,63.7479,83.268871,69.946037,96.591705,180.633049,33.523599,6.08581,0.159998,22.41545,-58.6722,not_available,0.0,No,No,Terrestrial-like,ML-Host-4252,0.705135,0.635394,4239.877,0.11754237
7.027317,14747.533,4184.396,8.62614,11.27893,8462.1529,8957.6723,120.152845,96.430511,143.87518,288.283953,30.3095,2.94903,0.197435,17.15767,4.747,0.0,1.0,No,No,???,ML-Host-4253,0.831725,0.812782,5689.656,0.62371592
94.372229,47928.953,1637.012,10.96766,22.92746,20.8525,23.9284,5489.878245,4851.515425,6128.241065,83079.54619,4.805447,15.35451,0.11628,125.30306,-227.8469,0.52204881,0.0,No,No,Neptune-like,ML-Host-4258,0.955253,0.96311,5476.645,0.75180441
8.316999,14336.27,5390.878,10.80339,12.44509,3983.8633,4212.8398,203.75004,173.690156,233.809923,557.515353,26.577006,10.73998,0.147533,149.54266,-34.2018,0.00171509,0.0,No,No,Terrestrial-like,ML-Host-4262,1.084421,1.017537,6529.705,1.69578031
6836.068309,201262.228,1601.478,45.05547,95.22586,3.1749,3.3053,296.937616,241.468223,352.407009,1600.014314,13.496045,0.65645,0.186805,168.7698,-196.1388,0.00042857,26.0,Yes,No,Gas-giant-like,ML-Host-4265,0.407536,0.588765,3305.978,0.03730603
91.965247,47928.65,1595.29,10.68806,22.63326,22.9966,21.6633,439.700302,395.63647,483.764135,2040.316988,15.671995,10.52588,0.100213,85.09538,-155.8074,0.0003681,3.0,No,No,Neptune-like,ML-Host-4269,0.813755,0.852144,4830.522,0.35620195
41.448307,43434.287,966.073,5.86553,15.96136,25.4456,29.3412,538.370447,449.40659,627.334304,3264.369736,11.993531,2.72519,0.165247,114.29832,-196.657,0.01137053,2.0,No,Yes,Super-Earth-like,ML-Host-4270,0.58353,0.639926,4496.966,0.15088053
662.667675,115887.23,813.187,13.17317,39.07176,14.6591,13.1956,272.410835,159.66635,385.155319,969.086343,20.442174,3.98414,0.413877,27.36074,-36.035,132.1096332,9.0,Yes,Yes,Gas-giant-like,ML-Host-4271,0.857762,0.795012,5488.719,0.51680439
2.010144,7501.343,9095.185,9.53707,8.45818,24.3136,25.1986,85.381129,66.061678,104.700579,136.441242,45.507335,8.35548,0.226273,5.09666,192.745,0.0,0.0,No,No,Terrestrial-like,ML-Host-4274,1.332333,1.246797,6251.332,2.13883185
276.074836,81586.2,970.908,11.07284,30.05647,34.0868,33.5687,312.168168,225.388646,398.94769,1381.251744,16.435426,8.3658,0.27799,29.48555,-123.1771,0.0,5.0,No,Yes,Neptune-like,ML-Host-4275,0.635387,0.679738,4420.567,0.15896058
0.023461,2605.34,2533.663,0.92274,1.5505,231.3447,221.4506,4364.357004,3629.561136,5099.152872,78822.69105,4.02656,1.10514,0.168363,113.79854,-216.4225,14.3410377,0.0,No,No,Terrestrial-like,ML-Host-4276,0.533184,0.567921,4336.6,0.10277052
3.283674,10292.139,5752.339,8.27588,9.22911,13.2271,12.3708,57.680077,56.727429,58.632725,100.267372,41.834191,11.86142,0.016516,38.01862,110.9243,0.00432415,0.0,No,Yes,Terrestrial-like,ML-Host-4278,0.760636,0.833298,5290.428,0.49007019
100.641429,58760.627,947.368,7.78161,21.38346,31.1977,30.1949,11967.82966,9374.928207,14560.73111,339113.7139,2.566464,1.4853,0.216656,11.50022,-241.6832,0.0,2.0,No,Yes,Neptune-like,ML-Host-4284,0.593983,0.729404,4343.991,0.17068183
18.323875,17756.628,6250.823,15.51537,16.59821,6444.6214,5728.6647,27.101411,19.934788,34.268034,30.477521,64.666215,2.69079,0.264437,27.33092,302.3441,0.0,1.0,No,No,Super-Earth-like,ML-Host-4285,0.853955,0.850171,5367.338,0.54043489
1.617702,9771.02,3311.923,4.5236,6.64832,4706.4156,3987.2609,195.527406,145.540586,245.514226,522.162292,27.231233,8.09325,0.255651,11.11718,-0.4477,1.48179785,1.0,No,No,Terrestrial-like,ML-Host-4287,1.092522,0.938627,6211.306,1.18144147
0.46165,5899.074,4294.997,3.54169,4.57085,40.6417,44.7829,47.401012,32.031262,62.770763,49.99031,68.955191,7.42597,0.324249,1.34986,460.1237,0.0023637,0.0,No,No,Terrestrial-like,ML-Host-4288,1.698281,1.494254,7133.142,5.20795458
0.275361,4088.475,7695.202,4.3979,4.24037,1371.6769,1313.1053,181.679301,163.180174,200.178427,633.123583,20.868063,9.15071,0.101823,154.06655,-141.2617,0.0008601,0.0,No,No,Terrestrial-like,ML-Host-4289,0.596153,0.630841,4348.518,0.12820368
0.054357,3597.424,2229.866,1.12133,2.00846,141.7992,129.7161,7929.85226,7486.346996,8373.357523,141494.9304,4.07558,11.24882,0.055929,146.80319,-232.0833,0.00041002,0.0,No,No,Terrestrial-like,ML-Host-4291,0.992503,0.901995,5839.901,0.85255952
1006.396245,112422.137,1352.742,21.25842,48.88678,25.6716,25.5421,840.573023,558.17106,1122.974987,4167.587302,14.667494,4.29546,0.335964,167.08317,-96.1878,0.00534004,9.0,No,No,Gas-giant-like,ML-Host-4293,1.362622,1.267759,7243.573,3.98638896
69.569753,48575.874,1159.204,7.87127,19.55387,10.9129,10.8695,1073.709222,1052.631816,1094.786628,4680.58127,16.682152,3.69666,0.01963,73.84785,-29.3374,47.70457075,1.0,No,No,Neptune-like,ML-Host-4304,2.251536,1.559162,8451.789,11.17562249
2.672691,10491.186,4420.55,6.48284,8.24698,19.9665,21.6863,173.887272,155.916185,191.858359,597.6348,21.159095,4.11122,0.103349,13.24077,-89.2492,3.47e-05,0.0,No,No,Terrestrial-like,ML-Host-4307,0.586611,0.654721,4358.951,0.13942344
1.449007,10040.622,2733.946,3.8372,6.20709,10.4722,10.6181,668.191215,594.509655,741.872775,3824.83055,12.704388,5.13213,0.11027,20.87105,-152.767,0.36930915,0.0,No,No,Terrestrial-like,ML-Host-4310,0.812637,0.802532,5376.885,0.48500059
8.622978,14168.073,5790.636,11.46836,12.74694,7834.4874,7798.858,1169.90531,1163.05543,1176.75519,8323.405243,10.221505,12.91517,0.005855,31.58582,-139.426,0.00076395,1.0,No,No,Terrestrial-like,ML-Host-4316,0.921019,0.817612,5994.007,0.77742466
0.507407,5943.739,4615.072,3.83445,4.77399,2280.8476,2395.8155,140.618205,94.030333,187.206076,381.372201,26.813758,0.65217,0.331308,10.33627,-45.6219,0.01727609,0.0,No,No,Terrestrial-like,ML-Host-4317,0.761807,0.81353,4554.196,0.25650108
383.736452,79746.745,1445.092,16.10916,35.84206,7.9864,7.5359,837.915319,700.826483,975.004156,4604.915511,13.232553,1.87731,0.163607,45.39009,-147.288,0.00794269,6.0,No,No,Gas-giant-like,ML-Host-4319,1.105543,1.05814,6402.12,1.69463654
284.289461,71886.4,1461.578,14.687,32.493,13.7172,13.5229,11967.82966,5186.466954,18749.19236,337317.3956,2.580131,2.94926,0.566633,38.64629,-261.6554,0.02671747,6.0,Yes,Yes,Neptune-like,ML-Host-4320,0.600326,0.562133,4151.294,0.08454865
4.300654,11571.277,5301.417,8.57507,9.96115,9208.9393,8850.5972,355.564464,251.358845,459.770083,1443.119078,17.917663,5.75105,0.293071,174.33585,-117.6763,3.56e-05,1.0,No,No,Terrestrial-like,ML-Host-4321,0.86014,0.973818,5489.196,0.77568423
401.744703,102751.346,707.276,10.15876,32.30831,7.8727,7.8682,1712.95884,1188.93685,2236.98083,15974.25815,7.798147,--,0.305916,9.68989,-130.0693,113.1225642,6.0,No,No,Gas-giant-like,ML-Host-4322,0.784906,0.843975,5267.64,0.49410395
0.021427,2397.328,2970.188,0.99535,1.54473,319.2295,331.5185,6844.890836,5735.764546,7954.017127,99156.42084,5.020083,7.98079,0.162037,148.81853,-163.5248,18.31273258,0.0,No,No,Terrestrial-like,ML-Host-4325,1.2998,1.271741,6337.771,2.35092305
1.630421,9323.405,3842.178,5.00745,6.83275,31.4792,32.8998,76.584791,61.971191,91.19839,145.993688,38.148163,3.84587,0.190816,8.20689,54.2945,7.33040235,1.0,No,No,Terrestrial-like,ML-Host-4326,0.839804,0.839178,5038.503,0.40889251
0.904753,6431.376,6495.604,5.83966,6.12838,36.698,35.0907,2152.819583,1982.053797,2323.585369,15526.21244,10.083407,1.9752,0.079322,38.13761,-134.2532,16.83667973,0.0,No,No,Terrestrial-like,ML-Host-4327,1.649341,1.425609,7395.721,5.47794252
1.228783,7863.574,4826.325,5.30519,6.45893,23.0582,26.3778,59.685652,abc,81.196301,98.580143,44.029695,7.46546,0.360399,17.02564,175.7451,0.00048082,1.0,No,No,Terrestrial-like,ML-Host-4328,0.871865,1.066886,5604.543,1.0117936
0.007788,1549.259,3999.956,0.86625,1.15847,110.4594,109.0733,3209.736849,2999.299498,3420.174201,27953.71096,8.350166,3.57332,0.065562,100.52683,-217.6344,0.0,0.0,No,No,Terrestrial-like,ML-Host-4333,1.68635,1.732489,6622.095,5.20016551
148.458591,65962.339,987.913,9.10917,24.51249,13.7538,14.4153,7073.811519,6811.3704,7336.252638,163666.0448,3.143114,4.09616,0.0371,112.89443,-220.2956,0.00054249,4.0,No,Yes,Neptune-like,ML-Host-4334,0.526577,0.512504,4221.732,0.07517136
1.315584,7574.84,5780.954,6.12121,6.80935,14.7258,14.2546,24.804766,22.83662,26.772913,29.026973,62.143909,10.61643,0.079346,18.90587,252.4135,0.43731494,1.0,No,No,Terrestrial-like,ML-Host-4335,0.721806,0.863876,4931.68,0.39771979
754.295781,102299.465,1345.622,19.24246,44.36771,5.1416,5.2497,1256.606504,1239.248629,1273.964379,6555.639858,13.939571,0.10694,0.013813,134.22514,-94.7872,19.0133562,6.0,Yes,Yes,Gas-giant-like,ML-Host-4337,1.839866,1.551644,7001.001,5.21097908
0.705541,7169.428,3656.537,3.66453,5.12568,3102.1333,3167.0922,411.402273,404.986285,417.818261,1439.278513,20.786771,1.84653,0.015595,24.61484,-28.7469,0.0,0.0,No,No,Terrestrial-like,ML-Host-4340,1.339457,1.393386,6600.485,3.32002261
0.38232,5883.085,3586.026,2.94905,4.16528,20.2129,23.8503,165.165446,146.263903,184.066988,510.610997,23.523081,3.24605,0.11444,15.49347,-151.8931,0.00124793,0.0,No,No,Terrestrial-like,ML-Host-4342,0.688646,0.736985,4490.919,0.19904602
0.054845,2682.027,5429.38,2.03553,2.33653,2499.1427,2268.5411,not_available,164.361244,389.57962,983.615159,20.477332,4.12616,0.406575,6.13277,-53.9639,15.35846622,0.0,No,No,Terrestrial-like,ML-Host-4344,0.875121,0.993597,5497.432,0.81237122
79.493096,52810.974,1030.762,7.60934,20.04636,15.4061,14.4178,4307.819056,3423.433106,5192.205006,41229.38078,7.598289,13.61408,0.205298,115.26886,-170.747,0.00035348,8.0,No,No,Neptune-like,ML-Host-4347,1.874033,1.591248,7878.985,8.79127235
5.285723,12605.747,5039.646,8.88041,10.58037,3691.7948,3293.2992,96.862952,83.846658,109.879245,206.017678,34.191519,12.63673,0.134378,0.94905,55.744,0.00026165,0.0,No,No,Terrestrial-like,ML-Host-4348,0.853262,0.873537,5829.987,0.79419608
762.004929,146891.217,459.168,9.42827,37.21464,14.47,15.3516,319.830824,214.905763,424.755885,1044.740249,22.262666,17.75124,0.328064,169.45624,-58.0957,0.04203702,5.0,No,Yes,Gas-giant-like,ML-Host-4350,1.194436,1.269168,6048.781,1.94269471
1295.768006,155104.312,663.219,14.37955,47.22637,11.9796,11.587,1361.560005,830.577804,1892.542206,10039.99448,9.862079,0.5185,0.389981,16.29797,-212.5814,0.01346637,8.0,Yes,Yes,Gas-giant-like,ML-Host-4351,0.997842,1.15553,5509.227,1.10820364
3212.386566,133544.651,2576.023,48.08842,80.13708,12.708,12.0508,502.225386,320.313991,684.136781,2251.381053,16.22239,3.46453,0.362211,11.07463,-119.0037,0.00063979,9.0,Yes,No,Gas-giant-like,ML-Host-4352,0.995902,0.962709,5656.92,0.8550771
233.52348,70433.153,1276.44,12.5673,29.75155,17.2783,19.2007,2398.01499,1990.316582,2805.713398,24886.89591,7.007229,6.15538,0.170015,83.13814,-232.6187,0.0,2.0,Yes,Yes,Neptune-like,ML-Host-4353,0.887223,0.834719,5576.636,0.60710647
345.219129,99069.728,678.068,9.39028,30.5007,14.6298,12.9806,642.624106,630.373013,654.875199,3561.287302,13.122458,3.95367,0.019064,9.04609,-160.5576,0.00014557,3.0,No,Yes,Gas-giant-like,ML-Host-4354,0.833826,0.957201,invalid,0.44031857
137.405504,53461.581,1717.434,12.83472,26.19474,8.9654,7.3997,6553.958065,5089.971686,8017.944444,124161.1938,3.838689,6.00026,0.223374,50.15527,-226.6063,0.16528869,4.0,Yes,Yes,Neptune-like,ML-Host-4356,0.727709,0.925586,4614.396,0.3499356
0.080956,3425.563,3846.419,1.84184,2.51184,1509.538,1499.1958,102.94284,95.407808,110.477873,182.977991,40.913108,9.08216,0.073196,10.37355,228.3113,0.02144076,0.0,No,No,Terrestrial-like,ML-Host-4358,1.298402,1.374426,7133.73,4.40761729
6.42024,13468.425,5018.827,9.44895,11.28106,32.1967,29.9816,201.644767,174.011628,229.277906,562.056649,26.089878,11.3163,0.137039,6.34178,-1.0947,69.67289555,0.0,No,No,Terrestrial-like,ML-Host-4361,1.034235,1.112893,4889.153,0.63758143
3134.27757,182713.3,981.36,25.06472,67.67317,17.568,18.9809,999.63771,579.025797,1420.249624,4775.55146,15.22244,4.74385,0.420764,13.17528,-39.5695,226.7288979,11.0,No,Yes,Gas-giant-like,ML-Host-4364,1.745417,1.542899,7256.772,5.94762376
0.328446,4906.872,5309.465,3.64183,4.22729,6794.7985,7309.3681,46.988073,45.487491,48.488656,68.602014,49.809932,11.78456,0.031935,171.796,205.8447,3.2e-05,0.0,No,No,Terrestrial-like,ML-Host-4366,0.878431,1.079736,5402.162,0.89454107
101.95809,46069.952,1991.452,12.82484,24.30719,11.0918,10.8755,2345.227906,2191.281803,2499.17401,23957.45605,7.118845,1.2796,0.065642,77.76216,-215.0823,0.00033784,1.0,No,Yes,Neptune-like,ML-Host-4368,0.895555,0.909712,5490.355,0.67749201
0.114428,3845.193,3843.974,2.06616,2.81865,1506.1865,1322.8676,4.480361,2.010797,6.949924,1.765636,184.53428,10.35445,0.551197,153.48741,1998.0154,0.01773898,0.0,No,No,Terrestrial-like,ML-Host-4371,1.149622,1.230351,7359.774,4.00138751
1308.42799,136387.773,984.974,18.77866,50.6081,-12.0557,11.661,170.624017,161.425812,179.822222,484.259486,25.622836,4.92244,0.053909,156.82562,-43.7882,1.93e-05,7.0,No,Yes,Gas-giant-like,ML-Host-4374,0.844078,0.894831,5737.347,0.78166515
0.007976,2040.202,1793.747,0.51156,1.02161,240.0774,241.3935,2468.792662,1886.045699,3051.539626,24273.8747,7.396235,7.2125,0.236045,133.51777,-175.5913,23.6306388,0.0,No,No,Terrestrial-like,ML-Host-4375,1.01764,1.034477,5836.076,1.11845847
0.42312,5300.336,5426.933,4.02089,4.6165,33.6092,34.2464,84.343163,32.378228,136.308098,103.215999,59.424843,3.26164,0.616113,15.03793,466.6696,0.00022817,0.0,No,No,Terrestrial-like,ML-Host-4385,2.244265,1.815214,8760.794,17.48736193
0.019078,2262.076,3147.77,0.99535,1.50052,228.6758,200.3431,4314.710763,2158.674331,6470.747196,45586.46102,6.883051,1.51052,0.499694,120.89706,-166.0741,3.64e-05,0.0,No,No,Terrestrial-like,ML-Host-4388,1.540287,1.450831,7030.87,4.63409419
447.390482,75530.686,1982.978,20.93657,39.76624,8.6238,8.1607,11967.82966,9682.212993,14253.44632,285088.4393,3.052818,2.0623,0.19098,50.06243,-220.8576,0.00131476,6.0,Yes,Yes,Gas-giant-like,ML-Host-4391,0.840438,0.737733,6064.548,0.66326511
231.712138,62400.049,1821.358,15.8871,31.4858,10.3215,12.1319,4574.991128,4184.852719,4965.129536,82628.41599,4.026484,8.50802,0.085276,24.59353,-193.5099,0.90191951,3.0,Yes,No,Neptune-like,ML-Host-4395,0.558895,0.700415,4506.228,0.1822462
0.977125,7406.749,4592.706,4.75511,5.93464,1504.7841,1555.5727,64.25157,63.413305,65.089836,106.865271,43.72324,6.24229,0.013047,165.92711,113.2614,1.37e-05,1.0,No,No,Terrestrial-like,ML-Host-4397,0.925543,0.926184,5516.983,0.71597197
5.422892,10579.713,8746.023,12.93448,11.69799,2836.7327,2884.8835,122.511619,110.00956,135.013677,214.584127,41.518806,12.88398,0.102048,15.5573,194.3008,0.0,0.0,No,No,Terrestrial-like,ML-Host-4401,1.591311,1.646263,6678.621,4.85781109
4.560936,13368.721,3645.741,6.81302,9.54366,2542.3935,2443.1356,39.938546,37.782168,42.094923,69.152117,42.000257,3.06768,0.053992,10.81518,57.9174,0.00119832,1.0,No,No,Terrestrial-like,ML-Host-4411,0.530865,0.746893,4278.201,0.16836683
2.570105,9635.757,5486.491,7.39001,8.4385,7204.664,7792.5769,78.475767,71.137891,85.813643,162.741992,35.067202,7.0178,0.093505,177.4307,89.7556,4.13823363,1.0,No,No,Terrestrial-like,ML-Host-4412,0.727153,0.874433,5383.705,0.57872621
81.19261,46800.976,1512.701,9.89629,21.52106,35.3324,34.8553,1049.239953,954.395585,1144.084322,7701.817288,9.907105,8.90568,0.090393,19.84102,-142.8514,0.0,0.0,No,Yes,Neptune-like,ML-Host-4416,0.775991,0.817512,4789.141,0.3167477
0.21452,4640.974,4098.659,2.65898,3.51287,27.6147,22.9669,124.021259,96.633948,151.40857,246.086303,36.649991,2.21131,0.220828,13.49838,92.7396,0.00296824,0.0,No,No,Terrestrial-like,ML-Host-4419,1.255255,1.184862,6322.628,2.02125382
338.07561,89299.541,906.708,11.3183,31.7918,-3.8804,3.7641,595.950023,551.960878,639.939169,3998.751521,10.838036,3.91235,0.073813,34.96745,-195.2737,0.0478462,3.0,Yes,Yes,Gas-giant-like,ML-Host-4423,0.527472,0.639565,4254.075,0.12069386
0.361396,5254.134,4758.625,3.495,4.28523,8.1612,7.1578,465.018213,429.506721,500.529706,1693.111307,19.973291,7.23696,0.076366,49.94786,-15.0424,25.32219279,0.0,No,No,Terrestrial-like,ML-Host-4426,1.39784,1.320422,6574.324,2.93443407
3.395725,12517.61,3306.509,5.78569,8.51017,7.1457,7.8002,205.179178,170.857149,239.501207,922.205507,16.179711,2.00921,0.167278,51.35424,-117.6502,3.58682766,0.0,No,Yes,Terrestrial-like,ML-Host-4429,0.404728,0.425057,3783.431,0.03335276
0.987207,6893.366,5755.933,5.5464,6.18331,1069.8145,886.2465,64.756668,62.057009,67.456327,154.467862,30.486778,7.66107,0.041689,166.18113,-48.4658,0.00066152,--,No,No,Terrestrial-like,ML-Host-4430,0.453519,0.518572,3768.388,0.04885794
135.004555,72199.443,685.091,6.91427,22.34293,22.213,22.2856,6153.216133,5678.74647,6627.685796,108443.9555,4.126311,0.64296,0.077109,86.22404,-253.3738,0.00093533,2.0,Yes,No,Neptune-like,ML-Host-4431,0.789431,0.733142,4947.692,0.29018962
22.131174,26333.125,2314.721,8.52051,14.97904,-15.0843,14.8494,5654.919981,5570.265579,5739.574384,126628.1284,3.247592,0.37104,0.01497,5.37475,-217.2201,6.33492401,2.0,No,No,Super-Earth-like,ML-Host-4440,0.449405,0.449102,3960.215,0.04469515
3296.101219,165709.47,1383.439,32.04584,72.87179,11.9685,11.5079,2343.600993,2219.77731,2467.424676,35720.28429,4.771269,0.22407,0.052835,13.11466,-249.622,0.0,13.0,Yes,Yes,Gas-giant-like,ML-Host-4445,0.402013,0.45117,3741.012,0.03591952
5.942493,abc,6037.005,10.41523,11.33772,29.1913,25.7605,232.331615,226.162731,238.500498,744.424952,22.696169,1.20132,0.026552,59.71249,-75.2616,0.19514584,1.0,No,Yes,Terrestrial-like,ML-Host-4452,0.901782,0.803822,5090.693,0.39095047
87.02198,44023.115,1947.996,11.98762,22.97243,14.9816,15.1379,9346.55516,8641.276883,10051.83344,190537.7587,3.567268,4.64986,0.075459,44.43688,-238.2163,0.00209416,2.0,No,No,Neptune-like,ML-Host-4455,0.896213,0.881569,5839.894,0.81437974
10.480179,14896.1,6055.532,12.60925,13.70506,5094.8867,4666.261,135.700408,125.532798,145.868018,410.92088,24.015306,2.06462,0.074927,155.61715,-119.8305,0.00406467,1.0,No,No,Terrestrial-like,ML-Host-4456,0.58972,0.685406,4325.594,0.14817433
299.61958,71721.257,1551.057,15.55035,33.39597,22.5779,25.7213,600.408952,554.278253,646.539652,1950.847576,22.38149,4.8042,0.076832,112.88879,73.3754,100.9108057,4.0,Yes,Yes,Gas-giant-like,ML-Host-4457,2.266279,1.847918,8323.906,14.76959842
1443.31071,114920.539,1816.219,29.1763,57.90472,6.8376,7.3048,979.56585,811.974863,1147.156838,6608.159433,10.779989,7.22754,0.171087,14.66221,-143.1098,33.87686139,15.0,No,No,Gas-giant-like,ML-Host-4462,0.857745,0.902504,5400.314,0.62412198
32.634041,37302.763,1200.741,6.26116,15.28262,34.3697,34.9643,4003.144712,3145.045214,4861.24421,47818.73287,6.087913,1.59818,0.214356,51.64785,-211.5313,0.11049832,1.0,No,Yes,Super-Earth-like,ML-Host-4464,1.11796,1.114301,6364.618,1.83564664
321.834451,102332.704,573.575,8.20483,28.97623,19.9205,18.5041,554.177254,540.655756,567.698752,2171.612933,18.558012,3.47287,0.024399,26.74036,-36.9854,37.82844812,3.0,Yes,Yes,Gas-giant-like,ML-Host-4467,1.438135,1.195326,6338.185,2.0774343
548.572672,120025.667,605.917,10.16604,34.93115,7.7473,7.4189,11265.09615,10976.06551,11554.12679,209391.4018,3.912382,10.73454,0.025657,31.54941,-207.1918,0.00075975,5.0,Yes,Yes,Gas-giant-like,ML-Host-4469,1.299288,1.253322,7221.836,3.84955296
478.522479,79473.46,1820.696,20.22664,40.09341,21.3657,19.9346,1222.491477,1127.521694,1317.461259,10785.68116,8.242585,6.15912,0.077685,124.67365,-208.3656,0.1870712,6.0,Yes,Yes,Gas-giant-like,ML-Host-4471,0.625836,0.796753,4308.899,0.19715496
705.601691,125574.342,680.547,11.94603,38.73131,10.4444,9.8302,3759.915008,3046.115531,4473.714485,67178.61293,4.070166,9.17654,0.189845,41.02579,-248.9481,0.00592974,6.0,Yes,Yes,Gas-giant-like,ML-Host-4473,0.469343,0.49586,4377.218,0.08132161
28.346215,25688.194,3193.712,11.46816,17.16381,16155.1784,14477.8194,100.405594,73.735481,127.075707,194.207783,37.597282,12.68452,0.265624,5.66248,170.0217,111.7789812,1.0,No,No,Super-Earth-like,ML-Host-4475,1.069446,0.907059,6747.293,1.53632736
431.409196,86819.029,1259.059,15.28007,36.42253,20.0643,21.4215,699.188917,394.254909,1004.122925,5052.52666,10.063547,2.09519,0.436125,111.23168,-216.3687,8.18e-05,5.0,Yes,Yes,Gas-giant-like,ML-Host-4480,0.533562,0.497917,4301.144,0.07644426
0.054329,3622.447,2182.853,1.10533,2.001,216.5566,201.0824,1999.894178,1861.41604,2138.372317,18645.26492,7.800162,5.05415,0.069243,139.62164,-195.9979,0.0,0.0,No,No,Terrestrial-like,ML-Host-4485,0.916859,1.027424,5329.697,0.76736854
1546.476482,156458.577,771.164,16.86593,51.36944,14.1505,14.2968,599.046641,535.410837,662.682445,2802.691851,15.543559,3.21243,0.106228,17.10463,-123.4501,0.0,11.0,Yes,Yes,Gas-giant-like,ML-Host-4487,1.09056,1.137859,6005.203,1.5169897
35.207386,40941.819,979.792,5.60745,15.15187,20.6472,20.7394,5363.254472,3337.462818,7389.046126,76868.32898,5.073949,4.33649,0.377717,99.33676,-229.2311,0.00104853,3.0,No,Yes,Super-Earth-like,ML-Host-4488,1.04042,1.027569,5599.825,0.93543671
0.533269,6604.437,3535.413,3.26393,4.64289,22.8772,21.9295,62.902986,48.59645,77.209523,119.409309,38.308774,0.88643,0.227438,22.44676,67.6823,0.05705665,invalid,No,No,Terrestrial-like,ML-Host-4489,0.695594,0.715143,5398.259,0.39128687
510.067272,94546.268,1152.645,15.23366,37.9511,27.6029,29.9085,10020.08236,9028.641678,11011.52304,239971.6063,3.036523,0.30658,0.098945,115.6623,-260.3314,0.0,11.0,No,No,Gas-giant-like,ML-Host-4491,0.696166,0.624869,4846.116,0.19402052
922.950907,124080.558,922.718,16.00431,44.56258,14.8704,15.8095,684.401378,495.072968,873.729788,5254.708873,9.471688,13.16771,0.276634,174.62259,-199.7282,0.00224816,8.0,Yes,No,Gas-giant-like,ML-Host-4492,0.462651,0.514922,3928.999,0.05692533
2025.18126,123301.133,2063.308,35.56276,66.21879,6.8326,7.5837,271.54522,253.978352,289.112089,845.617215,23.352508,11.49698,0.064692,12.33744,-45.5641,1.96502236,12.0,Yes,No,Gas-giant-like,ML-Host-4495,1.115828,1.081036,5775.801,1.17172116
12.607768,16479.066,5380.737,12.39478,14.29176,8117.0279,8052.9978,100.273874,83.87903,116.668719,179.713628,40.576255,7.95286,0.163501,152.43167,124.4585,0.63227419,4.0,No,No,Super-Earth-like,ML-Host-4498,1.243998,1.306243,5944.673,1.91979449
0.015411,2501.55,1880.188,0.65747,1.28245,216.0424,230.4227,2609.431245,1857.136439,3361.72605,32232.88283,5.887242,10.49548,0.288298,96.98008,-215.634,0.00042097,0.0,No,No,Terrestrial-like,ML-Host-4499,0.681487,0.658349,4910.883,0.22711454
280.661756,82574.047,952.037,10.98909,30.12331,47.0331,45.5681,4025.369495,3456.306973,4594.432017,42714.22761,6.853278,0.44153,0.141369,39.23974,-222.279,0.00028355,5.0,No,Yes,Neptune-like,ML-Host-4503,1.424592,1.358485,6707.194,3.36486887
3.203768,11521.626,4000.562,6.44316,8.61602,74.4876,77.1273,98.138522,98.09585,98.181195,204.384757,34.918549,1.87424,0.000435,30.51928,78.0998,91.39231642,0.0,No,No,Terrestrial-like,ML-Host-4506,0.901654,0.870594,5306.955,0.54163623
0.054268,3424.806,2580.112,1.2352,2.05678,112.0333,116.7253,5992.590901,3839.636801,8145.545001,77617.79425,5.614596,6.55765,0.359269,148.59353,-245.4486,0.00403008,0.0,No,No,Terrestrial-like,ML-Host-4510,1.423442,1.237389,6528.58,2.50600696
665.450341,127594.865,611.811,10.91227,37.3142,20.0462,19.4221,1622.002511,1507.366836,1736.638186,15484.59106,7.617579,2.86346,0.070675,42.82388,-178.4245,12.01420326,6.0,Yes,Yes,Gas-giant-like,ML-Host-4511,0.709208,0.652046,5618.041,0.3815851
785.106701,128810.459,701.579,12.63258,40.33868,43.5549,39.2773,1220.051772,1193.313233,1246.790312,9986.252294,8.884662,3.84804,0.021916,175.42603,-159.2744,2.00463005,8.0,No,Yes,Gas-giant-like,ML-Host-4513,0.725685,0.815083,5033.614,0.38425365
9.539681,15724.054,4686.425,10.30079,12.72675,43.1974,46.8224,80.414248,51.64097,109.187527,163.728835,35.716839,0.49415,0.357813,4.40572,55.5067,0.09586224,0.0,No,Yes,Terrestrial-like,ML-Host-4515,0.772978,0.932944,4935.601,0.46533504
26.26284,20887.067,5504.409,16.07135,18.32167,47.0253,49.6821,297.436753,224.9557,369.917806,964.103434,22.435522,7.03345,0.243686,37.51862,-51.7952,0.00177032,0.0,No,Yes,Super-Earth-like,ML-Host-4518,1.12812,1.170425,5737.829,1.33774178
93.93467,64345.908,673.387,6.05689,19.74174,14.7028,15.9835,4534.772544,2731.99511,6337.549978,81373.49864,4.052637,4.05617,0.397545,13.36267,-186.7363,15.2558815,2.0,No,Yes,Neptune-like,ML-Host-4520,0.561202,0.640767,4460.05,0.14637051
70.048515,47350.897,1260.131,8.34081,19.87322,18.7385,20.2577,3194.37555,2454.002877,3934.748222,27729.1927,8.37749,12.75701,0.231774,121.24102,-167.3997,0.15835823,1.0,No,Yes,Neptune-like,ML-Host-4528,1.689281,1.649227,7102.7,6.23662376
50.025151,36462.921,1970.768,10.04503,19.13821,25.6967,22.6921,4374.040786,3486.25709,5261.824481,53219.68661,5.976896,0.92897,0.202966,27.027,-221.1576,0.0,1.0,No,Yes,Super-Earth-like,ML-Host-4529,1.177395,1.305657,5995.608,1.9846583
0.950095,6929.754,5452.746,5.28199,6.05003,933.9615,952.5236,invalid,116.060098,139.475447,266.806012,34.824981,6.02363,0.091632,152.0648,43.3863,2.43e-05,0.0,No,No,Terrestrial-like,ML-Host-4532,1.167592,1.070016,6023.423,1.35784029
1095.795701,152405.095,591.197,12.59495,43.81249,31.5502,30.6419,9799.084193,6157.076833,13441.09155,199030.4108,3.580397,2.89653,0.371668,56.56193,-247.3687,0.48173708,9.0,Yes,Yes,Gas-giant-like,ML-Host-4536,0.946534,0.876214,5643.374,0.70156953
0.012422,2122.373,2481.562,0.73623,1.25002,98.4769,96.434,11967.82966,10531.1243,13404.53501,400715.0589,2.171925,1.07346,0.120047,113.21615,-257.5895,0.00635389,0.0,No,No,Terrestrial-like,ML-Host-4537,0.425396,0.532054,3839.789,0.05544164
0.003728,1531.525,1982.012,0.42432,0.80614,63.2946,63.3149,616.472126,503.701378,729.242873,3240.913699,13.832834,5.25161,0.182929,151.06985,-137.1165,10.76670125,0.0,No,No,Terrestrial-like,ML-Host-4544,0.888841,0.814429,5038.659,0.38517755
313.056655,91268.629,786.429,10.03334,30.26102,4.5843,4.2037,2351.460382,2327.092554,2375.82821,23272.41718,7.347868,9.74745,0.010363,45.33839,-191.5045,131.9183521,4.0,Yes,Yes,Gas-giant-like,ML-Host-4546,0.95664,0.939597,5523.642,0.74042339
2081.044473,137989.869,1512.659,29.17781,63.45268,12.2173,12.2938,207.662392,179.433778,235.891006,864.464685,17.469311,7.28076,0.135935,167.19068,-123.9206,0.0,14.0,No,No,Gas-giant-like,ML-Host-4549,0.477527,0.722132,4056.968,0.12727239
5.351251,12319.162,5466.549,9.41366,10.76887,23.6688,25.9944,243.192811,217.210549,269.175072,860.889292,20.543224,12.93898,0.106838,42.19784,-128.6243,0.00010552,0.0,No,No,Terrestrial-like,ML-Host-4550,0.77335,0.799452,4855.138,0.31995261
2.783681,9948.537,5399.371,7.50873,8.64297,2138.5652,1819.3911,56.487552,37.181698,75.793407,84.237567,48.765437,2.51631,0.341772,2.31559,199.9766,0.0,1.0,No,No,Terrestrial-like,ML-Host-4552,1.012197,1.121684,5880.708,1.35567165
0.124168,3656.351,4851.398,2.47959,3.01102,1844.4206,1904.419,566.275406,551.502757,581.048055,2258.265069,18.235512,0.41704,0.026087,21.77704,-17.0538,119.9768195,0.0,No,No,Terrestrial-like,ML-Host-4555,1.4189,1.38749,6737.325,3.57358553
69.272774,51172.393,987.317,7.06247,19.01062,8.0862,8.1112,3477.288729,2971.918609,3982.658848,45666.54338,5.537424,11.6232,0.145335,45.01439,-230.8079,2.74e-05,1.0,No,Yes,Neptune-like,ML-Host-4568,0.803423,0.761816,5743.726,0.56907508
0.378917,5736.087,3834.404,3.07452,4.19949,3514.1313,3323.4171,98.875979,76.684046,121.067912,263.17563,27.321863,13.18775,0.224442,33.44495,-98.7151,0.00046137,0.0,No,No,Terrestrial-like,ML-Host-4573,0.55616,0.606076,4401.61,0.12422091
64.806754,44952.553,1362.569,8.56204,19.6185,9.0906,10.6386,6924.353409,6788.786923,7059.919894,112700.275,4.468064,6.34006,0.019578,105.82705,-183.2964,96.08152931,6.0,No,Yes,Neptune-like,ML-Host-4574,1.041613,1.03979,5827.135,1.12306948
5.518796,11620.448,6717.027,10.91099,11.26013,4670.2743,4954.5887,563.529431,386.005242,741.053621,3638.57536,11.262905,8.60498,0.315022,3.45561,-189.3731,0.0,1.0,No,No,Terrestrial-like,ML-Host-4576,0.538649,0.623656,3990.249,0.08883521
0.084841,3120.677,5331.637,2.32581,2.69408,1289.7498,1206.103,8.656351,6.450503,10.862198,4.270145,147.420332,3.4111,0.254824,165.51571,1285.1574,0.0,1.0,No,No,Terrestrial-like,ML-Host-4577,1.417548,1.226157,6850.598,2.98332674
0.324875,5781.852,3210.087,2.59447,3.87309,1961.8998,1926.4619,211.561832,155.727245,267.396418,1102.074254,13.9602,1.06129,0.263916,16.62014,-173.6571,0.47008784,0.0,No,No,Terrestrial-like,ML-Host-4581,0.310677,0.368233,3119.197,0.01156409
133.581584,46569.843,2526.002,16.44382,27.67284,11.8421,14.0279,1828.502465,1678.426045,1978.578885,18417.09082,7.220042,15.37541,0.082076,110.44134,-163.1879,6.46376877,1.0,No,Yes,Neptune-like,ML-Host-4588,0.718229,0.73062,5567.681,0.46214172
0.098394,3088.656,6377.672,2.75357,2.9163,1161.9751,1238.9914,32.580425,24.616169,40.544681,33.116854,71.54394,5.22677,0.244449,177.26106,453.4049,0.0,0.0,No,No,Terrestrial-like,ML-Host-4591,error,0.999977,7106.474,2.29769011
0.653763,7592.539,2852.731,3.0277,4.79457,29.5825,26.9359,151.530593,133.276115,169.785072,572.666294,19.242606,4.27216,0.120467,167.47369,-110.8743,1.13725211,0.0,No,No,Terrestrial-like,ML-Host-4596,0.422782,0.533276,3578.807,0.04202919
24.851412,19239.957,6664.08,17.92291,18.56976,37.3729,39.3848,62.460403,58.515906,66.4049,102.792227,44.188543,0.25861,0.063152,3.82169,166.4413,0.00024441,0.0,No,No,Super-Earth-like,ML-Host-4601,0.918993,0.948648,5837.549,0.94151437
211.767824,66727.621,1361.27,12.69739,29.10784,22.464,21.4152,1766.21749,1593.446984,1938.987995,17403.42963,7.380309,0.30447,0.097819,119.95197,-186.3563,9.74909975,5.0,Yes,Yes,Neptune-like,ML-Host-4612,0.724905,0.683158,4904.951,0.24337502
0.092817,3142.774,5710.722,2.50881,2.80796,1733.3995,1680.6268,119.084519,112.933146,125.235892,246.409299,35.144987,8.42243,0.051656,1.59698,56.462,0.01727583,0.0,No,No,Terrestrial-like,ML-Host-4613,1.108333,1.063543,6115.591,1.42547272
2.891506,10664.775,4552.714,6.78713,8.50784,34.2395,33.0395,270.03723,253.509801,286.564658,939.263538,20.907464,10.77671,0.061204,81.5665,-122.4673,0.00124326,0.0,No,Yes,Terrestrial-like,ML-Host-4617,0.889436,0.813946,5293.089,0.46851423
242.044368,62997.875,1848.922,16.28204,32.02708,-5.2917,5.9326,3455.626007,3137.785189,3773.466824,42009.85635,5.981922,1.2241,0.091978,6.22664,-216.2212,0.00080981,2.0,Yes,No,Neptune-like,ML-Host-4623,0.931743,0.823677,5173.774,0.43796377
1.278161,6109.065,10706.873,9.14327,7.47374,2212.0581,2348.1459,171.901179,168.969811,174.832546,515.529558,24.248812,1.27409,0.017053,24.87755,-46.3867,0.59265364,0.0,No,No,Terrestrial-like,ML-Host-4624,0.761637,0.737622,5329.264,0.39539482
0.319071,4099.559,8844.584,5.06849,4.55835,1719.7964,1565.4436,13.474084,11.088555,15.859612,9.304261,105.313131,0.4549,0.177046,165.70514,724.0984,4.33e-05,0.0,No,No,Terrestrial-like,ML-Host-4629,1.126036,1.075532,5929.704,1.28846672
426.190547,119473.214,477.302,7.97129,30.86025,19.8854,19.4858,not_available,677.419671,1074.005891,7133.092038,8.927894,5.45743,0.226436,41.19597,-218.7021,0.03185183,5.0,No,Yes,Gas-giant-like,ML-Host-4632,0.525954,0.57947,4551.159,0.12979121
1.070731,7479.544,4887.158,5.10971,6.18209,1246.4475,1291.1009,57.729311,48.15014,67.308481,85.628761,49.027741,3.82173,0.165933,8.69051,215.9424,0.0,0.0,No,No,Terrestrial-like,ML-Host-4633,1.045606,0.997546,6425.133,1.52787991
652.238428,96913.515,1368.531,18.53973,42.38809,9.723,10.4607,2262.891986,2045.818304,2479.965669,26584.50483,6.190139,6.89884,0.095928,9.42755,-223.3389,21.11920227,5.0,No,Yes,Gas-giant-like,ML-Host-4636,0.65336,0.777373,5125.807,0.37583996
0.721051,6202.15,5772.185,5.00434,5.57115,3005.2787,2887.7143,4.066839,3.738484,4.395195,1.477556,200.160484,5.36968,0.08074,169.67482,1437.2842,9.77e-05,1.0,No,No,Terrestrial-like,ML-Host-4639,1.227727,1.045876,5781.838,1.10133299
1.759094,8731.984,5046.051,6.15927,7.33366,772.5479,798.252,13.27951,11.116918,15.442102,12.732046,75.848854,0.969,0.162852,176.69754,219.8995,2.15e-05,1.0,No,No,Terrestrial-like,ML-Host-4641,0.575663,0.659206,3994.922,0.09971739
3117.665882,177296.365,1068.394,26.47864,68.5169,10.6111,11.0754,182.539811,144.353482,220.72614,411.908555,32.227155,2.6647,0.209195,40.70871,87.5324,13.38744307,7.0,No,Yes,Gas-giant-like,ML-Host-4642,1.428531,1.422815,6089.59,2.50809277
2441.730724,150106.832,1378.789,28.93094,65.89941,8.7188,8.3606,456.745393,371.704267,541.786519,2189.529557,15.170103,6.9089,0.186189,13.1758,-90.4015,35.17116375,14.0,No,No,Gas-giant-like,ML-Host-4649,0.792026,0.792122,5072.669,0.37430448
1.326824,8297.234,4436.237,5.14532,6.53391,2488.637,2554.8373,75.760796,67.162305,84.359287,161.362839,34.143354,4.21318,0.113495,176.7342,3.42,0.0,0.0,No,No,Terrestrial-like,ML-Host-4650,0.665495,0.695675,4708.338,0.21427853
135.176979,55418.544,1516.836,11.75055,25.51859,16.1325,14.6501,1665.632177,1206.19948,2125.064874,14819.25948,8.173683,2.18248,0.275831,106.45117,-217.8334,7.13e-05,5.0,No,No,Neptune-like,ML-Host-4652,0.838499,0.946001,5078.689,0.53639441
1086.797302,136946.858,808.153,15.47071,46.02895,9.061,9.306,2601.303932,1968.495618,3234.112246,31440.02894,6.016908,7.2641,0.243266,47.12537,-225.8176,9.33e-05,11.0,Yes,Yes,Gas-giant-like,ML-Host-4656,0.70962,0.770073,4461.472,0.21167589
0.029804,3160.54,1802.97,0.79655,1.58667,455.2844,411.6962,5407.738446,5149.525891,5665.951002,94528.92502,4.160218,12.62437,0.047749,121.1197,-195.4865,24.5553205,0.0,No,No,Terrestrial-like,ML-Host-4661,0.705239,0.774632,4394.703,0.20165267
79.335283,46777.271,1480.346,9.67971,21.27887,6.6849,6.8596,3506.679748,1567.304779,5446.054717,52098.80772,4.894784,7.53973,0.553052,28.36603,-214.3326,1.8231117,0.0,No,Yes,Neptune-like,ML-Host-4662,0.633069,0.741167,4643.259,0.23004823
35.719521,31677.585,2146.104,9.50314,17.35041,4.4183,3.9859,2237.802381,1604.939548,2870.665213,26295.76499,--,0.4627,0.282806,35.16274,-242.0672,0.00555509,2.0,No,Yes,Super-Earth-like,ML-Host-4667,0.645821,0.815583,4518.769,0.24986858
19.854644,18578.832,5913.005,15.35646,16.89097,13.9645,13.9992,202.847853,128.83056,276.865146,550.331275,26.804728,0.34278,0.364891,14.99902,-17.0619,0.0040825,0.0,No,Yes,Super-Earth-like,ML-Host-4668,1.0982,1.05625,5750.807,1.09936968
275.458378,86724.713,806.545,9.77768,29.11987,4.4276,4.2139,1349.079773,1216.552421,1481.607124,9535.160342,10.289039,1.57517,0.098235,28.33801,-137.1829,0.01798482,5.0,Yes,No,Neptune-like,ML-Host-4673,1.076156,1.418205,7152.753,4.74313491
1065.307248,106491.053,1684.756,25.07924,51.67896,34.6612,34.3748,7755.066682,7192.880535,8317.252829,100771.1844,5.596472,4.56862,0.072493,27.24915,-205.4556,0.00038997,9.0,No,No,Gas-giant-like,ML-Host-4674,1.830216,1.599965,8483.91,11.94813449
121.646861,57033.827,1252.29,9.98393,23.86256,22.6354,23.1505,2001.837085,1637.648401,2366.025769,25522.71803,5.703835,4.55682,0.181927,106.25853,-228.2431,0.00353918,1.0,Yes,No,Neptune-like,ML-Host-4675,0.490739,0.625548,4295.744,0.12005207
1.198945,8012.19,4451.914,4.98612,6.32058,24.6842,23.7957,10.595885,9.479864,11.711906,7.47606,103.06938,10.40272,0.105326,53.48993,596.2318,0.21482256,0.0,No,No,Terrestrial-like,ML-Host-4678,0.848173,0.953061,4765.847,0.42217888
0.016126,2350.583,2371.346,0.77917,1.35333,419.9934,443.2079,6101.007299,3847.923528,8354.09107,97314.01833,4.559228,4.45468,0.369297,159.88376,-260.0239,0.01566433,0.0,No,No,Terrestrial-like,ML-Host-4680,0.955592,0.948405,5423.181,0.70096978
280.743825,93160.602,663.155,8.63597,28.36428,14.1164,14.9512,967.543193,726.519892,1208.566494,6506.953019,10.81329,4.36478,0.249109,31.82671,-198.7729,0.0,1.0,Yes,No,Neptune-like,ML-Host-4682,0.85246,0.858623,5761.108,0.7316843
5.397525,10238.688,9604.242,13.74585,11.86337,41.1364,39.7863,191.271009,122.805043,259.736976,587.368044,23.681217,13.25981,0.357953,9.97498,-82.3972,0.00080683,0.0,No,Yes,Terrestrial-like,ML-Host-4688,0.808249,0.839209,5113.737,0.43389871
0.39875,5495.885,4587.639,3.52445,4.40113,3122.0552,3099.0752,36.996187,36.752506,37.239867,55.306346,48.646004,4.4331,0.006587,165.22407,124.947,0.02994434,0.0,No,No,Terrestrial-like,ML-Host-4695,0.659689,0.71283,4699.259,0.22324641
4.825678,11416.867,6193.254,9.88394,10.62279,9016.5792,9076.4403,64.64181,61.663535,67.620086,101.66866,46.237207,8.18597,0.046074,176.60417,202.7387,0.00033088,1.0,No,No,Terrestrial-like,ML-Host-4697,1.041321,1.035656,6419.878,1.64146998
447.429881,72030.9,2286.493,23.02253,40.72264,11.7988,10.0791,10165.13818,7669.955057,12660.32129,194673.3905,3.797273,12.09051,0.245465,54.01432,-179.4659,54.07397335,6.0,Yes,No,Gas-giant-like,ML-Host-4706,1.104448,1.009186,5694.545,0.96488046
0.006176,2257.525,1025.267,0.32354,0.85464,88.8164,94.6933,11967.82966,10445.71716,invalid,318010.4737,2.736775,6.21345,0.127184,156.03396,-265.1518,0.00018865,0.0,No,No,Terrestrial-like,ML-Host-4709,0.675432,0.76366,4786.519,0.27578679
6.418209,13279.961,5233.894,9.71597,11.35903,4439.0367,5490.1293,172.637371,162.200257,183.074484,356.509782,35.215069,0.67413,0.060457,164.00892,80.3175,0.00320298,1.0,No,No,Terrestrial-like,ML-Host-4716,1.61317,1.448928,6965.094,4.45139341
58.881549,44797.265,1250.91,7.83325,18.73254,-10.5079,10.2235,5528.934469,5099.915563,5957.953376,71171.5505,5.649372,4.31956,0.077595,29.42523,-203.6076,0.0,2.0,No,No,Super-Earth-like,ML-Host-4717,1.329627,1.461715,7119.086,4.94443873
3.927664,10902.915,5787.724,8.82094,9.80683,-11720.1671,12774.7665,82.342365,59.132518,105.552212,231.12955,25.907949,3.61309,0.28187,14.98196,-13.0371,159.2891381,1.0,No,No,Terrestrial-like,ML-Host-4720,0.416464,0.546756,3832.349,0.05809548
3829.992286,190013.306,1066.221,28.32015,73.3567,10.6096,11.2992,2489.475245,2298.868047,2680.082444,17922.61059,10.101171,0.58456,0.076565,10.38135,-124.3728,1.12479097,21.0,Yes,Yes,Gas-giant-like,ML-Host-4727,1.913989,1.759324,7955.33,11.1691311
9819.558502,228198.855,1578.167,50.34203,107.18206,18.028,16.2666,806.722325,346.842639,1266.60201,5337.48095,10.991397,1.44626,0.570059,169.91412,-168.1512,1.70780384,25.0,Yes,Yes,Gas-giant-like,ML-Host-4728,0.734375,0.693236,5107.654,0.29467478
0.619946,5975.878,5548.172,4.63464,5.2627,10.7343,10.9293,53.607912,49.580527,57.635298,100.857575,38.653208,25.56544,0.075127,31.48721,-10.897,0.0,0.0,No,No,Terrestrial-like,ML-Host-4730,0.603515,0.674742,4269.366,0.13627744
6.528311,12479.138,6415.765,11.19173,11.81792,7.2448,7.8609,205.152728,156.580543,253.724913,580.553024,25.698074,0.73397,0.236761,10.8732,-11.735,8.80452303,0.0,No,No,Terrestrial-like,ML-Host-4735,1.020861,0.898934,5828.366,0.84011314
0.443182,6278.506,3419.909,3.00148,4.34106,3902.7225,3669.06,67.044872,60.079274,74.01047,108.14122,45.085769,8.26428,0.103895,12.30875,137.5462,0.0,1.0,No,No,Terrestrial-like,ML-Host-4736,1.026911,0.92358,6173.383,1.11618703
3543.59617,154970.028,1818.455,39.39259,78.13239,8.4119,7.9218,318.931659,290.404571,347.458747,1533.377495,15.125639,12.98599,0.089446,24.39741,-137.5805,4.17e-05,7.0,No,Yes,Gas-giant-like,ML-Host-4737,0.549811,0.644539,4620.632,0.17060739
0.43826,6164.782,3572.563,3.07866,4.35652,1676.9049,1776.5672,35.478438,29.272673,41.684202,73.328437,35.184974,20.50207,0.174917,14.62904,-93.9106,0.0,0.0,No,No,Terrestrial-like,ML-Host-4742,0.330954,0.395773,3122.389,0.01341328
170.140507,65149.996,1175.076,10.7015,26.4046,36.3912,37.2568,280.257003,277.205127,283.308879,1005.214825,20.275089,2.36281,0.01089,69.47397,-49.5326,120.0291977,6.0,Yes,Yes,Neptune-like,ML-Host-4743,0.868101,0.830604,4930.391,0.36728892
47.018536,51348.13,663.28,4.76086,15.63526,24.6095,26.1142,11967.82966,11896.9833,12038.67601,346578.5463,2.511186,1.30958,0.00592,104.07166,-240.9118,2.62356598,3.0,No,Yes,Super-Earth-like,ML-Host-4744,0.568671,0.568474,4278.556,0.09756748
61.686851,39045.127,1979.217,10.80251,20.53741,18.4398,21.1228,3517.86379,3122.580792,3913.146788,30243.55253,8.458851,5.57276,0.112364,29.50497,-138.5445,0.0004459,2.0,No,No,Neptune-like,ML-Host-4746,1.896662,1.866832,7928.407,12.40648443
0.834898,7339.179,4033.593,4.13813,5.51094,34.591,36.2608,1104.875729,898.693892,1311.057567,6935.628546,11.584913,1.58723,0.186611,17.67214,-184.9505,0.0030848,1.0,No,No,Terrestrial-like,ML-Host-4749,1.117345,0.982097,6031.206,1.14979371
2.212291,9363.784,5146.233,6.73605,7.94197,52.4698,54.6404,91.674756,62.826477,120.523034,220.605933,30.220229,11.03939,0.314681,47.40282,34.7451,1.53192392,0.0,No,No,Terrestrial-like,ML-Host-4753,0.630861,0.884266,4740.044,0.355623
6.550299,13644.027,4925.324,9.39381,11.32119,33.2141,31.9606,109.826019,74.674932,144.977106,263.163762,30.348996,4.35555,0.320062,5.36839,-2.6488,0.03474259,2.0,No,No,Terrestrial-like,ML-Host-4754,0.762223,0.826856,5187.624,0.44609572
0.262469,4806.929,4513.118,3.03256,3.81802,1865.6181,1939.3008,60.855477,56.53525,65.175704,108.593074,40.753294,10.46669,0.070992,142.79765,161.708,14.66490725,0.0,No,No,Terrestrial-like,ML-Host-4755,0.761576,0.886529,5598.173,0.69544971
2352.536643,140404.786,1623.275,31.85945,66.88213,5.0897,5.4731,457.547841,423.24569,491.849992,2159.470096,15.408292,8.13644,0.07497,176.72633,-147.8075,0.00082668,14.0,Yes,No,Gas-giant-like,ML-Host-4756,0.818528,0.854762,5187.053,0.47650535
205.465122,71666.928,1066.064,10.67988,27.66575,20.1945,21.4107,1789.041605,1334.254476,2243.828733,11027.01798,11.79852,4.47705,0.254207,110.61998,-97.1949,2.81e-05,4.0,No,Yes,Neptune-like,ML-Host-4758,1.876565,1.964999,8473.086,17.93023722
618.717473,113659.603,804.777,12.78633,38.12203,12.6745,13.4847,869.798144,849.274765,890.321524,5972.441896,10.590872,4.80255,0.023596,29.91494,-187.1634,0.0,0.0,No,Yes,Gas-giant-like,ML-Host-4760,0.73514,1.00463,5053.555,0.59305478
11.78262,16722.123,4812.481,11.24928,13.71539,5135.8859,4841.7351,34.698461,31.648626,37.748295,37.125475,67.967825,9.74225,0.087895,11.17216,353.9505,0.00087051,0.0,No,No,Terrestrial-like,ML-Host-4766,1.207828,1.083804,5949.857,1.326241
583.157297,88605.869,invalid,19.83017,41.91741,28.9714,30.3776,2664.740662,2168.847437,3160.633887,23674.3953,8.185425,6.99532,0.186094,41.38134,-190.8799,1.30954544,7.0,Yes,Yes,Gas-giant-like,ML-Host-4771,1.34532,1.174151,6696.866,2.4982109
0.048193,3167.102,2897.343,1.2827,2.01555,124.5179,133.436,7259.357168,6882.779611,7635.934724,136882.6319,3.856692,2.62647,0.051875,107.653,-246.8141,0.00017545,0.0,No,No,Terrestrial-like,ML-Host-4772,0.81361,0.726698,5230.869,0.35620283
681.248068,127228.111,631.768,11.23582,37.80889,20.4238,20.2945,8237.813018,6812.276356,9663.349681,185236.5164,3.234078,7.26375,0.173048,171.80514,-247.1007,0.03862241,5.0,Yes,Yes,Gas-giant-like,ML-Host-4774,0.649234,0.675433,4790.474,0.21645806
0.268173,5926.375,2460.642,2.03846,3.47573,24.0288,25.5453,103.89654,60.540503,147.252577,180.793318,41.791108,13.87231,0.4173,28.5739,143.9549,0.0,0.0,No,No,Terrestrial-like,ML-Host-4776,1.367278,1.169113,6648.198,2.40560007
487.892531,121804.504,515.627,8.77937,32.70117,11.0302,9.573,2232.77682,1267.410443,3198.143197,25043.17874,6.483672,4.02311,0.432361,22.82733,-196.4511,0.00142434,7.0,Yes,No,Gas-giant-like,ML-Host-4777,0.707254,0.642442,4955.543,0.22424785
0.007029,1790.233,2339.886,0.58556,1.02386,160.6643,155.5142,3532.986363,3461.020586,3604.95214,35354.03182,7.267218,7.52791,0.02037,90.68853,-176.7171,0.14651628,0.0,No,No,Terrestrial-like,ML-Host-4778,1.405939,1.228364,6932.164,3.13923881
1.718724,9855.802,3428.716,4.72376,6.82323,-28.6402,25.5588,353.388017,339.233471,367.542564,1286.712447,19.972641,13.70403,0.040054,15.53536,-105.9119,8.28e-05,0.0,No,No,Terrestrial-like,ML-Host-4781,1.062211,0.914278,6144.311,1.07335606
0.020896,2802.837,1812.468,0.71012,1.4108,82.5135,79.4044,732.257088,616.30272,848.211455,4772.855098,11.157079,2.24293,0.158352,102.03193,-135.7141,0.44202983,0.0,No,No,Terrestrial-like,ML-Host-4782,0.686836,0.773364,4806.779,0.28765979
3.320459,13000.143,2886.391,5.24527,8.25768,6712.9161,7242.7896,637.283855,599.551631,675.016078,3114.630502,14.87961,0.87018,0.059208,172.63058,-141.1027,0.0,0.0,No,No,Terrestrial-like,ML-Host-4783,1.063174,1.09077,5963.721,1.35590768
0.733324,6237.508,5771.175,5.03199,5.60242,584.5581,534.8514,12.269321,10.863792,13.674851,12.743372,70.016654,9.17249,0.114556,14.82824,203.9158,0.00085153,0.0,No,No,Terrestrial-like,ML-Host-4784,0.453222,0.469709,4080.067,0.05508358
240.632303,81330.817,854.26,9.71202,28.10491,25.6891,26.4371,1509.680563,669.345657,2350.015468,12358.59403,8.88344,1.90157,0.556631,72.38089,-183.5445,0.00077289,4.0,Yes,No,Neptune-like,ML-Host-4786,0.897709,0.921534,5502.929,0.70160618
0.124937,3523.283,5455.684,2.68696,3.07684,1440.2569,1321.0387,22.726792,16.002374,29.45121,20.134314,82.085508,1.94457,0.295881,14.85635,577.1756,0.00046258,0.0,No,No,Terrestrial-like,ML-Host-4788,1.153876,1.167957,6465.747,2.1479459
0.2774,4613.132,5396.594,3.48001,4.00671,8.6902,9.5618,240.369227,216.495878,264.242576,828.495741,21.098606,4.81976,0.099319,11.58068,-72.0888,2.01e-05,1.0,No,No,Terrestrial-like,ML-Host-4790,0.806259,0.886213,5337.099,0.57410621
2.599079,9243.578,6284.93,8.12091,8.66408,9.8719,11.8938,338.027531,250.473877,425.581185,974.077048,25.236199,10.52526,0.259013,170.82049,44.8473,10.95512408,0.0,No,Yes,Terrestrial-like,ML-Host-4797,1.622139,1.668849,6707.993,5.08041394
8.864846,12803.097,8067.285,14.43799,13.59599,5173.3861,5549.8991,33.761713,19.242974,48.280453,24.767145,99.131962,5.81839,0.430036,6.74268,975.477,99.30126951,2.0,No,No,Terrestrial-like,ML-Host-4808,2.5,1.879434,8377.665,15.67620501
591.504058,90959.175,1501.134,19.08668,41.66664,23.8053,24.8292,1634.399839,1547.083885,1721.715793,12178.34484,9.759672,3.25676,0.053424,4.55119,-147.587,0.03691485,5.0,No,No,Gas-giant-like,ML-Host-4810,1.173051,1.447381,6400.709,3.16791117
1.365569,8071.292,4960.047,5.5962,6.72076,911.9807,984.4437,116.744378,110.323948,123.164808,188.348912,45.075239,4.87243,0.054996,178.83878,298.1773,66.96316056,0.0,No,No,Terrestrial-like,ML-Host-4813,1.787311,1.85321,7462.005,9.59325392
197.276241,81919.818,685.345,7.84806,25.35571,7.9657,8.1893,8546.614272,8204.617308,8888.611237,154705.4277,4.01748,9.14251,0.040015,170.65419,-265.9907,1.68e-05,3.0,Yes,No,Neptune-like,ML-Host-4814,1.039417,1.078355,6015.703,1.37203051
1.066078,7675.726,4502.272,4.83076,6.0893,21.4266,22.0354,115.944102,97.708459,134.179746,248.376372,33.947169,11.85638,0.15728,43.83489,117.1071,0.01101669,0.0,No,No,Terrestrial-like,ML-Host-4817,1.006802,1.151974,6464.447,2.08787897
0.140327,4632.606,2695.669,1.74565,2.84375,16.9109,17.395,1813.362396,1589.844255,2036.880538,17725.54951,7.439608,9.84659,0.123262,9.96847,-228.2318,0.0,1.0,No,No,Terrestrial-like,ML-Host-4818,0.756263,0.791897,5129.724,0.39120836
0.797731,8553.894,2434.256,2.91068,4.98975,12.3106,12.8974,397.904728,366.192476,429.616979,1799.694374,16.0785,0.12845,0.079698,63.10214,-54.2256,146.9325336,1.0,No,No,Terrestrial-like,ML-Host-4819,0.775101,0.781387,5270.005,0.42429863
0.032293,3108.557,2053.179,0.89217,1.66535,133.8987,142.8934,11967.82966,9197.681656,14737.97766,300889.5545,2.892501,1.77258,0.231466,109.05935,-234.1076,0.0,0.0,No,No,Terrestrial-like,ML-Host-4820,0.754485,0.782427,5099.472,0.37297829
0.078435,3394.352,3830.363,1.81744,2.48376,3454.5503,3465.7998,96.82424,75.649965,117.998515,228.525258,30.811658,16.92154,0.218688,162.39168,9.8331,1.26e-05,0.0,No,No,Terrestrial-like,ML-Host-4821,0.692632,0.858532,4806.093,0.35430394
1129.444726,122684.808,1168.138,20.03314,49.57583,11.5761,11.0762,1231.223009,1174.911389,1287.534629,9638.395482,9.289603,5.46722,0.045736,173.85428,-123.1796,201.5005256,11.0,Yes,Yes,Gas-giant-like,ML-Host-4823,0.800607,0.84066,5243.513,0.48130965
0.149722,4650.057,2843.892,1.84857,2.93189,1622.6121,1523.4677,103.504989,79.115544,127.894433,206.056413,36.529214,6.12488,0.235635,158.8306,81.2093,2.1e-05,0.0,No,No,Terrestrial-like,ML-Host-4824,1.040711,1.050046,6239.08,1.50519811
4.103447,10656.896,6475.273,9.64613,10.13893,22.7327,24.1558,52.918948,49.3346,56.503297,61.815454,62.255728,5.29403,0.067733,37.90035,524.4643,50.29781952,1.0,No,Yes,Terrestrial-like,ML-Host-4829,1.545461,1.801127,7000.43,7.01910916
0.67737,5466.129,7921.145,6.05246,5.75183,7572.1384,8121.2292,49.720232,28.369285,71.071179,63.205629,57.206129,2.62383,0.429422,7.609,308.551,0.53982992,1.0,No,No,Terrestrial-like,ML-Host-4845,1.226045,1.175958,6182.744,1.82055229
120.0694,47885.762,2088.404,13.97929,25.87294,16.5109,15.1751,1983.50011,1641.559192,2325.441028,24563.86269,5.872199,5.95071,0.172393,165.79086,-221.7714,0.01169711,4.0,No,Yes,Neptune-like,ML-Host-4847,0.515373,0.600798,4122.752,0.09395093
177.330846,59948.867,1571.964,13.1731,28.10182,26.8683,24.9023,1338.127169,1287.829777,1388.42456,9213.256458,10.562079,0.93729,0.037588,27.83837,-142.3089,4.95456119,2.0,No,Yes,Neptune-like,ML-Host-4848,1.124823,0.99742,6113.546,1.25205706
1.947298,9126.524,4892.35,6.24148,7.54738,1390.2489,1415.217,97.973419,83.861578,112.08526,248.727796,28.645019,1.59164,0.144037,28.6412,-28.4247,0.20637326,0.0,No,No,Terrestrial-like,ML-Host-4852,0.605752,0.624223,4556.604,0.15133511
0.401127,5857.732,3811.492,3.12096,4.27572,-55.3137,58.0794,280.351017,238.175639,322.526396,1199.753092,16.99321,3.48123,0.150438,65.09854,-126.3002,0.24378252,0.0,No,No,Terrestrial-like,ML-Host-4853,0.610016,0.66231,4574.766,0.17309835
3066.141616,214976.204,589.417,17.71239,61.70691,13.0888,13.2627,637.31837,504.865205,769.771536,3229.57322,14.350812,10.52616,0.207829,16.68035,-133.8188,0.20748493,17.0,Yes,No,Gas-giant-like,ML-Host-4857,0.989003,0.965831,6077.05,1.14622167
4318.168138,166319.826,1792.54,41.67515,83.25506,11.2458,10.3662,411.522144,287.83665,535.207638,1405.510797,21.29238,0.0139,0.300556,1.21068,-67.9677,0.03128629,17.0,No,Yes,Gas-giant-like,ML-Host-4858,1.40582,1.444691,6705.602,3.80185652
125.995941,48004.579,2175.254,14.59678,26.47097,20.7207,20.1379,3685.080717,2631.661865,4738.499569,40124.2097,6.678912,0.42379,0.28586,44.61999,-162.9129,5.9941917,2.0,Yes,Yes,Neptune-like,ML-Host-4859,1.238644,1.308753,6534.826,2.81414217
191.48265,67051.489,1213.125,11.37047,27.61171,18.3895,17.3739,3194.950454,2538.005552,3851.895356,37278.49628,6.232624,14.1031,0.20562,108.71266,-170.7364,2.70384009,0.0,Yes,Yes,Neptune-like,ML-Host-4861,0.935178,1.026605,5905.52,1.15487309
0.018033,2838.651,1505.706,0.59747,1.30231,276.7511,278.513,5021.364273,4415.714744,5627.013803,119320.5719,3.060353,1.41565,0.120615,107.44675,-187.5264,6.75727292,0.0,No,No,Terrestrial-like,ML-Host-4863,0.354367,0.397139,3560.373,0.02283294
625.656079,84706.331,1966.027,23.27929,44.40611,17.6198,19.1802,1485.359536,699.7535,2270.965571,16737.15796,6.453793,30.16948,0.5289,155.66102,-219.246,10.50750233,4.0,No,Yes,Gas-giant-like,ML-Host-4867,0.466176,0.56485,3657.234,0.05142465
31.649716,33474.838,1611.446,7.54047,15.88761,12.655,13.6415,424.874733,373.026072,476.723393,2258.036539,13.683434,5.84773,0.122033,179.7658,-95.5569,110.6591091,1.0,No,Yes,Super-Earth-like,ML-Host-4874,0.599431,0.684793,4607.929,0.19047426
0.740931,6651.11,4809.465,4.47152,5.45349,1450.6386,1384.1327,90.339516,84.497782,96.18125,155.57283,42.228843,14.20393,0.064664,172.89225,152.3224,0.0,1.0,No,No,Terrestrial-like,ML-Host-4879,1.213904,1.079636,6633.391,2.03325477
0.290771,4624.937,5613.524,3.62916,4.0969,1489.4332,1365.9957,96.73783,79.029022,114.446637,333.218605,21.112141,5.2107,0.18306,172.55909,-141.814,0.42901692,1.0,No,No,Terrestrial-like,ML-Host-4880,0.324899,0.358901,3394.268,0.0154038
0.353627,5282.729,4581.12,3.38294,4.22743,1973.9221,2113.8988,180.43285,120.058639,240.80706,403.288982,32.53602,9.05555,0.334608,8.98299,74.8442,0.03135374,0.0,Yes,No,Terrestrial-like,ML-Host-4882,1.439238,1.297113,6904.181,3.44428385
185.228341,62411.808,1455.153,12.6952,28.14837,18.2023,17.8076,7160.062801,2908.482259,11411.64334,138081.6864,3.770908,5.09193,0.593791,82.2214,-210.0966,0.0,7.0,Yes,No,Neptune-like,ML-Host-4884,0.767179,0.937929,5132.363,0.54992543
87.858999,59179.575,809.603,6.69743,19.90857,13.1172,14.1812,200.234197,199.806084,200.66231,624.469218,23.318059,8.2637,0.002138,20.51838,-31.2852,9.11489166,3.0,No,Yes,Neptune-like,ML-Host-4885,0.820373,0.848156,4840.151,0.35569821
19.313887,17134.822,7332.166,17.56209,17.34714,8768.4046,8699.6611,38.39016,37.056457,39.723863,53.107198,52.569241,1.84792,0.034741,172.59227,269.3215,196.968846,1.0,No,No,Super-Earth-like,ML-Host-4892,0.799413,0.799595,5797.78,0.65085114
0.018923,2320.942,2890.654,0.93783,1.47535,105.4719,110.1772,11967.82966,11765.88355,12169.77576,352672.7733,2.467793,0.37198,0.016874,124.28992,-281.418,1.17e-05,0.0,No,No,Terrestrial-like,ML-Host-4893,0.549188,0.573583,4033.05,0.07841915
692.733405,85146.895,2143.192,25.50905,46.60489,9.5597,9.199,522.36743,292.90695,751.827909,3848.369799,9.871075,4.27376,0.43927,7.19842,-179.0255,4.52964279,9.0,Yes,Yes,Gas-giant-like,ML-Host-4895,0.383525,0.493606,3886.373,0.05007644
660.351537,92229.87,1607.54,20.72515,43.72045,5.8322,5.4205,450.214101,319.849469,580.578733,1898.68847,17.243704,9.12338,0.289561,163.63434,-105.1085,0.00324231,4.0,No,No,Gas-giant-like,ML-Host-4896,1.008715,1.002138,6232.574,1.36527364
0.00557,1596.182,2615.787,0.58365,0.9652,49.5745,48.7178,11967.82966,10323.46378,13612.19553,344854.5406,2.52374,23.2517,0.137399,107.09548,-200.0061,59.68195499,0.0,No,No,Terrestrial-like,ML-Host-4904,0.574371,0.724636,4112.082,0.13526403
151.343446,73005.654,742.84,7.58082,23.52537,-8.7603,8.8733,1810.524455,1737.059241,1883.989668,15712.14289,8.37981,6.77206,0.040577,47.85665,-212.0036,4.2e-05,2.0,Yes,Yes,Neptune-like,ML-Host-4906,0.95799,1.120768,5069.868,0.7476741
0.339942,5194.193,4632.884,3.36383,4.18,29.7179,28.0032,234.11143,191.60738,276.61548,718.186535,23.705577,3.8772,0.181555,30.05241,-66.1914,0.00032927,1.0,No,No,Terrestrial-like,ML-Host-4913,0.991315,0.922657,5855.716,0.90176825
0.273069,5442.003,3235.919,2.46162,3.66007,30.0274,30.5972,266.66434,200.710423,332.618257,965.840393,20.078199,7.20627,0.247329,29.22298,-109.8945,0.0,0.0,No,No,Terrestrial-like,ML-Host-4916,0.810033,0.860262,5213.241,0.49247829
8.529098,17296.406,3148.015,7.61127,11.47378,17.6705,17.5956,32.877484,28.147045,37.607922,31.928756,74.882743,0.6004,0.143881,29.13895,519.9211,30.15407784,1.0,No,Yes,Terrestrial-like,ML-Host-4918,1.389153,1.140666,6667.982,2.31733661
0.475711,5716.603,4863.29,3.88627,4.71341,742.6831,758.3366,29.800117,28.745335,30.8549,41.752112,51.904462,7.66381,0.035395,169.86597,102.8283,0.0,0.0,No,No,Terrestrial-like,ML-Host-4923,0.604944,0.629011,4516.256,0.14829446
0.106232,3429.94,5028.004,2.41072,2.87552,1360.6125,1239.645,61.723825,56.874717,66.572933,90.322622,49.696004,12.54539,0.078561,158.7969,219.4629,0.02224404,0.0,No,No,Terrestrial-like,ML-Host-4925,1.14864,1.060584,5946.155,1.26686305
66.798481,42033.803,1717.797,10.09334,20.59761,27.8363,28.1454,247.963072,223.780638,272.145506,942.461072,19.133251,12.03097,0.097524,68.25587,-132.5246,0.0,1.0,No,No,Neptune-like,ML-Host-4926,0.683995,0.705798,5024.681,0.28608159
2117.729501,156799.991,1049.141,22.99557,60.04752,4.0575,4.0895,389.602672,269.01561,510.189734,1860.273428,15.230365,1.92108,0.309513,170.33749,-134.0973,30.1527594,9.0,Yes,Yes,Gas-giant-like,ML-Host-4927,0.680974,0.767372,4841.296,0.29144293
28.871881,33479.273,1469.428,6.87684,15.17338,6.2185,6.7535,2980.323678,2193.430722,3767.216633,33452.71696,6.478839,8.07696,0.264029,85.47293,-211.1668,0.00641738,3.0,No,Yes,Super-Earth-like,ML-Host-4928,0.94264,0.928025,4904.895,0.44908939
204.848678,54577.05,2406.603,18.36026,31.65515,28.6362,29.7658,7373.023745,7144.121212,7601.926278,147778.8862,3.62826,3.79528,0.031046,32.33825,-246.5916,2.74e-05,3.0,Yes,Yes,Neptune-like,ML-Host-4929,0.731359,0.838873,4797.699,0.33590696
7.651941,23972.15,1060.845,3.55487,9.23135,27.5947,26.8055,3434.230453,1791.491756,5076.96915,49561.88795,5.039028,4.46087,0.478343,95.5319,-188.4146,0.0003305,3.0,No,Yes,Terrestrial-like,ML-Host-4931,0.657069,0.757106,4509.567,0.21357348
27.3296,33220.17,1423.735,6.61143,14.82001,8.7383,9.2573,4208.644782,3667.046244,4750.243321,67509.45915,4.533596,7.78806,0.128687,42.78202,-208.9767,8.21259477,1.0,No,Yes,Super-Earth-like,ML-Host-4935,0.651803,0.74482,4476.46,0.20069466
7.361832,15309.418,3918.422,8.3856,11.33043,2122.151,2218.3143,82.215363,57.423309,107.007417,190.085702,31.45348,2.17751,0.30155,159.62897,-31.2527,0.00140948,0.0,Yes,No,Terrestrial-like,ML-Host-4938,0.612884,0.692349,4278.36,0.14469503
15.00126,17453.274,5388.879,13.14739,15.1481,11.3848,12.5224,339.320967,223.774201,454.867733,2335.104944,10.567432,1.21933,0.340524,19.38062,-188.5823,0.62811341,0.0,No,Yes,Super-Earth-like,ML-Host-4940,0.285521,0.399928,3273.288,0.01654224
0.956726,8783.61,2696.309,3.3106,5.3925,-25.6399,27.8051,215.871095,213.7078,218.034391,758.164791,20.705993,0.30116,0.010021,27.28495,-96.5676,0.0,0.0,No,No,Terrestrial-like,ML-Host-4941,0.697388,0.709194,4601.964,0.2032345
2118.422437,213584.998,415.242,12.39758,51.4581,14.7678,15.087,2502.171884,2499.688082,2504.655685,33292.12594,5.465637,5.42439,0.000993,51.85253,-222.4868,2.48e-05,9.0,No,Yes,Gas-giant-like,ML-Host-4943,0.563231,0.573126,4213.425,0.09326867
45.994475,23101.343,7125.172,23.00896,23.0551,32.5098,35.5965,52.679236,49.418491,55.939982,60.672351,63.141344,3.60325,0.061898,25.3368,461.3703,0.00526284,1.0,No,No,Super-Earth-like,ML-Host-4946,1.582542,1.475552,7368.105,5.78131641
1.82587,6978.283,10261.847,10.0101,8.35783,12.7664,12.6913,456.489098,369.006508,543.971687,1680.608382,19.752818,0.71639,0.191642,20.45732,-42.7965,31.60603496,1.0,No,No,Terrestrial-like,ML-Host-4947,1.342075,1.278378,6832.405,3.20854172
1.228254,8052.769,4492.147,5.05666,6.38123,17.4721,17.341,234.878049,211.560323,258.195774,734.819576,23.244858,8.37389,0.099276,164.22866,-87.9648,0.0,0.0,No,No,Terrestrial-like,ML-Host-4948,0.956278,0.945154,5422.754,0.69595234
222.789084,69215.063,1283.197,12.41533,29.3143,21.5128,20.5169,4215.349149,3243.853616,5186.844682,72055.52466,4.254333,3.5829,0.230466,86.99311,-256.7122,0.10139547,4.0,Yes,Yes,Neptune-like,ML-Host-4949,0.57489,0.733279,4304.71,0.16634465
0.470004,5381.987,5758.044,4.33193,4.8285,435.9865,400.1487,20.180219,17.335831,23.024607,22.330037,65.720614,8.19737,0.140949,149.08005,243.8479,4.01962534,0.0,No,No,Terrestrial-like,ML-Host-4952,0.656776,0.673831,4608.102,0.18445252
21579.12181,359047.347,890.389,44.68853,126.67003,8.0535,8.963,312.318454,226.200757,398.436151,1260.189149,18.023,1.61124,0.275737,1.96645,-126.7057,0.00381739,16.0,No,Yes,Gas-giant-like,ML-Host-4957,0.764434,0.777713,5188.604,0.39494411
1.096741,6280.998,8453.172,7.42186,6.82764,1286.902,1421.4626,76.788223,35.06139,118.515057,116.742507,47.833348,15.29018,0.543401,16.60245,173.0098,0.0,0.0,No,No,Terrestrial-like,ML-Host-4963,1.323867,1.059153,6826.223,2.1944944
0.720766,7467.592,3305.627,3.45063,5.07621,15.8398,15.3723,301.177653,241.164791,361.190514,1201.46365,18.229606,0.23358,0.199261,13.90088,-104.5538,0.00077422,0.0,No,No,Terrestrial-like,ML-Host-4969,0.754163,0.813012,5483.064,0.53824747
1.08377,7365.093,5180.886,5.33392,6.26776,-28.2027,28.3399,300.352075,292.290086,308.414065,1345.447171,16.234135,2.64948,0.026842,36.00133,-130.998,52.84781428,0.0,No,No,Terrestrial-like,ML-Host-4972,0.596454,0.643093,4532.439,0.15724269
8.788876,12999.126,7641.739,13.88579,13.43515,11134.7382,12163.8456,11.589896,4.565532,18.614259,7.929756,106.288161,0.84339,0.606076,5.12205,683.0232,41.73671741,2.0,No,No,Terrestrial-like,ML-Host-4977,0.986592,1.055125,5162.876,0.71263849
39.245219,41276.425,1065.815,6.14962,15.93218,8.8884,10.2011,11435.44086,7812.79611,15058.08561,210935.9757,3.942461,12.28367,0.316791,92.70325,-251.4858,0.67274264,1.0,Yes,Yes,Super-Earth-like,ML-Host-4980,1.339294,1.149692,6517.963,2.14934062
4.677839,12645.205,4418.441,7.81015,9.93785,8166.7566,8634.7683,49.326336,43.096295,55.556376,54.294992,66.06695,8.61539,0.126303,178.84628,458.558,0.0,0.0,No,No,###,ML-Host-4981,1.622316,1.46892,7283.577,5.471041
560.594199,98019.703,1136.867,15.57713,39.07513,12.6253,13.4483,11967.82966,10435.02881,13500.63051,218478.583,3.983563,2.22729,0.128077,174.82165,-219.6271,0.0,13.0,Yes,No,Gas-giant-like,ML-Host-4988,1.431024,1.423269,7155.447,4.78427133
0.381612,6647.186,2481.474,2.30575,3.91494,54.611,51.3591,92.292365,89.786865,94.797865,188.157467,35.670524,1.14576,0.027147,19.04858,75.0152,0.01968996,0.0,No,No,Terrestrial-like,ML-Host-4993,0.884857,1.058498,5372.548,0.84100019
410.681274,109223.155,601.952,9.19054,31.68312,10.8611,10.5689,1309.247064,890.306927,1728.187201,10773.97281,8.837123,14.87621,0.319986,17.97171,-188.7223,0.27431198,3.0,Yes,Yes,Gas-giant-like,ML-Host-4998,0.770427,0.968923,4925.143,0.49767803
